citation_id	path	line	line_sha256	roles	contract_ids
A0001	compiler/src/codegen/js.rs	1085	d71b305962456d46685b09b12d1c758cbdb630bd3d7a48f31f764a6b6944c618	observed_evidence	AD-csv-product-map,AD-ui-collections
A0002	compiler/src/codegen/js.rs	1169	53b1b83cffa21d27ea17841d1fdb580ef1efea447bb303bed019150871794c67	observed_evidence	AD-ui-form-installed-gap,AD-ui-forms-render
A0003	compiler/src/codegen/js.rs	1771	8be43e9e95afa27f14b9891b3a113c7ee069a6689bc8ba07a5c143377a1817b6	observed_evidence	AD-ui-component-renderers
A0004	compiler/src/codegen/js.rs	3337	cbf8b0ac068201c9f6c2329c08c937e98bad587a526daa4687b1e56e71b50f39	observed_evidence	AD-ui-shell,AD-ui-shell-missing-join
A0005	docs/ideal-filetree-plan/finished-product/FP.IDENTITY-CONTRACT.contract.md	3	ea00a80dee8a9451f757d2fe82335d357ddddb4249903bbc4f7c415e54605010	authority	AD-identity-atomic-gap
A0006	docs/ideal-filetree-plan/finished-product/reviews/product.md	15	5e926aeaba332de7a162858427d18aa2d17d38230ff06e3702a872d6b8dc1a2a	authority	AD-identity-atomic-gap,AD-identity-login-presession,AD-presession-origin-gap
A0007	docs/ideal-filetree-plan/finished-product/reviews/product.md	20	3e50c18d9d582fd84b50f98878b4dcdbddbebd729f70a3c3faa57eed868b9bf8	authority	AD-export-download-gap,AD-interfaces-export
A0008	docs/ideal-filetree-plan/finished-product/reviews/product.md	22	8ca3fc67d6e80642c795eb2a1771252a549c6705a33ceb53a9aad01fedfdd148	authority	AD-ui-policy-review
A0009	docs/install.md	12	d631a3e94eab9d3a9dd3e40505c43b2f254592ba5d5561bd5be20d97f6ea55a0	authority	CF-C08,CF-C33
A0010	docs/install.md	44	948686f99b2dbf37833dc7fb1248267be9dd443109c62c151ce49a5ded68efd5	authority	CF-C08
A0011	docs/install.md	61	58730e0f9cdb6e81d15b365df13d23328abc47ae07229cc841fd53b464914449	authority	CF-C03
A0012	docs/research/package-library-audit-20261006/adoption-sequence.md	67	56ef4ee8cf93b0d1c7bd220e8ec15762f5f5258a4978a216980e8415c92f6306	authority	vv.number-diagnostics
A0013	docs/research/package-library-audit-20261006/adoption-sequence.md	81	45687a9bcf10f376441bbea7f7b6b963dac90506f068ff95d3b1add94b382659	authority	vv.number-diagnostics
A0014	docs/research/package-library-audit-20261006/adoption-sequence.md	93	8353ca42d723358a6d2ebb62b9d32c5eff2a60923e5a15e71bbdd53d16ccaa88	authority	vv.string-diagnostics
A0015	docs/research/package-library-audit-20261006/adoption-sequence.md	99	74e71f8138e1720bbb7bbf6e78f88a43eb3f44ae44d6a47be6a3964577230a0a	authority	vv.native-astral-truncation
A0016	docs/research/package-library-audit-20261006/adoption-sequence.md	105	01a68cd05c4b6e21151e18c629c656e33f96c9006f585ffc78ccf86974b1ee42	authority	vv.errors-prose,vv.no-retry-rollout
A0017	docs/research/package-library-audit-20261006/responsibility-callers/README.md	79	832c120596ba317b287dd7d7d29fc8aa05a6589f04a9ec07d2c51af22609682f	authority	CF-C24
A0018	docs/research/package-subsystem-ports-20261006/evidence/implementation/exact-values/core/n01-rust-str-escape.json	4	4cd402b3bf35a72e5b719cfe8de108b8cfd4de0cf3d4f2ecd2d29a3a2c9e8b00	observed_evidence	vv.native-astral-truncation,vv.no-retry-rollout,vv.string-diagnostics
A0019	docs/research/package-subsystem-ports-20261006/evidence/implementation/exact-values/core/n01-values-number-text.json	5	73f3b51d349dd747f0359d4f36ff357d0194bb5cbac7afa35f8b75a24af31241	observed_evidence	vv.exact-transport,vv.no-retry-rollout,vv.number-diagnostics
A0020	docs/research/package-subsystem-ports-20261006/evidence/implementation/shared/transport-contracts.json	1	a6286e335308d131e9a4eff98b96bb6ea645beefed0d6385f7edf450b1aeadda	authority	vv.structural-carrier,vv.structural-mint-budget
A0021	docs/research/package-subsystem-ports-20261006/evidence/input-validation/abi-decisions.md	38	f6b53c91ce879254266aae94e3da86bcca4e898630992de76f3139d75533f490	authority	vv.structural-carrier
A0022	docs/research/package-subsystem-ports-20261006/evidence/input-validation/abi-decisions.md	66	91544495b84a496276b832df878f8a2990c500fa96864cfd0062f03e9625dcd0	authority	vv.default-identity
A0023	docs/research/package-subsystem-ports-20261006/evidence/input-validation/abi-decisions.md	78	9242271b610954d70886748d9f9a7b4b8a7c4158bd45026e05d1ff0390acda07	authority	vv.structural-mint-budget
A0024	docs/research/package-subsystem-ports-20261006/evidence/input-validation/abi-decisions.md	101	048e246bb82abedf6163b7e719056f138b9d323b0e96355e9ab6ce58dd73a367	authority	vv.structural-mint-budget
A0025	docs/research/package-subsystem-ports-20261006/evidence/input-validation/contracts.md	29	d6ccaa7dddd27460e2faaa06071beeecfdbbe14cef08becd7769038a99775664	authority	vv.schema-undefined-order
A0026	docs/research/package-subsystem-ports-20261006/implementation-plans/README.md	5	7bbf244b1f85c8e8edfd495c61cb215e5581c5458a05b71a3d5ef53e190971c3	authority	CF-C29
A0027	docs/research/package-subsystem-ports-20261006/implementation-plans/artifact-preparation.md	9	7a9844d86091e2270541878e0ef5783ecfb22eafc43a9feec5b1ec17c3afd516	authority	CF-C01,CF-C02,CF-C07
A0028	docs/research/package-subsystem-ports-20261006/implementation-plans/artifact-preparation.md	11	3749b1937a079d8bb2073bf5bfc9e6cd9763e5089722bfbf079f484dd28190cd	authority	CF-C03,CF-C06
A0029	docs/research/package-subsystem-ports-20261006/implementation-plans/artifact-preparation.md	25	3a29218aa5a8679637a61235b1f580b82678780d038f9d90c48358f65cbea0d5	authority	CF-C18,CF-C19
A0030	docs/research/package-subsystem-ports-20261006/implementation-plans/artifact-preparation.md	76	d2410df92fd11ae87e62784a16a83739375e4fd17ca1c9323be24f3260daae7d	authority	CF-C31
A0031	docs/research/package-subsystem-ports-20261006/implementation-plans/artifact-preparation.md	80	4875f5eff303141b87ac5348da649510688830fce602c24ee33ac24fede5c9fd	authority	CF-C30,CF-C31
A0032	docs/research/package-subsystem-ports-20261006/implementation-plans/artifact-preparation.md	84	08f55b0eaa4e359c90394656289b158958079b890c7d5f26e8e72cacdc288266	authority	CF-C29
A0033	docs/research/package-subsystem-ports-20261006/implementation-plans/artifact-preparation.md	90	8f1bdce28e461141e470916874152a37b6cab6e76dce3d2d2b5bb9c521229617	authority	CF-C05
A0034	docs/research/package-subsystem-ports-20261006/implementation-plans/artifact-preparation.md	97	f325a6b7f4e44856893f62587e04950e511e07c35d4618a55b320ee0170a32ea	authority	CF-C13,CF-C20
A0035	docs/research/package-subsystem-ports-20261006/implementation-plans/artifact-preparation.md	156	5e8e39acb7cc522b92ce863ea2b609663736c874478f83239a7a83f0131dd48f	authority	CF-C32
A0036	docs/research/package-subsystem-ports-20261006/implementation-plans/artifact-preparation.md	157	c4419889dcbe7bc8bc1fa584a701312fd84b6c3f2a01b63f307aa0d80326f491	authority	CF-C08,CF-C33
A0037	docs/research/package-subsystem-ports-20261006/implementation-plans/exact-values.md	31	b5ef2d873ffb9c9a54701afb01f1c428ddb77e2922eaedbfbc0d261ed4ead6cd	authority	vv.extrema-identity
A0038	docs/research/package-subsystem-ports-20261006/implementation-plans/exact-values.md	39	fea2b22ca72fe1d9132193abccc0122c37ab457c0ab07450ff7778812a64c38c	authority	vv.aggregate-pass-order,vv.money-guard-asymmetry,vv.raw-bigint-domain
A0039	docs/research/package-subsystem-ports-20261006/implementation-plans/exact-values.md	347	14d3cc89fda504d3656b4754b395812f033e3f743c70eaf896766d410c99825c	authority	CF-C36
A0040	docs/research/package-subsystem-ports-20261006/implementation-plans/input-validation.md	9	53f2c26361e36efbaf384372c998d98f39776b6e723312be968ba9dc320c1d69	authority	SW-014,vv.legacy-traces,vv.prepared-gate
A0041	docs/research/package-subsystem-ports-20261006/implementation-plans/input-validation.md	11	d5fab8c49561586d9709b3aa4634ba4273e19c4bc5a80944ba6aae64fd3c84a0	authority	vv.owned-body
A0042	docs/research/package-subsystem-ports-20261006/implementation-plans/input-validation.md	30	f9270184154ee83836fd562a5733d231dc65038d1b872a64e52625f789d00f1a	authority	SW-022,SW-025
A0043	docs/research/package-subsystem-ports-20261006/implementation-plans/input-validation.md	31	92c7988a42c96feb4209288113ee9e17b291c14748dc0b3884e904edf010c79a	authority	SW-024,SW-038
A0044	docs/research/package-subsystem-ports-20261006/implementation-plans/input-validation.md	32	9b979b16fe09b129da7545fe0c2375da9dceb08e1cc62884a85b13bb122337c7	authority	SW-009
A0045	docs/research/package-subsystem-ports-20261006/implementation-plans/input-validation.md	33	8d882d13cca6b2cdddbe174715e5a3e06cf2c054cf9c52f1f266213fde3a503e	authority	SW-020
A0046	docs/research/package-subsystem-ports-20261006/implementation-plans/input-validation.md	46	1aafaa5f1d93bed2279d6062b99cd5b8d7d35dd8654753792a2983a147ea5e68	authority	vv.structural-carrier
A0047	docs/research/package-subsystem-ports-20261006/implementation-plans/input-validation.md	47	3087cf56184a4245565362a017839bdec70f0fe711a1851b78c69437443d1860	authority	vv.errors-prose,vv.native-profile-stages
A0048	docs/research/package-subsystem-ports-20261006/implementation-plans/input-validation.md	48	b9ae14ee6fdd72b2397b37c1101cdce75ea166ef01b26daedee0372ec92dc24e	authority	vv.array-empty-identity
A0049	docs/research/package-subsystem-ports-20261006/implementation-plans/input-validation.md	49	36dadb746d17c7da0c2408dbed76128d254e2bbeefce08f32f2659b1187c017f	authority	vv.bootstrap-integrity,vv.no-retry-rollout
A0050	docs/research/package-subsystem-ports-20261006/implementation-plans/input-validation.md	67	a40ccc986fb14483c391665548cf3b2b5097d0483afacd3d66bcff31106a02d0	authority	vv.plan-owner-lifetime
A0051	docs/research/package-subsystem-ports-20261006/implementation-plans/work-transitions.md	103	29dc53427cdb43802e9c91fdab4a63f1b86429b98d256ddb4aca9c7390672ade	authority	SW-083
A0052	docs/research/package-subsystem-ports-20261006/implementation-plans/work-transitions.md	110	145fc04449bec95527823cde6bd66dd26f488708edb88ba296d04c6750a45b4a	authority	SW-086
A0053	docs/research/package-subsystem-ports-20261006/implementation-plans/work-transitions.md	112	0252791b5564d8f6252de1b033bb50d50709639577c301745395f26fc50d0895	authority	SW-084
A0054	docs/research/package-subsystem-ports-20261006/implementation-plans/work-transitions.md	114	1e95192288b01209dbe53481f15f91cac1886725bdbfe397198c86f48d7313f3	authority	SW-064
A0055	docs/research/package-subsystem-ports-20261006/implementation-plans/work-transitions.md	116	aae21453e462c76a39319a295dccda5bb46e8866e5d0a2937f5bb7e258ce364c	authority	SW-085
A0056	docs/research/package-subsystem-ports-20261006/implementation-plans/work-transitions.md	124	d2221090401ae96d8a7476b51e9d127d2a6a41526e7249625fe91562cd9d0668	authority	SW-062
A0057	docs/research/package-subsystem-ports-20261006/implementation-plans/work-transitions.md	127	2de508c1fa42eb3049d7230737c935bafba944441600b8a31e3b557c481e4dba	authority	SW-007
A0058	docs/research/package-subsystem-ports-20261006/implementation-plans/work-transitions.md	131	245b46a8f233894c85f83c573aa9147afa3a23ce3e7eb80a0fa6818d28104c32	authority	SW-041
A0059	docs/research/package-subsystem-ports-20261006/implementation-plans/work-transitions.md	133	44a750b6aad740451751b93405810bd48c65e16462e0a7c0c3244d2a220204a4	authority	SW-061
A0060	docs/specification/DECISIONS.md	703	b428bb19b3b7e9a14a8a4aab6a5d8797a95de79764ce7d27bb58dd8f65dde0fb	authority	SW-072,SW-092
A0061	docs/specification/DECISIONS.md	710	9eaeba7ecd3a54c99fe1fb240d52d1f414f25cef77eff266edb77d945a5436d9	authority	SW-026
A0062	docs/specification/DECISIONS.md	754	25180148e03d679cdf7c77567a9a0ef39398035f35b1caf13982dd2f824875fd	authority	SW-065
A0063	docs/specification/DECISIONS.md	768	fb72c1e62c5d82763208f20441a4f695ff5466acd83105b382bdc2c84873a797	authority	SW-067
A0064	docs/specification/DECISIONS.md	788	ec0430b81fb6dd024f7bdd2ca7e1b86f1ae8de2354bf6229b87a251ff9badd10	authority	cv.reference
A0065	docs/specification/DECISIONS.md	839	bd34a7462a5a40684087ba49e3ea5a42814842184af9dd5b990e8caa6ea4a49e	authority	vv.no-retry-rollout
A0066	docs/specification/DECISIONS.md	929	91ad08d2347de346f8a01f44a12698a1b4bfa1fd48ec16d51dde4ffd0d4ed5d1	authority	SW-022,SW-088,cv.package-api
A0067	docs/specification/DECISIONS.md	931	7b4eccc5f7345b7295ece6aa86b022b73b5888827f2c8df718df30e8c8e6bf98	authority	SW-074,SW-088
A0068	docs/specification/DECISIONS.md	933	22091f0b3953ff1db5a1afbe2f88a7d9574e2a938e797465896f1aa2ed63383c	authority	cv.distribution,vv.generated-integrity
A0069	docs/specification/DECISIONS.md	1007	0ad8c7a0f42392dc159ee15f67f2fa53282b6e94591d623080b672837fa3a7fb	authority	SW-085
A0070	docs/specification/DECISIONS.md	1011	1c07b8748d079605c2e3b9572ca31f63b26e83f7a6cc3834f2e71080fd316cbb	authority	AD-ui-form-installed-gap,AD-ui-shell-missing-join
A0071	docs/specification/DECISIONS.md	1274	4e6ad2ba90944aed6fdaff7b0aa0f7e817dd2fa72c1020f56a3bdcf48d07765a	authority	vv.icu-syntax-residual
A0072	docs/specification/DESIGN.md	103	ae54682131a948ff103cd2fcbf6603ea93342c101a255e5af702bb4b61310ad5	authority	cv.state-storage
A0073	docs/specification/DESIGN.md	107	840e19c7bd923589a6d094fd95a506d4045db478cff600e01afd78593f0056c1	authority	cv.value-shapes,vv.decimal-representation,vv.int-result
A0074	docs/specification/DESIGN.md	109	97b5de4cef3d860c1f59f57c162c18113b49181b642afd07a3274d8137a363e1	authority	vv.wire-stringlike
A0075	docs/specification/DESIGN.md	110	2de17a13a576241ca2d5d4027b5736e8ae676a916e4c71e22f79ba0655cc4c96	authority	vv.locale-fallback,vv.wire-stringlike
A0076	docs/specification/DESIGN.md	111	c6fcc8358e3d27d775e254acf96f8d8226695ac828e400551c76ce3c98147156	authority	vv.instant-duration
A0077	docs/specification/DESIGN.md	112	00841fb772ef77f9a413c9ab30fec806fa42cf93127469dc9b3086abb4106cf3	authority	vv.money-policy
A0078	docs/specification/DESIGN.md	113	111f32d95ff794727c8fbb67927433a03e4d0c2eece6de6442c9cb36d63bd641	authority	vv.reference-carriers
A0079	docs/specification/DESIGN.md	116	4786333be0018ce4ab369a8fcc95c065b2b205abb0beb1f9b358b4fec3507133	authority	vv.action-invocation,vv.reference-carriers
A0080	docs/specification/DESIGN.md	118	e8357666672428d7d005ee3a8822e811005bb9a15a8fdf69f77f4ea8c0c1ef6b	authority	vv.opaque-json-bounds-gap,vv.secret-refusal
A0081	docs/specification/DESIGN.md	119	70e5f0358cae583b396bdabed85d07233132b6a355fc4c623899c18438b39f48	authority	vv.array-order
A0082	docs/specification/DESIGN.md	121	a8940d7766b70959afd5bed5bb55cc19e784116aba0e77b209486228dbd0f5fd	authority	vv.schema-normalization
A0083	docs/specification/DESIGN.md	125	8b71737f6963239fc8235492a1555783eacfe31f037ec0dcadc4f6d8103a0702	authority	vv.schema-defaults
A0084	docs/specification/DESIGN.md	128	338a3b58124fea4a879852ab2cb01ed08e1e9845acf36de1bd06d0fb484a1dc9	authority	vv.array-omission
A0085	docs/specification/DESIGN.md	129	1fe89e713589ab2443df8868b40e16f08ee1f98433cf0883fe9b34518b16e695	authority	vv.secret-refusal
A0086	docs/specification/DESIGN.md	131	ae4ada57c3a03ddc6a1510a7b10fcc62347c12c30aa0a5810e661fbbd119e94b	authority	vv.array-omission,vv.schema-defaults,vv.schema-normalization
A0087	docs/specification/DESIGN.md	133	95bdc26b626b1939c530e0edbafc11061e7ec25ae29aacc2fe362f43a97be85c	authority	vv.schema-defaults
A0088	docs/specification/DESIGN.md	135	9502b7a6adb81a65f1bfbd5e5df79619e9ece5f2319d2f8a136e8363cb2be71c	authority	vv.schema-initializer-order
A0089	docs/specification/DESIGN.md	139	c871884062af815a7577a4137fe6b35bc8bdbe2c79472a6e3c9ef4b16662563f	authority	vv.types-grammar
A0090	docs/specification/DESIGN.md	155	71d1388c816ef3a3a7170a13ac69e03df88314c60cfd99e7168a899eecb166b9	authority	SW-024
A0091	docs/specification/DESIGN.md	165	1bc4125eeeff52e5b047f51958883327b11666776f1fb8c76d100cc8d25667d0	authority	vv.array-order
A0092	docs/specification/DESIGN.md	182	0873de3880b202783ba4923ffcf148d5bed0d81990a5406a4022504eb4e6f28a	authority	vv.aggregate-final,vv.array-predicates,vv.extrema
A0093	docs/specification/DESIGN.md	215	284b7e846e2bec052bbf75a2c3ce59be6bece09ea4e767c2a4216f6ee4b43816	authority	vv.extrema,vv.money-currency,vv.text-scalar,vv.typed-equality
A0094	docs/specification/DESIGN.md	217	2cf121ea3cbbee9f861f5d54a10696517ab50025e5255543fc15ccb83ac6b99e	authority	vv.datetime-constructor-domain,vv.instant-duration,vv.int-result
A0095	docs/specification/DESIGN.md	219	ea413b65113cf734a2fc206222ee714dff59f4b80461bab2af2cd61d8deb1b39	authority	vv.aggregate-final,vv.decimal-math,vv.decimal-representation,vv.errors-typed,vv.money-policy
A0096	docs/specification/DESIGN.md	221	31b4e28622eca57f15c3f4b290af807845aed8b9d52aa234e72e4d52b11b34d9	authority	vv.catalog,vv.dispatch
A0097	docs/specification/DESIGN.md	223	13867028b797dab627da1c8a21b5583aa3bd003936f7595af57542b24c6af3cd	authority	vv.array-order
A0098	docs/specification/DESIGN.md	224	813577d419c2a61b03024ad2c365ab66856754daf51cc921ee5c8ab3c420ff2e	authority	vv.plain-format
A0099	docs/specification/DESIGN.md	225	9b1def121ca544163de80d9788b31e202e641858b07531eb0b42affb67227970	authority	vv.date-range
A0100	docs/specification/DESIGN.md	226	75991bc64a0d2c00507a5753462ce3411a39e401d9833c2962019d8a1b85e7d2	authority	vv.temporal-civil
A0101	docs/specification/DESIGN.md	227	bab9e8f42bece1f73c59c741a84548bd09271e1c82f23932656e410ca00b4f18	authority	vv.temporal-civil,vv.zone-data
A0102	docs/specification/DESIGN.md	228	6efcc157bad9c9d198f63877a75a9ba10c26982675f4e61f85e8b50887a93c43	authority	vv.date-range
A0103	docs/specification/DESIGN.md	229	0fb67c2657783b1617b6562464a70b9aa4c64ce4ae49d435a42e5d5b014edb97	authority	vv.local-conversion
A0104	docs/specification/DESIGN.md	230	49105c60c20936715bba3610e1aff2598a5cf4582b505515174f25ca725ba27a	authority	vv.fold-unambiguous-order,vv.local-conversion
A0105	docs/specification/DESIGN.md	231	faf265b4a933caf5340c2533c9208bf2930d46c09abcff601e089180893f272d	authority	vv.money-currency,vv.money-policy,vv.round-operation
A0106	docs/specification/DESIGN.md	232	c0f6dd7bfc94a16075ed0067cfaabeb4f192b8c2d36bbe1da6535f7a69db572f	authority	vv.trusted-url
A0107	docs/specification/DESIGN.md	234	46b57825c0cd522e45e7c04fd06d2ecf15d4454b8f3ab3e387b7f3a2c32a1292	authority	vv.temporal-civil
A0108	docs/specification/DESIGN.md	237	ea02238a33ce4f38049008fa46aa5aa9430e24c9e99084b7a0fe54d8ee6ee26d	authority	vv.plain-format
A0109	docs/specification/DESIGN.md	271	9f69fe3ae54f889882a7d0b4e32d7c4d4905232017f0d20477f90cf3e949bd14	authority	vv.array-predicates
A0110	docs/specification/DESIGN.md	273	eaefaf836622edfbb83fe7356288574db0e4599a55c5da9028afeca4e77550a0	authority	vv.text-scalar
A0111	docs/specification/DESIGN.md	275	657db08fc0393c58ef5d93e4e4d720ac29b29af1ec02e26d9d56df6e2c456e86	authority	vv.plain-format
A0112	docs/specification/DESIGN.md	289	ae225f6e73195a01875f9bcf7de4e59bffe89b1a16205f2685fa841d674f5e31	authority	AD-grant-ttl,AD-identity-account-registration,AD-identity-recovery,AD-interfaces-auth,AD-invitation-ttl,AD-password-policy-knobs,AD-presession-ttl,AD-recovery-ttl,AD-session-ttl,AD-verification-ttl,cv.identity
A0113	docs/specification/DESIGN.md	291	684139320d7dcb4781c9e84178bc9f83962e0144b19fc9f24b2b92e5928555ab	authority	AD-identity-atomic-gap,AD-identity-invitations,AD-identity-live-fence,AD-identity-membership,AD-identity-resolution,AD-identity-revoke,AD-identity-roles,SW-015
A0114	docs/specification/DESIGN.md	295	f899ab282e4edaa572fc298be2c4c8f2ebdf351e9f1ce01f7ba0814e9111178e	authority	SW-015
A0115	docs/specification/DESIGN.md	306	b6b6ed14fcdb50ea24245a92cd6c4d35a7644b7c67dc89794d68a928420f5472	authority	SW-016
A0116	docs/specification/DESIGN.md	308	2510a2c8f97b6487a0d03ac747f5a898e80136410bef001e19733c5443255a25	authority	SW-017
A0117	docs/specification/DESIGN.md	310	c4fd1427a46d44799e8d1ad1f3801f58b66925e0cc3fbaa2fea0b10c592107b2	authority	SW-016
A0118	docs/specification/DESIGN.md	312	38895547e40e26009ee0549881d3a0250db541aa6699348742f4e7dbe5813bc2	authority	SW-017,SW-067,cv.work-observable
A0119	docs/specification/DESIGN.md	314	7ffe4ed00f4824ac75e6ba45086b28f9f388b6299224ef3edae53b20e0cd5be2	authority	SW-018
A0120	docs/specification/DESIGN.md	316	a6891f78b47db0909aadff193c0202d678fd8ee8ff22fc8460f42ea681c55236	authority	SW-030
A0121	docs/specification/DESIGN.md	318	a76dc4b89b5589125e355df8c4271b1f19d4d49434563c34d1dec38dd7b685de	authority	SW-030
A0122	docs/specification/DESIGN.md	320	93d7051c79f28464f8541e67042cf183bd30d908576960e0dcd4c7c4e2ad6b77	authority	SW-036
A0123	docs/specification/DESIGN.md	332	5a6cf5e2e1dc7a851a6140fef91bda03b179b8fa8b68c6c8ffc3388f30596002	authority	SW-026,SW-027
A0124	docs/specification/DESIGN.md	338	46580a61a1deb738641b4b0e62764a5e766c23c631cd28597b68777dc17db54a	authority	SW-031
A0125	docs/specification/DESIGN.md	340	34f4f03c4f1c14ffc164b1597976d44c6ea786eaa56f04885a71e663c17c6618	authority	vv.schema-operations
A0126	docs/specification/DESIGN.md	342	33e02e4fcb5e8de905a1c83c3a35d4655a57047559e635cf43542754567f05da	authority	CF-C22
A0127	docs/specification/DESIGN.md	355	8abea68cd3767d44ac9b43317404eb309911ebafff8692eb2a43ddb37e3c4034	authority	SW-019
A0128	docs/specification/DESIGN.md	362	e5c875828e6e93bd879f203eb369b6b9410e0af8c5f053b9939f6a7eb94b2fe1	authority	SW-033
A0129	docs/specification/DESIGN.md	368	6f7c58e1ffae309dc8d24bd700ede3d0e48679d966b89c84d7ad4153d873b123	authority	SW-018,SW-020
A0130	docs/specification/DESIGN.md	409	39d945c7c7993777a9d86ff7853dc4f288e0deb2a2b3529bd5e77614da8fc4bb	authority	CF-C27,CF-C28
A0131	docs/specification/DESIGN.md	498	1083e45891b990f8708b2c2edabcfa88aa5c423749c31fb7dc11f0fc5faf88e5	authority	AD-testkit-local-scope
A0132	docs/specification/DESIGN.md	506	be507abdf405176ce9bf95b93ddd6ce438a6fcad1fd60913ae557e161fe0af16	authority	SW-015
A0133	docs/specification/DESIGN.md	518	d8ec0bf32d9184dcc70efc4f48ed731686d77e31574352190bdaa74644846ef8	authority	SW-032
A0134	docs/specification/DESIGN.md	520	0833df6354a76c8a9da9da3fa6d95479c3c8b8c924d014038c93e8a5903a78d6	authority	SW-053
A0135	docs/specification/DESIGN.md	524	dfa9707ff68331bc9a16c5ae11fa49e4d81d45e5d8dadfc876948df7551e324b	authority	SW-053,SW-054,SW-055,SW-057,SW-059
A0136	docs/specification/DESIGN.md	526	f69d87d55e68f5dbcc2bf80cd1255d2fffa730d97bbc775b42082a702f16adfe	authority	CF-C25,SW-055,SW-056
A0137	docs/specification/DESIGN.md	549	c5e57e94abf0dc1aaf081efdd12ca3921795c68d5edad3d806b5d0bfb65b0367	authority	SW-001
A0138	docs/specification/DESIGN.md	553	cd7fcf5f59db85d6b9d45ae98931e8aff164633d8a50f6d66a0e232431d71d22	authority	SW-002
A0139	docs/specification/DESIGN.md	556	9f874a7abf1ba6dd046d1f5804a84031af227bd9b57b40128552d779a6d0192d	authority	SW-005
A0140	docs/specification/DESIGN.md	558	bf2475e81a219f7291d7f3780bfaca6c8182bbc999f945504674061bf19fb0a4	authority	SW-003
A0141	docs/specification/DESIGN.md	562	c0e46c1f8c5ff4712f99c844048de0a90d9e66765ec9b5bb8699ed258f492057	authority	AD-interfaces-http-operation,AD-interfaces-version-check,SW-008,SW-009,SW-010,SW-012,SW-028
A0142	docs/specification/DESIGN.md	564	6969a15ce9dd933efe5d46bc02ea42230a71d85eb07c93c5318416bda82d9825	authority	SW-010,SW-011,SW-089
A0143	docs/specification/DESIGN.md	566	e6cc36d7ae7e6a555e34e3ee06c7cc0df298b7cca358f8daf4ddb054fb37ba2c	authority	CF-C25,SW-039,SW-051,SW-052,SW-059,SW-060,SW-061,SW-092
A0144	docs/specification/DESIGN.md	574	5ce671f85287a6e20c2dc333d56dd34cbb625757d05a4ba0014964897fa6c177	authority	SW-090
A0145	docs/specification/DESIGN.md	578	a287d1be0cf1c0b43b38f6e9dfa7ddfad570a246401329010f5577f621ec1d17	authority	SW-090
A0146	docs/specification/DESIGN.md	580	9f74e075dbb9b415a6fba2a2d34b9c54a801b0ef620ac920ddf7f39ad569a181	authority	SW-012,SW-069,SW-089,SW-090
A0147	docs/specification/DESIGN.md	582	a83c5e812900d576d3a6b4a04a2fc356631b38ce63017287a116a4cd28834fe6	authority	SW-091
A0148	docs/specification/DESIGN.md	599	3c30e04ade9ba3dd0ae7c7df33d2d1bcac935dd856556be3897eace82ca9203a	authority	AD-files-upload
A0149	docs/specification/DESIGN.md	601	ce2b70fcc084901645bd7da7f14b2f0408bca52df270ca067dc92335bf2e106f	authority	AD-file-magic-scope,AD-files-attachment-read,AD-files-retention
A0150	docs/specification/DESIGN.md	603	d884de619a0b969c434e4d595bbb884c34e3ffd3ab26b15053ea577b6269ea5c	authority	AD-files-bridge
A0151	docs/specification/DESIGN.md	607	a922871e4831b876ecc7cb8b382e684da7ca634cdd000c6656e4ed982917e5ee	authority	AD-interfaces-uploads
A0152	docs/specification/DESIGN.md	609	514d6facb4e88c78a5a38e2aa04d277cd80461859698a14c2fae9b4fdd9a83d9	authority	AD-files-finalization
A0153	docs/specification/DESIGN.md	615	7af4a496c7e381cad419ab1fc8716dec76b892c7e0fcef4179b28108e9628507	authority	AD-file-retry-encoding,AD-files-provenance,AD-files-provider-output
A0154	docs/specification/DESIGN.md	617	81f36468f8c76944bd039fd45947ab117f037686253fc2602e0c97ac6dbe7326	authority	AD-files-provenance
A0155	docs/specification/DESIGN.md	634	21480b36ef82d4f49ebe6919993df5b3cc9caf6bfec146fa6be8734f223873a4	authority	AD-interfaces-ingress
A0156	docs/specification/DESIGN.md	664	d27d98730f432991fce8e4849c1bcac360b76938a23fcd584c160358a3d01eee	authority	SW-065
A0157	docs/specification/DESIGN.md	666	5f780f823df52eb4603db0d794f26e6d912b39337ccc37177bd8ab94dbea6e01	authority	SW-067,SW-070
A0158	docs/specification/DESIGN.md	668	368c2b102544f9ae89b154f383734475f5b64c25b143f3fac50811c280dad70b	authority	SW-066,SW-068
A0159	docs/specification/DESIGN.md	670	7222a6269481a1c042033095aa108bf788345fd448751e1360de0d290966606a	authority	SW-069
A0160	docs/specification/DESIGN.md	672	ee3532a0f042ca39832727ab2b0fdf7732547b1636c49b2d1c6621ec9a5f0844	authority	SW-071
A0161	docs/specification/DESIGN.md	680	c05d6cdb34a3fee34b5a0310b39602ddc66a0a0d1cd80f209c89fdfa141a2883	authority	SW-071,SW-073
A0162	docs/specification/DESIGN.md	682	ad150784420141dedc8c51d0c9e6a6039f015a1198f89f6cf059ace00fa257a5	authority	SW-072
A0163	docs/specification/DESIGN.md	688	b44f2e5c8af30cc41f5f888ec705a8bdfa55e602ac10d9c110c321cf9cb7b549	authority	AD-media-graph-authority,AD-services-media,AD-services-model
A0164	docs/specification/DESIGN.md	704	a8b754f8fdaba7f801ff715f0b39b65b4c063ecce94995c96346bd5292b87e29	authority	AD-ui-browser-styles,AD-ui-build-assets,AD-ui-catalog,CF-C36
A0165	docs/specification/DESIGN.md	706	c3091ef446cd76e2a63be8a8f7c0bc97b69a2076a9d8516b4c4933c880588bf8	authority	AD-auth-get-interim,AD-identity-team-selection,AD-ui-shell,CF-C23
A0166	docs/specification/DESIGN.md	710	90b720b5d8da9eff158122e951a71c9ab9a86b32434e4f2ced16d2bdb696c0ad	authority	AD-ui-settings
A0167	docs/specification/DESIGN.md	739	ca6161af43e44b3447c9706d2229c5988b27616301c6c5b05605b7e7afe7d6c4	authority	AD-interfaces-pages
A0168	docs/specification/DESIGN.md	747	2f329de6a1f18d958e1006701677e7bf040b8c129471ff9c9faeb6494141251f	authority	cv.presentation-page
A0169	docs/specification/DESIGN.md	753	331916ecf715b31e9aa43695a20b8620c2331774987666857d3af7d53a1b7d2e	authority	cv.generated-control-kind
A0170	docs/specification/DESIGN.md	773	5ccd18565a73f877daa60001128ca5ee96975105f4c67a3f9e34844bacb49aaf	authority	AD-csv-product-map,AD-interfaces-csv,AD-ui-csv-client
A0171	docs/specification/DESIGN.md	775	1d161611188687137757668e959a225ca1e9eebe08f1a8dd373b7a560befce2b	authority	AD-csv-product-map
A0172	docs/specification/DESIGN.md	777	58d68d1a9003779ac7135f83438a34ebb255842ce2e78920b2e31d71b5be65dd	authority	AD-csv-current-map,AD-csv-product-map,AD-csv-size-gap
A0173	docs/specification/DESIGN.md	779	42d8dad329fef61566427b93a7377b1f0c040b52c8b29e8fe960ba5a8a6f3b2f	authority	AD-csv-current-review,AD-csv-row-transactions
A0174	docs/specification/DESIGN.md	781	023bfa877fe956f2a0cd9058b265f25af5e48277e7ed3708de37acd5ca2e74c5	authority	AD-csv-current-review
A0175	docs/specification/DESIGN.md	783	81c4d2dd578ac42cdb458e12be2a2a5a5fdb0faa8baf70a54e0f4a67ed51abda	authority	AD-ui-component-renderers,AD-ui-escaping
A0176	docs/specification/DESIGN.md	785	ed43dbd88b764278e1e0f7251f01393cf0e4be15b90f1d89b35af1944647b16b	authority	AD-ui-poll-contract
A0177	docs/specification/DESIGN.md	787	6511b095ef192dfb58bad8757acc1740ef314eb76a87acecadf3ad0907d0a231	authority	AD-ui-poll-contract
A0178	docs/specification/DESIGN.md	789	375948ba7537f2bb21fdd3eeb3d3284f36b9421e41d7eb50151328299fdf6701	authority	AD-ui-poll-contract
A0179	docs/specification/DESIGN.md	791	6c0ae17c3d680421c22ccc3991d443a4cc7c8f012a0ef5085a7afc7d88eba29d	authority	AD-ui-poll-contract
A0180	docs/specification/DESIGN.md	793	5a90151e4fc000dc55e6a66604ed51e39f02585c9c45e77b2863562d669549f8	authority	AD-ui-poll-contract
A0181	docs/specification/DESIGN.md	803	a5110c485e262df1685a5b6170d27492acfde43e644b58d8b3255c44ebe9db59	authority	AD-ui-forms-projection
A0182	docs/specification/DESIGN.md	854	098efde8c62ff8354d8f19095fbc1f97b62c6657752e09df57c4d5082dddd43d	authority	vv.icu-descriptor
A0183	docs/specification/DESIGN.md	891	552c00301c471d440724985073c623dad085de24161bbc1959c6ec559ea7a378	authority	vv.locale-fallback
A0184	docs/specification/DESIGN.md	893	084bb48c31f6fd78cdd59da0fb6bbde5c8dab6124d012bed153dcc5039f13203	authority	vv.icu-profile
A0185	docs/specification/DESIGN.md	895	28459ab119c2a42b4f3579e1d5676fc07ca87475b5eb76702cc7a620de8a1304	authority	vv.icu-exact-display,vv.icu-safe-plural-subdomain,vv.zone-data
A0186	docs/specification/DESIGN.md	903	fa589415e126a5ed3a208b655459be9a59e4b67fd5b2b70b7a21b6c48e90a343	authority	CF-C22,CF-C23,CF-C26
A0187	docs/specification/DESIGN.md	905	9f91db8bf44761733032a19ec47d35849ec25b4f27b86d129debf258b95c72fb	authority	AD-identity-grants,AD-oauth-code-ttl,CF-C22
A0188	docs/specification/DESIGN.md	909	8660d08efd01fc57eedecb85e2c51e4eef2fcfa52ec1063b07501d895ec59694	authority	cv.wire-envelope,vv.schema-operations,vv.wire-exact
A0189	docs/specification/DESIGN.md	913	ff985810dbe4288660bf444505159411496c848d8a43df7dd668108908a771a7	authority	AD-interfaces-mcp
A0190	docs/specification/DESIGN.md	915	970fed692a17eee8fe2749f2d1379d8606917e360417adf0ddfde518cbaa1f29	authority	AD-interfaces-errors
A0191	docs/specification/DESIGN.md	925	df0da1b0b61b6bde97206c8c18b65ba57610a43625d8c7cc9881bfbfc3e29e2c	authority	CF-C01,CF-C06,vv.currency-source,vv.zone-data
A0192	docs/specification/DESIGN.md	929	0b6b0d98e772bbaaa4a984d05df35ba98f1723d6eb483ecd7cfbed410614f8c8	authority	CF-C21
A0193	docs/specification/DESIGN.md	931	1994d134b0f6775f726af000b6211a7570823c94959b81db14772c058e29b2cd	authority	CF-C20,CF-C21,SW-043
A0194	docs/specification/DESIGN.md	935	95b7768a4340ac1db9b115a7741d819b77f25ad8cd072aec3197dcd5d7cb533b	authority	SW-043
A0195	docs/specification/DESIGN.md	940	198a6d1c00b5ccd74a1cfd48e8b9ee47d6327fe03051b29d0fa40c6e4ed650d3	authority	SW-044
A0196	docs/specification/DESIGN.md	941	302a818589dd0049ea1ee233734d9fd14450b7fd8c6b6c31f608ce16d3e59c73	authority	SW-046
A0197	docs/specification/DESIGN.md	944	525f969a1d5b30f6c2d9c4b1cdffe058a833655b9befdfbc79c832bef3cebe46	authority	SW-044
A0198	docs/specification/DESIGN.md	946	40d35a3b6c5621a86a5d4a5cde8e9682cc3ac4694134ab3db78f936e18cc96fe	authority	CF-C21
A0199	docs/specification/DESIGN.md	962	72c8b747a81c708d6a862af85403f88e60d62ae2852cba3c932c73d0c1ea7e58	authority	cv.state-migration
A0200	docs/specification/DESIGN.md	964	767b09e606bdc6a0320f54d2d4445c745ccd15e0e94b479741e7d5e7e17941d9	authority	SW-046
A0201	docs/specification/DESIGN.md	996	3e515f62c9c7aee51b25527a90557650a1f1d1a58b899f8cc58ac1962192bc6f	authority	SW-045,SW-049,SW-050
A0202	docs/specification/DESIGN.md	998	738cd8ca517b682d6b3f8439512a9ca892d06c3bbe2e1785cda2f356d0655818	authority	SW-047,SW-048
A0203	docs/specification/DESIGN.md	1023	4d859eaff4da2cb9504cc6473d9d77ecef4ea78b3cebe10d914096299ef3fb49	authority	sv.assembly
A0204	docs/specification/DESIGN.md	1025	dc4d085f2188d50da84834c05a1a1ef1efe1e8ff4eafa5d59953297adffe18eb	authority	cv.artifact-descriptors
A0205	docs/specification/DESIGN.md	1027	beda70acb227c46c5364c1ce9cf2837d1d8c64b159259bdd197c5bf0bef4a1e9	authority	SW-027
A0206	docs/specification/DESIGN.md	1029	97d342b4c4050bd39c4c2dccff3e0147498d9ab7f80d015ede168c3e357ebaad	authority	vv.typed-equality
A0207	docs/specification/DESIGN.md	1079	f7a28f20649e42191941d426f4de4a07346130e2f7d1be979a4b6ba3fe4d6c97	authority	SW-068
A0208	docs/specification/DESIGN.md	1092	c7d47ccf13682da9883317d4806916d691522aaa0945a9421029fca511bc7e0f	authority	AD-testkit-sequence-gap
A0209	docs/specification/GRAMMAR.md	400	b8e8a802d7a62ec0db8b5477e0daf5de7e341966cb42e198d75c6b6e02351430	authority	cv.presentation-components
A0210	docs/specification/REQUIREMENTS.md	29	a0fe2a9fc55fd60478cfcb5dd84aca4581f76287e36b693ef36539b1fd31dc95	authority	CF-C36
A0211	docs/specification/REQUIREMENTS.md	47	e2696eafbbf9aba98fbae8c26c4f5d4bc9aad22a328d3e7e48a7816119aa7172	authority	AD-testkit-fixtures,AD-testkit-playback,AD-testkit-report,AD-testkit-runner
A0212	docs/specification/REQUIREMENTS.md	49	387e668deee83cc5f3bc883535590f70d42bffb24e62304076079d47b8b98b37	authority	cv.examples
A0213	docs/specification/REQUIREMENTS.md	51	6cc721965cc3316ab3ed1363df26dcd982783c41e116ceb627ed26a5b0861b64	authority	AD-testkit-sequence-gap
A0214	docs/specification/REQUIREMENTS.md	57	7c9e80619d86132881fe9cd4e341b6bdc301f701cfd42ea454ae8aef82fd7e36	authority	cv.files
A0215	docs/specification/REQUIREMENTS.md	61	9ae6bc25d0e7f6da7b304b20ae52d8934fbaee60eead6d182b80f6a1fc0586f2	authority	AD-ui-message
A0216	docs/specification/REQUIREMENTS.md	63	6e536b9723dfbc408baefc1cad62fcb45b04fccaf815e045f4524997c45f025f	authority	AD-ui-message,vv.icu-profile
A0217	docs/specification/REQUIREMENTS.md	85	11a1e2c0cc9f8074bf01b2aa4ba8e32df0a8acb21568744a57f17b406cda37b7	authority	cv.theme-default,cv.upload-default
A0218	docs/specification/REQUIREMENTS.md	148	e0038a7a1e4f7cd9f9fa271303cbbf946e30d4b260157c2b940590d84dd4375a	authority	AD-ui-shell-missing-join
A0219	docs/specification/REQUIREMENTS.md	162	5db195f725d1e4ed6d51dedb4ddb06290cc9c98c9188c4143708aad48d8cd515	authority	AD-ui-forms-projection
A0220	docs/specification/REQUIREMENTS.md	192	064930396a8e36a424824f7b6b970e4bc56091eb86845aef07968ba5e87fb3d8	authority	AD-log-redaction-limit,AD-service-safe-errors
A0221	docs/specification/REQUIREMENTS.md	193	1b9682852fa8330bc2242c374eb01d558dbbaf31b4f6e124104d008a38c83c95	authority	AD-ui-form-installed-gap
A0222	docs/specification/REQUIREMENTS.md	194	ec662c8b5941ddb191fc8fac5c2f30738d183bab5c77e148991f0d938d177612	authority	AD-file-retention-clock
A0223	examples/TeamTasks.can	5	41395ba9111a13babd4e891a87287310d1cca9552ecd58f30b014641055fa657	authority	SW-027
A0224	examples/TeamTasks.can	13	9b4e163c883fb04f78f275a7853b2eb60ac3d07f74897c29e73846691cff7c1e	authority	SW-026,SW-031
A0225	examples/TeamTasks.can	17	9316aac6db886df94bc609d061dd893a27b25f93bc06811262d09aa9ee6e03fe	authority	SW-036
A0226	examples/TeamTasks.can	18	b2bb233b19ea299ceff76d9735dbcf510b37c37bb0dbfe20a402f8ef6c053674	authority	SW-015
A0227	implementation/CHALLENGE-AUDIT-PLAN.md	7	fd978d2afee39269b657e69ffeff88e752dc044f17757036b6e0d81587047ebf	authority	CF-C24,CF-C25
A0228	implementation/DESCRIPTION-REFERENCE-PLAN.md	9	7a54fe9f0f849fbcef7dfebcc2da8bec05287b0025612249af68bf8d8976e530	authority	CF-C04
A0229	implementation/DESCRIPTION-REFERENCE-PLAN.md	41	6c656c50e693798591d6694e722912f0e368ca487ed47c3f1685ffd966876c46	authority	SW-022
A0230	implementation/challenge-audit-run/evidence/jev-t32a-20261005/README.md	81	721e1829c07ba0bff3ab0b20242234b618eb1909a55b7818bc0b9d08c7e9626a	authority	SW-004,SW-006,SW-057
A0231	implementation/challenge-audit-run/t33-resolution.md	17	b0acf388ea5d4a46f415cf4bbefa4d5de96d2e96efcbf79f292c327926a9cae1	authority	SW-075
A0232	implementation/challenge-audit-run/t33-resolution.md	18	b16c1fbc255cc89e577dfa570f1095e23959e546abd38c50675b909736c812f1	authority	SW-076
A0233	implementation/challenge-audit-run/t33-resolution.md	19	1d822c20f0efae102d6f303e67891dc155cb5860989f1f0f97add007d9104692	authority	SW-077
A0234	implementation/challenge-audit-run/t33-resolution.md	20	0f3654c1da8c44f1fb1f77d19e93601d4cccfaab1768a6f374b90070058e5b47	authority	SW-078
A0235	implementation/challenge-audit-run/t33-resolution.md	21	c6af0b0e70500ed26a17539b0b1b30a920714b0537f2092502bde364d5f502b6	authority	SW-040,SW-079
A0236	implementation/challenge-audit-run/t33-resolution.md	22	0c6a95425b5376483532b6ccaaabf1b145e5eb123a0f5ad9483d7c201df2c363	authority	SW-078,SW-080
A0237	implementation/challenge-audit-run/t33-resolution.md	23	dfe238935d79248ff09046a809fcb3f178e96d5093409bfaadf558e8f187896b	authority	SW-080
A0238	implementation/challenge-audit-run/t33-resolution.md	24	c83fa224921dfe36817a8fb26f3be0d89dbea42527194ee2bac3acea77e02bf1	authority	SW-081
A0239	implementation/challenge-audit-run/t33-resolution.md	25	aa644f92074617b2d9f3948887d3aa3bf33ffc10fbb8b09804ecc0a5f3397d00	authority	SW-019,SW-082
A0240	implementation/rust-port-orchestration/contracts-20261007/decision-record.md	15	b8dd15ebfc4b05ef441c2040cfbf30da0135058306c5af85e61e9ae15182d0d3	authority	CF-C15
A0241	implementation/rust-port-orchestration/contracts-20261007/imports.md	9	a063fcb56e62369a6a40b0fae4c7d64cd5630d8f434d05c8fd2a7be5cc33eca0	authority	CF-C11
A0242	implementation/rust-port-orchestration/contracts-20261007/imports.md	11	7fdf67d2df429b12c77f49d3fa202fe0a9bc517be3c25bc5bb1780af7fca5e2a	authority	CF-C11,CF-C35
A0243	implementation/rust-port-orchestration/contracts-20261007/imports.md	31	d22dd19e585511270be66d844bb076a19aa0592522b17f17962d203595d6ef3c	authority	CF-C12,CF-C13
A0244	implementation/rust-port-orchestration/contracts-20261007/imports.md	35	32072a99fd074eb0be509f6ab62715b2fb3dfefaa0eaac37bbe1863867aa0a11	authority	CF-C12
A0245	implementation/rust-port-orchestration/contracts-20261007/numeric-values.md	7	180195160582c69f485af8f236bc02a1749d6a11677288066161341cec7c4565	authority	vv.number-diagnostics
A0246	implementation/rust-port-orchestration/contracts-20261007/numeric-values.md	18	fbccf0a5151d08bbb8776921ca95212f6d3eed9a7fc041cf98f59d1df9cb7e19	authority	vv.decimal-scale-negative-zero
A0247	implementation/rust-port-orchestration/contracts-20261007/numeric-values.md	20	01ea526750e8f20cc018a0705af13b86c000b146ce38659f16e7d9e9de13afc5	authority	vv.number-diagnostics
A0248	implementation/rust-port-orchestration/contracts-20261007/numeric-values.md	24	da280d9385f98ba251ba59c7e1fec500c1ae4f54f358e18c408ad70932fe7d03	authority	vv.structural-nan-exclusion
A0249	implementation/rust-port-orchestration/contracts-20261007/sourcemaps-raw.md	9	9a179bb90040e5b91743e6d02345dc10fc0f6f984ffc702f642bed6874cf2af5	authority	CF-C14
A0250	implementation/rust-port-orchestration/contracts-20261007/sourcemaps-raw.md	11	2be0b444ca64435bf2dd32627d6575480b0cb59b7c444e54603c1156f424adb7	authority	CF-C15
A0251	implementation/rust-port-orchestration/contracts-20261007/sourcemaps-raw.md	21	3d9454921ada6c1e198174f909486b09f3d76aa0282bc472b69272149411ee79	authority	CF-C17
A0252	implementation/rust-port-orchestration/contracts-20261007/sourcemaps-raw.md	29	63d199ed4b739766b17cceffdd67a91c08d4a035ad6ec91b03a8cce23c731c1b	authority	CF-C16
A0253	implementation/rust-port-orchestration/contracts-20261007/sourcemaps-raw.md	63	f4aff7aff398e04c571fa1c96c5d27d4c43ad25a6138ba7ecb1698c78668fa27	authority	CF-C14
A0254	implementation/rust-port-orchestration/contracts-20261007/strings-rust.md	7	ea41bfc7c8f5429fbd62bbd75ce9c7ebce7aff26a6db85299e6b7acb6c607770	authority	vv.string-diagnostics
A0255	implementation/rust-port-orchestration/contracts-20261007/strings-rust.md	15	625614286c829ee1bb7699f227af81530a213f2e0a7429ab16bcb779e95d1f5f	authority	vv.native-astral-truncation
A0256	implementation/rust-port-orchestration/runs/codex-step10-20261007T015711Z/DECISIONS-PENDING-HANDOFF.md	4	e66b3ff05aa18b593639402baebc0123c58543108cd62cf53420d78ee8d91271	authority	AD-identity-credentials,AD-identity-password
A0257	implementation/rust-port-orchestration/runs/codex-step10-20261007T015711Z/DECISIONS-PENDING-HANDOFF.md	5	f5b41e7ee94e291bc38577af6660d3c0044e072c15b51aebc11ef0f9ab108701	authority	AD-identity-cookie
A0258	implementation/rust-port-orchestration/runs/codex-step10-20261007T015711Z/DECISIONS-PENDING-HANDOFF.md	6	53fe58b7b256d5773845edd84168e8c41e7e54161e580f0122395385e84a2e14	authority	AD-identity-comparison
A0259	implementation/rust-port-orchestration/runs/codex-step10-20261007T015711Z/DECISIONS-PENDING-HANDOFF.md	7	34b971e6744cd844961cf17688167061e47e2e0316c438a23830bdcc5833c763	authority	AD-ui-csv-grammar
A0260	implementation/rust-port-orchestration/runs/codex-step10-20261007T015711Z/DECISIONS-PENDING-HANDOFF.md	13	b29b2b581947334459c93991661b684d823a9a663574b2b91813f5a667d8c1c6	authority	AD-csv-valid-duplicates
A0261	implementation/rust-port-orchestration/runs/codex-step10-20261007T015711Z/DECISIONS-PENDING-HANDOFF.md	14	c98f2798d5c7ccec093130be34c9cb2adcd22e2996cbd89b1efad4694dd6191f	authority	AD-export-csv-bytes
A0262	implementation/rust-port-orchestration/runs/codex-step10-20261007T015711Z/DECISIONS-PENDING-HANDOFF.md	15	93d59b86f72ada3b9dc2cf681265c15289cabadb9b99ae82eae57f515a9c6ea1	authority	AD-service-cancel,AD-service-origin-policy,AD-service-quota
A0263	implementation/rust-port-orchestration/runs/codex-step10-20261007T015711Z/contracts/csv-contract.md	5	8e0d94499a977ab6d6bb455806ca70ae5d87294fd669cf045b8799b524610931	authority	AD-csv-exact-grammar,AD-ui-csv-grammar
A0264	implementation/rust-port-orchestration/runs/codex-step10-20261007T015711Z/contracts/csv-contract.md	7	863eb2f6889dde39435765fe6bc531b088e77881654f380ae82f12a01f549ba4	authority	AD-csv-exact-grammar
A0265	implementation/rust-port-orchestration/runs/codex-step10-20261007T015711Z/contracts/identity-cookie-contract.md	13	2a35845573ca99067b06fd5b5a5873da1ef37e984cc7da9a47f6bf5dddae6443	authority	AD-cookie-first-target,AD-identity-cookie
A0266	implementation/rust-port-orchestration/runs/codex-step10-20261007T015711Z/contracts/identity-cookie-contract.md	21	00a891c884fbf7fc8dd00d7897d96df9dfb6b4cf00cb23a62d205159d4cfd544	authority	AD-cookie-attributes
A0267	implementation/rust-port-orchestration/runs/codex-step10-20261007T015711Z/contracts/identity-encoding-contract.md	13	1e97735f6e93255339fc70a434fa5656bde86070cf02179c28edd489b37199fd	authority	AD-identity-credentials,AD-token-text-hash
A0268	implementation/rust-port-orchestration/runs/codex-step10-20261007T015711Z/contracts/identity-encoding-contract.md	15	b1879250ce27938221e928fe6a254b91de57b8fd9a1c859eda63d6a281677b77	authority	AD-base64-decode-domain
A0269	implementation/rust-port-orchestration/runs/codex-step10-20261007T015711Z/contracts/identity-encoding-contract.md	19	0566a1d0cf3238ed30db19763ff0af1e7ae937481ea894d20ba2d82969b7ae51	authority	AD-hex-admission
A0270	implementation/rust-port-orchestration/runs/codex-step10-20261007T015711Z/contracts/identity-encoding-contract.md	25	b5eb39d8547049acb7c9f4746ef2d5a01127a2889d1db2be61afbc2a5741efdd	authority	AD-identity-password,AD-password-parser
A0271	implementation/rust-port-orchestration/runs/codex-step10-20261007T015711Z/reviews/C-H-independent-review.md	11	56a00dad7b94e9020ac386269b2a96f5d7cc36fce54e9f51a31de95387772a54	authority	AD-service-quota
A0272	implementation/rust-port-orchestration/runs/codex-step10-20261007T015711Z/reviews/ROOT-FINAL-ACCEPTANCE.md	3	2813fe082bd3ba6d77ecda3356bda9aba2c4a6cabca4ec7cadbe2c349ce1dcb7	authority	AD-identity-comparison
A0273	implementation/rust-port-orchestration/runs/codex-step9-20261007T012914Z/values-independent-installed.json	2	b5ca6fbaf7725ddb5a21bab2d48659b3e3a46595f7490e43b43b958a0816b662	observed_evidence	vv.backend-own-operation,vv.bootstrap-integrity,vv.no-retry-rollout,vv.synchronous-backend
A0274	implementation/rust-port-orchestration/runs/codex-step9-20261007T012914Z/values-independent-source-review.json	2	ab46e1a033adaaf302bae048c4bb4e7e6473d6415751f422c1d25ee78b1f0711	authority	vv.transport-f64-roundtrip
A0275	implementation/rust-port-orchestration/runs/codex-step9-20261007T012914Z/values-qualification-receipt.json	2	45a00fafa38719b098bf2000e7ae70ca80f457ce4430e3681ff92554ccd37061	observed_evidence	vv.bootstrap-integrity,vv.decimal-scale-negative-zero,vv.exact-transport,vv.generated-integrity,vv.native-astral-truncation,vv.no-retry-rollout,vv.number-diagnostics,vv.string-diagnostics,vv.structural-carrier,vv.synchronous-backend,vv.transport-f64-roundtrip
A0276	packages/cloudflare/preparation/src/input.rs	1	d6e32b1ed02367bb854e39ec8599602543521c30c6cb1db1353b787decb51385	observed_evidence	CF-C31
A0277	packages/cloudflare/preparation/src/job.rs	171	1b4483ca4d6553a4f8ce7d1acb342bc6811c0963e1af65b84da2ad54a0d64007	observed_evidence	CF-C32
A0278	packages/cloudflare/preparation/src/job.rs	424	e58a741a581f6eb9fd8e26f56089a03af4c32f86bcf2511763c561726c77c1da	observed_evidence	CF-C32
A0279	packages/cloudflare/preparation/src/protocol.rs	113	6e634abd72029abd974a2c91fc6af51064645e3ec86a793932e1c376ddc24221	observed_evidence	CF-C30
A0280	packages/cloudflare/src/cli/docs.ts	1	8d64a30d9de151b649006a1d9871037ac5649ab6162ea5d7fd77c54fed07b155	observed_evidence	CF-C04
A0281	packages/cloudflare/src/cli/docs.ts	133	9dc133a35ed6d912d2e1a275b8f8ce24a38cf31e382c9eda61f33c02acb8629b	observed_evidence	AD-interfaces-docs
A0282	packages/cloudflare/src/cli/platform.ts	361	eb41f8219d4ffd3d4e0c59b4e045757abd35291f8ae626da04e638ecbd303e5b	observed_evidence	CF-C27
A0283	packages/cloudflare/src/cli/platform.ts	374	4508e825c2eae81d04f5d3019222d447f0288f98258cb4f5c23ecdfad551c3cd	observed_evidence	CF-C27,CF-C28
A0284	packages/cloudflare/src/cli/platform.ts	407	5a1db74d0b54afffee1012430db358909e8f596982b49bcfc71673e847bea3e8	observed_evidence	CF-C03
A0285	packages/cloudflare/src/deploy/activate.ts	276	69730342da5bacbe9031fec8e0d9144ed04e75fc451e5c1abe9fd1a737acd010	observed_evidence	CF-C06,CF-C21
A0286	packages/cloudflare/src/deploy/bundle.ts	458	58b359a6f4caa8cb939ec2843370720dd90ebd1cf7aeac00e8ad9b97317737b8	observed_evidence	CF-C12,CF-C24
A0287	packages/cloudflare/src/deploy/bundle.ts	921	013066faa273f5b55a79f84f8d71f9672bcc140f16fda8e5d10b402fa4eb9063	authority,observed_evidence	CF-C09
A0288	packages/cloudflare/src/deploy/bundle.ts	936	2a24d7b2049a9f6d4a69a96e0f5a12138067787d8ae2a846834742c55c845fff	observed_evidence	CF-C35
A0289	packages/cloudflare/src/deploy/bundle.ts	1135	a0674eefa3eb628a49fe2e68f637365caf38c17624141d0ce381e9d41d5774f9	authority	CF-C09
A0290	packages/cloudflare/src/deploy/bundle.ts	1139	53e64f5f8a7217ba0b830c41a905240e8772516015dc024e1a5e045df40842b8	observed_evidence	CF-C09
A0291	packages/cloudflare/src/deploy/bundle.ts	1276	3246a76e41e45429db051fb558d837be6fb985630641f9376674fde57c5f333d	observed_evidence	CF-C36
A0292	packages/cloudflare/src/deploy/compat.ts	24	8d64a30d9de151b649006a1d9871037ac5649ab6162ea5d7fd77c54fed07b155	authority	CF-C07
A0293	packages/cloudflare/src/deploy/compat.ts	29	f861398edc962c5d5de805a6e2080aa8069843bf0018ee432092b3cc47314dfe	observed_evidence	CF-C06,CF-C07
A0294	packages/cloudflare/src/deploy/module-imports.ts	1	6c3e1057967ea58cf3f0e10d465ed26a79210a3385f9032954d90028d5b5d231	observed_evidence	CF-C11
A0295	packages/cloudflare/src/deploy/module-imports.ts	14	7c1f01945cf49a28b31e5decac304551c7ec8dc685736f0779a27367ea0eba89	observed_evidence	CF-C12
A0296	packages/cloudflare/src/deploy/module-maps.ts	1	b99fab7128b7e39cf09472bd39805b5b594c95654e35eabf9193007db04077b2	observed_evidence	CF-C14
A0297	packages/cloudflare/src/deploy/package-assets.ts	145	ee9a26b49404a56d16ad231778785f76fe9a54fce0d18187274dad5f6e6bdf3f	observed_evidence	CF-C36
A0298	packages/cloudflare/src/deploy/render.ts	1	8d64a30d9de151b649006a1d9871037ac5649ab6162ea5d7fd77c54fed07b155	observed_evidence	CF-C19
A0299	packages/cloudflare/src/deploy/review.ts	4	d3fc2308cf7d1ddc50f9076ea2f6eecae45e783d42d7b8b838ddd4ff6ec32715	authority	CF-C19
A0300	packages/cloudflare/src/deploy/review.ts	80	8464117fa9dd22fef9d167484799f781d6dc553422e9637e11420f5ec11b548e	observed_evidence	CF-C19
A0301	packages/cloudflare/src/deploy/review.ts	114	f7e191f42f1c151d8684dc8af4ab13428e2c3c1e108562dcadca48f10d23dcb2	authority,observed_evidence	CF-C18
A0302	packages/cloudflare/src/deploy/review.ts	144	7a4ea19bc94b8062f6c400917d2a30870033167401fae11f7ce521db6788e7a2	observed_evidence	CF-C05
A0303	packages/cloudflare/src/dev/zero-config.ts	30	80c9008c67be5274e3abdfc2fd04447bfd2f69d6fdebb5447e71dec4775b1fcd	authority	CF-C27
A0304	packages/cloudflare/src/index.ts	1	8d64a30d9de151b649006a1d9871037ac5649ab6162ea5d7fd77c54fed07b155	authority,observed_evidence	CF-C35
A0305	packages/cloudflare/src/preparation/build-adapter.ts	196	609bb0289f6a9918f9c491d85e22029894bca1597edc28b33a1ae7e02d6b51d8	observed_evidence	AD-interfaces-input-derivation
A0306	packages/cloudflare/src/preparation/executable-manifest.ts	113	688d85595269e98d48a076a4b436515cbbfb4d0229db75c62a5e2a2bb494212f	observed_evidence	CF-C33
A0307	packages/cloudflare/src/preparation/executable.ts	82	f468d1ed997b5f234e85121771fff413249e39e7e7bdb1f62232db77fca237c0	authority,observed_evidence	CF-C33,CF-C34
A0308	packages/cloudflare/src/preparation/executable.ts	91	45b42ce71187fc987f5e19b71f919b07bd13580daf38d4029d56322110ff23bc	observed_evidence	CF-C34
A0309	packages/cloudflare/src/preparation/host.ts	66	08b44cfea9faeb19a9fc39c6d01d1e7bb3f9a2a3b7e509e3aeb09fd6198a60e9	observed_evidence	CF-C03
A0310	packages/cloudflare/src/preparation/host.ts	292	814a7d01c6a7fc90a4defeacfa5874c381b0df004b7cd6553144339c7bfb5499	observed_evidence	CF-C05
A0311	packages/cloudflare/src/preparation/host.ts	429	3b75bff9844b71a8840e3dca82a53461f0216d71cb2f5886a64e592c55de758c	observed_evidence	CF-C05,CF-C20
A0312	packages/cloudflare/src/preparation/host.ts	510	d0252ff815f3e945c5ca14a44858e3ea0022f8546a32c200511d88f54b3ab949	authority,observed_evidence	CF-C29,CF-C34
A0313	packages/cloudflare/src/preparation/host.ts	548	c6b1338c4ecff9f41acbaceaca5f004c086dbefea2540293401bc23135ec8c2e	observed_evidence	CF-C29
A0314	packages/cloudflare/src/preparation/inputs.ts	120	0e6045719dcb19ef6161f72902824948873b12459822d2604704a7537ad2e6a9	observed_evidence	CF-C31
A0315	packages/cloudflare/src/preparation/protocol.ts	15	ddb10b2519c08bb2952852d4b4fc133752857e2eb63c64d3695ee39fa7d2ea73	observed_evidence	CF-C30
A0316	packages/cloudflare/src/preparation/publication.ts	99	1ee4847db07303002afc933716a85416d2395671c1f2769f64e4dd000b7306b7	observed_evidence	CF-C13
A0317	packages/cloudflare/src/preparation/publication.ts	151	199c81c3246d868cd06babd3ebd5b0e7a1c6e26a28952a07801efdbf555dcad4	observed_evidence	CF-C13
A0318	packages/cloudflare/src/preparation/publication.ts	194	88d4565789e31b49f3930b65962c4b5699820d10035d4adb36d659ad02fe55c7	observed_evidence	CF-C20
A0319	packages/cloudflare/src/release/manifest.ts	10	66c3c022456f26a2820c636111096ac3eabf0a709e8bf4a1109ca32728a58891	authority	CF-C10
A0320	packages/cloudflare/src/release/manifest.ts	41	c3b9ec447610a751ccfa4f5c989649b5d90be847cd47a44a09745db8814c9be2	observed_evidence	CF-C10
A0321	packages/cloudflare/src/release/manifest.ts	113	de3e53fd78f6cbd653a0245f8bfe55d70292ccf250225713acbde6f926a51372	observed_evidence	CF-C08
A0322	packages/cloudflare/src/release/stamp.ts	35	9e2480541ffd9a95b1ec49d7878a6826c39178051ca3f139e4d75f2bad5bfadb	authority,observed_evidence	CF-C10
A0323	packages/cloudflare/src/release/stamp.ts	97	0241510fa47526778307857d4ad61da31924f418ed300dab50d370d078e5a030	observed_evidence	CF-C08
A0324	packages/cloudflare/src/runtime/artifact.ts	49	f2a42e24efec16258228c310e8fec8a423d790b7c159f813718d4f9089d2c54e	observed_evidence	CF-C01
A0325	packages/cloudflare/src/runtime/artifact.ts	76	e72303e4963f1a8194c2a3295b2672d1e2547a0096c3fb448a0149796b777d29	observed_evidence	CF-C01
A0326	packages/cloudflare/src/runtime/artifact.ts	161	c8fa11a6e1af56767a3074133e53604dd868492965c3bd10f8f64465c5715ea8	authority,observed_evidence	CF-C02
A0327	packages/cloudflare/src/runtime/env-assembly.ts	334	3e8012330c8ad6275b56bbb6e29f10608576886041556286539fe510103b1d6d	observed_evidence	AD-identity-atomic-gap,AD-identity-d1
A0328	packages/cloudflare/src/runtime/executors.ts	241	a41c2882c02c22ebff3461e8c4018745d170a2d76ce8bfabeba0ae0113d23d80	observed_evidence	CF-C26
A0329	packages/cloudflare/src/runtime/grant-route.ts	185	1f3178e6de51779508439bf1017756d734ffd27afb085daff6873a71711a4f9d	observed_evidence	AD-grant-ttl,AD-identity-grants
A0330	packages/cloudflare/src/runtime/invoke.ts	226	7cde73338005fa2bada9472d38ab493575fd20b2d78aacd88485e1509d6d3197	observed_evidence	CF-C14
A0331	packages/cloudflare/src/runtime/invoke.ts	257	0e6976366381bd6df99bd12eeed24530e45cd2bf53264c88a9bcd2c0ff6c15b6	authority	CF-C16
A0332	packages/cloudflare/src/runtime/invoke.ts	263	bcec3a4a96ef42948430317a01e3c3de3825116b7b73e83a88f9271decf4b0bf	observed_evidence	CF-C16
A0333	packages/cloudflare/src/runtime/invoke.ts	2895	c2a34357ca2585fb0b0f153337c2633deb1811afabcab180680007cb29dbd6a5	observed_evidence	CF-C22
A0334	packages/cloudflare/src/runtime/invoke.ts	3336	4e5e395c62e5c90cd62f430c484b7387b448916cad40af8b9ecd31e776746a5e	observed_evidence	CF-C24
A0335	packages/cloudflare/src/runtime/invoke.ts	3476	51002e577c907ec65116fca44cb1b4639bbf09a49d028e8204d204d34dd22f0d	observed_evidence	CF-C22
A0336	packages/cloudflare/src/runtime/invoke.ts	3629	04c94e7f0680ac2a0edf6fb5e17d46566a1672a6c359f2a9e5c75d4755e41e56	observed_evidence	CF-C25
A0337	packages/cloudflare/src/runtime/modules.ts	120	0e41b48b9cf1ca5d767ddb263d99c1fbf035c9608172e374b8369753c2d1430f	authority,observed_evidence	CF-C11,CF-C26
A0338	packages/cloudflare/src/runtime/sourcemap.ts	76	a5fb473ba08246d5add7b1d2e9e177842e7b942f12ee968a3368e746ebe74a8e	observed_evidence	CF-C15,CF-C17
A0339	packages/cloudflare/src/runtime/sourcemap.ts	134	6883d3acfbec7419cfdaeb9d56356f2a48fae3f0fd5d08e10bc776031a21d743	observed_evidence	CF-C14,CF-C15
A0340	packages/cloudflare/src/runtime/stdlib.ts	220	86211e55b2c2eba53749c18fefe777d6f1c98e2fcf21b7a55d83fa9f7df7fe15	observed_evidence	CF-C26
A0341	packages/cloudflare/src/upgrade/apply.ts	62	cf2040796b51427aadec416d604598ba1b5e00f1e6f85f9083ad492afa93de5f	observed_evidence	CF-C21
A0342	packages/cloudflare/src/worker/assembly.ts	883	0df0765fd7809f0e661e0ab8a9816ec8889fb82ccb46f79ccf589be07c06aa88	observed_evidence	CF-C22
A0343	packages/cloudflare/src/worker/assembly.ts	1091	ed158e006b0f644e536fb429972594337e5ed0e73e32c7d2589af05e814bea64	observed_evidence	CF-C23
A0344	packages/cloudflare/src/worker/assembly.ts	1236	35a81b49762929cca75606b880bd2537468dbb0fbaccb4d02e39ce51912689a3	observed_evidence	AD-interfaces-mcp
A0345	packages/cloudflare/src/worker/assembly.ts	1347	177305f3fba9f6a0c4df920fb1278e26eefcb967062ed15b428c70d83dc5c3dd	observed_evidence	AD-http-anonymous-policy,AD-interfaces-http-operation
A0346	packages/cloudflare/src/worker/assembly.ts	1365	5fa6a14974b184825c50f1d743361600e314db8506410ddaf127ee31e6797ca6	observed_evidence	CF-C23
A0347	packages/cloudflare/src/worker/assembly.ts	1440	cbdefedb401ed1e9a5c8bfe75b22189c2d8d7764c30b813f69c5c2c0eda7c3e6	observed_evidence	AD-ui-shell-missing-join
A0348	packages/cloudflare/src/worker/assembly.ts	1486	11064fb2ab7012f0533a7daa9bed5b0ed6a6b679035253aebcf41a90165e3be3	observed_evidence	CF-C25
A0349	packages/cloudflare/src/worker/assembly.ts	1551	56128525c697b8db582957f649358dcd4ec406ade0ce2f95d127d4afd052a5b0	observed_evidence	CF-C25
A0350	packages/cloudflare/test/assembly.test.ts	762	9086adc2af65c65a1cba792d9a5f2ae5983779c85d32b84eb158274998f5a8bb	observed_evidence	AD-files-attachment-read
A0351	packages/cloudflare/test/assembly.test.ts	764	8454f35aa1447d2f665fc0f4c8189c4e0040353598b77ae36549e1eef56241d0	observed_evidence	AD-interfaces-file-kernel-binding
A0352	packages/contracts/src/artifact.ts	9	5d8ab78c789bd6bbd0789c96f01ff2db85855e1fd04ad879ba8e1f59d284b7ba	authority	cv.artifact-version
A0353	packages/contracts/src/artifact.ts	148	0e99b1875881f79400e337d8cf679cfc2aa8ade3b54025654ec78bf3ac1a3927	authority	cv.artifact-descriptors
A0354	packages/contracts/src/artifact.ts	354	5747db57c1f81c50174dc155797641ac51a1c069783f1c883ae8c518d8cd6729	observed_evidence	cv.artifact-descriptors
A0355	packages/contracts/src/artifact.ts	412	f78f690e09fe2b6fe970f7ec73f4c68a2f63d3d8389fbd0c00357a264f5e9377	observed_evidence	cv.artifact-version
A0356	packages/contracts/src/deployment-assets.ts	11	af7344193695f85c007d596820367a6efdf6dfd66325212950c9c63aa23172fc	authority	cv.asset-v1
A0357	packages/contracts/src/deployment-assets.ts	14	869b702312a47a56f0f152baf0fde8c91cff42929f974d725bae158f34f08abc	authority	cv.asset-v2
A0358	packages/contracts/src/deployment-assets.ts	21	8796ea7e41f9f0a1d0a7f54e6e0818b8a5264c271c9d903b2c5329276c2fd823	observed_evidence	cv.asset-v1
A0359	packages/contracts/src/deployment-assets.ts	22	a1e5342a54e18a6f99f2495a4f81f391c145eb7111ba24f06e8388f2cd1fac87	observed_evidence	cv.asset-v2
A0360	packages/contracts/src/deployment-assets.ts	64	7ba60446475433be3561b1455dcc4b2d58f68703998a2e6d0020532c625fd633	authority	cv.asset-helper
A0361	packages/contracts/src/deployment-assets.ts	70	5a50a7a318816fe8946c8a15c21c55c1b5e0188906d87ffbeece64ea81bc8e41	observed_evidence	cv.asset-helper
A0362	packages/contracts/src/deployment.ts	2	36c0224f36ff52c845d335a37f3b433d4f298ff597d2d2f5b963904ebf620510	authority	cv.deployment
A0363	packages/contracts/src/deployment.ts	146	888568440d1b051bfb96a2802a8f965537aa8641c07c5eaf744735c745b53786	observed_evidence	cv.deployment
A0364	packages/contracts/src/diagnostic.ts	4	d23b1d324804398527af40cfe3f071b3fea1e86bfe973781d6b91a2f2f2c91df	authority	cv.diagnostic
A0365	packages/contracts/src/diagnostic.ts	65	8449c9afb0edfd21db852c2a41adb894fcab362d1c9f4168a11f998dc519f77e	observed_evidence	cv.diagnostic
A0366	packages/contracts/src/distribution.ts	2	8735083b5fe67b755cfa4e24c5320b05bb6eb0a26fc8f5a46840709d218589eb	authority	cv.distribution
A0367	packages/contracts/src/examples.ts	8	8333136459757f8b6c4fa29e987d5de7dfa9537254942e3961a327aab571644b	authority	cv.examples
A0368	packages/contracts/src/examples.ts	23	391fc2acf650a9e032dca90f772675a21ac7a94a8b9cf27d61e68b9d7ae0f51d	observed_evidence	cv.examples
A0369	packages/contracts/src/files.ts	2	a6df371789759210980a5180d1a13cc8fdee8fcb06ece59e299b7536c0972fae	authority	cv.files
A0370	packages/contracts/src/files.ts	131	e3b954772b512ba9c945826c269b4979ecfce8d62a8bc9b0b70984f04f433b4f	observed_evidence	cv.files
A0371	packages/contracts/src/identity.ts	4	80fb4e05d5aad20bcc227d03fcc68f0ee412dbd9ff449bfb8712ed98b1e64bed	authority	cv.identity
A0372	packages/contracts/src/identity.ts	236	064b53a27c3bfdc804729843d026ec4142694d505d0bf45765050274d03f4e24	observed_evidence	cv.identity
A0373	packages/contracts/src/identity.ts	273	07010775028b5592e178572394355c29d9fc687b1a0452820f73620c8962f5b3	authority	cv.identity-names
A0374	packages/contracts/src/index.ts	8	93fed39ff2887236c6ea96c1ab857c3b4bbfdc4f7e555d9d4e0a8075c03fe9b3	observed_evidence	cv.package-api
A0375	packages/contracts/src/index.ts	22	b15835d14fa5e226c013f9bc22fda4f58c2e510236d3a9ff6883964ce8cca3f4	authority	cv.package-api
A0376	packages/contracts/src/presentation.ts	36	288b53522ab104ea3982a8bc8f3eb8cf624fc4fb6266ae987902999e9bfbc764	authority	cv.form-security-keys
A0377	packages/contracts/src/presentation.ts	45	a74274d9d05297168fcb80219d2e446ad252c3b8388dfdc8c600a3a045e64427	authority	cv.form-security-keys
A0378	packages/contracts/src/presentation.ts	117	8e0d51e98810416528ab7dd235403ecd7d414601920f93e21976911b18c7c254	authority	cv.theme-default
A0379	packages/contracts/src/presentation.ts	162	eaaf439aa902e9e2ad336f0c79ad298acf7b356e069580c215bf16eb248510c9	authority	cv.presentation-page
A0380	packages/contracts/src/presentation.ts	251	cc77d1395204ef506a55fd1e33a77f32c467dc5d73f1275525e3a8bed0ccc30c	observed_evidence	cv.presentation-page
A0381	packages/contracts/src/presentation.ts	551	a97e0cacaee7a00ad7eb86355def0958c3fbbce343d28b263185c704e242ca55	authority	cv.presentation-components
A0382	packages/contracts/src/presentation.ts	638	db8880d2cf7e67c999b77a8dbc7b1c2f9a21b1784152e3602d9c672957b8f36e	observed_evidence	cv.presentation-components
A0383	packages/contracts/src/presentation.ts	1735	3253294e4804bc309d8080c48d91a63f2239b51ca344284e3357feb01dd16010	authority	cv.generated-control-kind
A0384	packages/contracts/src/presentation.ts	1748	947833194ff0a3eb09818b40070e02af379fc17c85acefec9cf8927311586e40	authority	cv.generated-companions
A0385	packages/contracts/src/presentation.ts	1767	28f1f030465069ae71ffb1979939bb2a63806120f7c949c56ef00c951e041783	authority	cv.generated-companions
A0386	packages/contracts/src/reference.ts	4	57f25bdfb560be0aef7f554225af3de417dee40d6b3448d16465ec9d9d024c73	authority	cv.reference
A0387	packages/contracts/src/reference.ts	15	4c2b9e26361cfc3347e072e2c9b999058952bf009544ec594fb79a3464abdcdd	authority	cv.reference
A0388	packages/contracts/src/reference.ts	157	b82a0bc0aa16e08323ce3dc85d5449a7715b568d787ddcd5660c0f8fe1e46e1e	observed_evidence	cv.reference
A0389	packages/contracts/src/services.ts	57	0f2bcc2c90090f14c84f085071864d96a2b3b8739ad22005097b1584d8d011d5	authority	cv.services-results
A0390	packages/contracts/src/services.ts	153	7575c1c2a11fb99c75c67d77e8b134b0ca39cb81d8598f325a030331265e7a43	authority	cv.services-results
A0391	packages/contracts/src/services.ts	501	7646d7aa968cd12c9bbedccc9d7d48bcd9487b21207258856e86ffa781532deb	authority	cv.services-capabilities
A0392	packages/contracts/src/services.ts	1060	58f8ecd7f8664777d6cb6f520a5ba34d805abc4251e9edf92fcbc201419b85a0	authority	cv.services-capabilities
A0393	packages/contracts/src/state.ts	4	4d5a794c2e8208c842ce2be183cf334ac5788aad1a67e669482b2be5db971f1d	authority	cv.state-storage
A0394	packages/contracts/src/state.ts	364	661a6e79beb733011ee0bc6768e72f6661ff0e946a45ee559957cc90aabbcf02	observed_evidence	cv.state-storage
A0395	packages/contracts/src/state.ts	463	edc2472f366727ddc84f2d7d4fddfd3c6477e7a03d8ce327a184836ffc66d9f7	authority	cv.state-migration
A0396	packages/contracts/src/state.ts	600	a96f6915c231dedb3f32de559b9d22612fcaaab74d1624902a5b046e13fd25d1	observed_evidence	cv.state-migration
A0397	packages/contracts/src/state.ts	687	fe3199b11d98900ceab33d2f6980216ee5104e58071d7ff7fbb05e3266480ece	authority	cv.state-execution
A0398	packages/contracts/src/state.ts	694	997411ec4e894b230c12b4bf38530eea53d7a03bc276fa9f704cc50653b3ce48	authority	cv.state-execution
A0399	packages/contracts/src/state.ts	825	410afb05535b308936790d4a4efede94a04d67d892b82ef66f4e18b439a8ba78	observed_evidence	cv.state-execution
A0400	packages/contracts/src/values.ts	21	f58c93d0a16526926caaf87357e6ef5e3a5e0af3bf64539673c2300f0f669798	authority	cv.value-shapes
A0401	packages/contracts/src/values.ts	57	524cb050ee3dacd231018b78b9822ba089d803e00beb42eb4c94d3ece37015a8	authority	vv.reference-carriers
A0402	packages/contracts/src/values.ts	77	9af6901a1b45f5a2dcc742e5e9cd1b4ecec1121d277c048bf7edc33332ac66c3	authority	vv.action-invocation
A0403	packages/contracts/src/values.ts	85	eeee00b75cfc794d610c3fd4ba640e062d6dd0f8848baad41ea31ddd4361af94	authority	vv.action-invocation
A0404	packages/contracts/src/values.ts	177	840cea5248cb42053bb5e31731309c7ab6870061a7a7c773cbc806afd396c092	observed_evidence	cv.value-shapes
A0405	packages/contracts/src/values.ts	229	8d71e99fbeb4e9d0a1a224a4d24a87e31450a0beaaa43a800d979f49880b4ead	authority	vv.errors-typed
A0406	packages/contracts/src/wire.ts	67	e999f22c02b8bc73eb44e00cd738dbcd8e2d484fabea5e78873d3edf7b922777	authority	cv.wire-envelope
A0407	packages/contracts/src/wire.ts	79	9cee46ff45728d8040006223a8f4f542d135cfd16ea49026cf80e9a14b121a86	observed_evidence	cv.wire-envelope
A0408	packages/contracts/src/wire.ts	96	8736c434063edeab460f461a3479dec0fd67372ff4db42583bb0ee4ef345b2dd	authority	cv.business-code
A0409	packages/contracts/src/wire.ts	102	5b412e4fb636f5876dbdf69debf6519fc2c8951379a1165b0563b2dbe28f1ca1	observed_evidence	cv.business-code
A0410	packages/contracts/src/wire.ts	176	f6835d063187468821b9dfd7c39fab7a6e0fd3d84b2d852cdf79572d43c48365	authority	cv.http-status
A0411	packages/contracts/src/wire.ts	183	c2cba17db98b50e07ccad5df6c7359c784839236181e9f3c9fe581172c3d43d6	observed_evidence	cv.http-status
A0412	packages/contracts/src/wire.ts	318	3c87f0bf71465316bd369707f14c6c4ccc2d418bb58f01745318a4f5baf81f68	observed_evidence	cv.upload-default
A0413	packages/contracts/src/wire.ts	345	1f6f49df8850e5449a800629b8aa453cf11ae838d9b12d90f66f9df619d5a5a2	authority	cv.collection-default
A0414	packages/contracts/src/wire.ts	346	91df4d3756ed48b3432a8336bac73b4b97e661bf0b2faed90013bc487ce48208	authority	cv.collection-max
A0415	packages/contracts/src/wire.ts	347	b1be6fe11d2ffbd523ce2a5b2f34ba5bd6d0491d5456bd2f0be5a31c26a543fa	authority	cv.page-record-max
A0416	packages/contracts/src/wire.ts	349	3d2de9b6e78f5b5b59fa13436e8d47a2eb43fb77fdc6a5f89683106f10d7c1b2	authority	cv.page-byte-max
A0417	packages/contracts/src/wire.ts	351	f43b9f5c21b12782abe6559e931475a96d1d54bcad97c3e6c9aeb8ab544ec7f4	authority	cv.upload-default
A0418	packages/contracts/src/wire.ts	361	41b741f1b0dc02ae1eb68a36651c1604d4eec6733635bb7d010b822f6728519c	authority	cv.csv-limits
A0419	packages/contracts/src/wire.ts	654	c40921532218e1397ac1be928fadda5b1b5a0d4dbdb898349274bbf5aaa5796c	authority	cv.delivery-leaves
A0420	packages/contracts/src/wire.ts	658	53f6f90312dc787b4f476ecf2d009a21e1b7876770aba1a708841805156a48af	observed_evidence	cv.delivery-leaves
A0421	packages/contracts/src/work.ts	2	64f4ef117a588a25d72be451b14de1e9ef1b0f4b45b133dbb338f51ab2994b8f	authority	cv.work-lifecycle
A0422	packages/contracts/src/work.ts	279	032773f887889dd19f53b9c245ad3c7a0413ac63f4c9f4d67bd6c0a2424b8ee4	authority	cv.work-observable
A0423	packages/contracts/src/work.ts	353	0980118df0042395bb318a0cafc9c23539a973d1b5f65ff08975842be5c007f4	observed_evidence	cv.work-lifecycle
A0424	packages/contracts/src/work.ts	415	624fd873e2eb38981e5c3c64cde0ae24c4cb175faa01f587f1675fabdc2b5ab4	authority	cv.work-fanout
A0425	packages/contracts/src/work.ts	548	cf94bc952b6ec9ee8a29a687ef1647d55640059269e540eabe5ee3500f5c14cf	authority	cv.work-fanout
A0426	packages/contracts/src/work.ts	618	016315f83bc53dc7e13fa6cb0b7a46ce6c370c70a115fbbfb43790b783df78ad	authority	cv.work-observable
A0427	packages/contracts/src/work.ts	630	a6c352ecc32b0f54d108e4fee7015b437fd26ee5404fffe4fd9f03733121629f	observed_evidence	cv.work-fanout
A0428	packages/files/package.json	1	021fb596db81e6d02bf3d2586ee3981fe519f275c0ac9ca76bbcf2ebb4097d96	authority	AD-files-public-surface
A0429	packages/files/package.json	31	93c83bec5173b9dab13c3c4085f1a7e83541a84ed678433ce79f657543b8028b	observed_evidence	AD-files-public-surface
A0430	packages/files/package.json	72	37a7724b3f7a53ffc95369f8bbddfda98b1a402109b1e2f0c87c9de25429e9ea	observed_evidence	AD-files-distribution
A0431	packages/files/src/bridge.ts	99	bc646f7da051392dde4a645ae887a4995a9b556b12dac45b08869b101cb6a935	observed_evidence	AD-files-bridge
A0432	packages/files/src/bridge.ts	176	2db109eca41fc1e6e2a2917062b99250bcdf62e2b6bc91d5ebc078bc5cf80166	observed_evidence	AD-file-digest-encoding,AD-file-magic-scope,AD-files-upload
A0433	packages/files/src/bridge.ts	234	5a9004d17721bf460773ef6ab7d183af91c964a3f6a9e9e77f1c4e11baefd1b6	observed_evidence	AD-file-digest-encoding,AD-files-finalization
A0434	packages/files/src/catalog.ts	1	8d64a30d9de151b649006a1d9871037ac5649ab6162ea5d7fd77c54fed07b155	authority,observed_evidence	AD-files-catalog
A0435	packages/files/src/distribution.ts	1	8740aa31dd7bb9b9ec87addf5b38f807949edfa3b9094e2e709325bc07ada76c	authority,observed_evidence	AD-files-distribution
A0436	packages/files/src/finalize/index.ts	105	bf650a301b747a55b0eb7c0f87ab235113f9d473b4538f6c8f04d81233519434	authority,observed_evidence	AD-file-digest-encoding,AD-file-retry-encoding,AD-files-attachment-read,AD-files-finalization,AD-files-provider-output
A0437	packages/files/src/finalize/index.ts	397	805bb8c301577cf939fb04406b22aafacf1a49abd580c159d189020278fc338e	authority	AD-file-retry-encoding
A0438	packages/files/src/index.ts	1	f726d2388f5af967d3239872146197522ac02b5f1a22a4a89d074a4175f1beee	observed_evidence	AD-files-public-surface
A0439	packages/files/src/ports.ts	1	8d64a30d9de151b649006a1d9871037ac5649ab6162ea5d7fd77c54fed07b155	authority	AD-files-port-contract
A0440	packages/files/src/ports.ts	165	8074536f3e14fa97291074dc4547e9c5e0af2ee85fa31af2aabde8d4db139ab9	observed_evidence	AD-files-fs-storage,AD-files-port-contract
A0441	packages/files/src/provenance/index.ts	44	6603464e157bd71be8abca6d9418977f126f89ce9c4191ff54779f6d53cb76f3	observed_evidence	AD-files-attachment-read,AD-files-provenance
A0442	packages/files/src/retention/index.ts	68	a4a940610a01ce2a9442fdec663c4fde6de6a14918c136476929129d38a8fba1	observed_evidence	AD-file-retention-clock,AD-files-retention
A0443	packages/files/src/retention/index.ts	101	4431c2ac65417a695cc14a7e3dfb123bd3c4e3b46ffe5b639b72b92a5cb05506	authority	AD-file-retention-clock
A0444	packages/files/src/upload/fs-blob-store.ts	1	8d64a30d9de151b649006a1d9871037ac5649ab6162ea5d7fd77c54fed07b155	authority	AD-files-fs-storage
A0445	packages/files/src/upload/fs-blob-store.ts	84	252b0a8b0894869cdbefcb81c3db0a2e4fd24d415c22b46f60d3ef4a4962107a	observed_evidence	AD-files-fs-storage
A0446	packages/files/src/upload/index.ts	128	eed45922bc3427579c3b9330d4b6bd132ed593000d3edf2f79fa305f6914f8f5	authority	AD-file-magic-scope
A0447	packages/files/src/upload/index.ts	134	10966ff4c6771eea9a16efb706c970664f9e05638af07db8fca0f09ec7036c9e	observed_evidence	AD-file-digest-encoding,AD-file-magic-scope,AD-files-upload
A0448	packages/files/src/upload/index.ts	171	0aac043af1cc817cbdae84ff23f0e03c48920de07939c5c2bf81c1c1ab192d2f	authority	AD-file-digest-encoding
A0449	packages/files/src/upload/index.ts	314	a5f82159d94fe20d79b895bd1cf9a6fb7d57cf46528e23fbbfbd35e53582e44e	observed_evidence	AD-files-provenance
A0450	packages/files/test/bridge.test.ts	137	98601917ca7b176d3e9874f72a7cc28ce4ef1af7d387d3d8f911d46adbc1e2b9	observed_evidence	AD-files-bridge
A0451	packages/files/test/foreign.test.ts	166	4660f5864213c17047eb9085bd6cafd90b063ffd45f53fb9aa1677ed62f328a5	observed_evidence	AD-files-fs-storage
A0452	packages/files/test/provider-output.test.ts	85	96cb6f7400f51430f2eda061ae6977e9260625600402e19cb8f2092871b67e01	observed_evidence	AD-file-retry-encoding,AD-files-provider-output
A0453	packages/files/test/provider-output.test.ts	579	850f46dbf07339bf7b525a2f740adbaec382419d023ee17dde77526c175099d8	observed_evidence	AD-file-retention-clock,AD-files-retention
A0454	packages/files/test/provider-output.test.ts	650	a2c334cd6fedde87b3aa2238c31af7923e604541ddd06125a564084d15246dab	observed_evidence	AD-media-graph-authority,AD-media-graph-digest,AD-service-safe-errors,AD-services-media
A0455	packages/identity/package.json	1	021fb596db81e6d02bf3d2586ee3981fe519f275c0ac9ca76bbcf2ebb4097d96	authority	AD-identity-public-surface
A0456	packages/identity/package.json	10	93c83bec5173b9dab13c3c4085f1a7e83541a84ed678433ce79f657543b8028b	observed_evidence	AD-identity-public-surface
A0457	packages/identity/package.json	19	37a7724b3f7a53ffc95369f8bbddfda98b1a402109b1e2f0c87c9de25429e9ea	observed_evidence	AD-identity-distribution
A0458	packages/identity/src/accounts/passwords.ts	21	73665c6a13035abecbcc6c07abbec002838d23624a8e8c7f5f8108c9d7b17e46	authority	AD-password-policy-knobs
A0459	packages/identity/src/accounts/passwords.ts	25	1ae9b348ff47667207fbbd49bc60b1a5f5f5d0bdd12e782c14e091f785661acf	observed_evidence	AD-identity-password,AD-password-parser,AD-password-policy-knobs
A0460	packages/identity/src/accounts/recovery.ts	22	2118c726da7fd68f3fd223765cb03eadfac2d7c4cad65b9beabc37622e737a1f	authority	AD-recovery-ttl
A0461	packages/identity/src/accounts/recovery.ts	32	e71f2fe36f695605fb964e1138ef0666366674a7153bdc0954425395340b7b31	observed_evidence	AD-identity-atomic-gap,AD-identity-recovery,AD-recovery-ttl
A0462	packages/identity/src/accounts/registration.ts	5	f4282c915f1e02cb5817eb4fa430103087c3adf2179313dfbfabb3e8fb9f7c99	authority	AD-email-identity
A0463	packages/identity/src/accounts/registration.ts	23	e25b6b283ffd39c83b176ccb9211ccb19924c96c87564dc70f4e04179209a771	authority	AD-verification-ttl
A0464	packages/identity/src/accounts/registration.ts	24	55dde5aa1248f14b4e07ead1b1f1bfe2d04915eea9c1566aa473280820cfa2f5	authority	AD-session-ttl
A0465	packages/identity/src/accounts/registration.ts	34	c70b2d1a65586aef22011bc3e28a0afbc47bf3daf41f201e565c810b73d72891	observed_evidence	AD-email-identity,AD-identity-account-registration,AD-session-ttl,AD-verification-ttl
A0466	packages/identity/src/accounts/registration.ts	72	2aabc207a8e5e377d7535e8c4577f78d527e92094b755ff9ec7a68a8656b4058	observed_evidence	AD-identity-password,AD-password-parser,AD-password-policy-knobs
A0467	packages/identity/src/authentication/audience.ts	28	f8f1c8ed4e65be6f54b2bb3118fe2c4292ef68496caebd4546077785428478e2	observed_evidence	AD-identity-resolution
A0468	packages/identity/src/authentication/context.ts	19	dd51465a87582d0c2af658b8ca8b355073ae2ec67b6a71a61ed4ba0bcb551af3	observed_evidence	AD-identity-ports
A0469	packages/identity/src/authentication/context.ts	64	c2204941f4afd651b78f18b1325559ae4da2f1b1944ef7333f26136ef0ff2cd5	observed_evidence	AD-identity-resolution
A0470	packages/identity/src/authentication/context.ts	89	127c272463a1381c5e30cb1f5e6dcaff226182a754cbac35e59b27396cd0cf85	observed_evidence	AD-base64-decode-domain,AD-hex-admission,AD-identity-credentials,AD-token-text-hash
A0471	packages/identity/src/authentication/grants.ts	17	f6c5588c833f9578dfd627539d35656be6d6e219f14ea06587c2a93b422edb9d	authority	AD-grant-ttl
A0472	packages/identity/src/authentication/grants.ts	37	a881f41d2ce46692f1aa6e99b1e2bfc5f5abec8265bde1481278b58afc956651	observed_evidence	AD-grant-ttl,AD-identity-grants
A0473	packages/identity/src/authentication/oauth.ts	1	8d64a30d9de151b649006a1d9871037ac5649ab6162ea5d7fd77c54fed07b155	authority	AD-identity-oauth
A0474	packages/identity/src/authentication/oauth.ts	40	b256d968e98d29ab5cc643b35e1e7cab6f47dfd2b0c2724890fcb24fe08ebfff	authority	AD-oauth-code-ttl
A0475	packages/identity/src/authentication/oauth.ts	45	ffd31ff244ecde7959b56879be5aa7552dff63a9fd64224b4be86f752239f313	authority	AD-oauth-redirect-pkce-admission
A0476	packages/identity/src/authentication/oauth.ts	70	04bf0b846ad0a411dff1d3ea7529af877a2a0ca086ead5e7e4b503fd95fecdad	authority	AD-oauth-redirect-pkce-admission
A0477	packages/identity/src/authentication/oauth.ts	97	ecb20a62b8f1d9861330857b78808fe10cdf2cc919b4ea20348f9a9e935f0171	observed_evidence	AD-identity-atomic-gap,AD-identity-oauth,AD-oauth-code-ttl,AD-oauth-redirect-pkce-admission
A0478	packages/identity/src/authentication/revocation.ts	10	1dc8c84281bc2b951fba1145d9edc073c76fbbfdd6a686f565217a17d873b4c9	observed_evidence	AD-identity-live-fence,AD-identity-revoke
A0479	packages/identity/src/distribution.ts	1	5bce4258d4f0641e6bc1a692bb39301c403bc86b9b182795dd132b9694004dfc	authority,observed_evidence	AD-identity-distribution
A0480	packages/identity/src/index.ts	1	8d64a30d9de151b649006a1d9871037ac5649ab6162ea5d7fd77c54fed07b155	observed_evidence	AD-identity-public-surface
A0481	packages/identity/src/ports.ts	1	8d64a30d9de151b649006a1d9871037ac5649ab6162ea5d7fd77c54fed07b155	authority	AD-identity-ports
A0482	packages/identity/src/ports.ts	37	c7685884786d2149c0611d275f08920e5e29f7ce9e7a53119ce021a530db99e2	observed_evidence	AD-identity-ports
A0483	packages/identity/src/sessions/comparison-node.ts	3	d5659013d7493cd80027ec6faf23f3747b371201ceaa21afab7e07602e2b9b1f	observed_evidence	AD-identity-comparison
A0484	packages/identity/src/sessions/comparison.ts	4	327acf3fef1d32522c21a30d3772e5bf705d616d416fbc02852f238e6483cc06	observed_evidence	AD-identity-comparison
A0485	packages/identity/src/sessions/cookies.ts	21	81f812140695d12d851981a5afa93abcdc3115d7277b3a8be60cf6104a803c1b	observed_evidence	AD-cookie-attributes,AD-cookie-first-target,AD-identity-cookie
A0486	packages/identity/src/sessions/csrf.ts	1	8d64a30d9de151b649006a1d9871037ac5649ab6162ea5d7fd77c54fed07b155	authority	AD-identity-csrf
A0487	packages/identity/src/sessions/csrf.ts	5	5b1a9e1a0493b27ca9b0c7021fef9ca0a05a759a22273a39b0bb323f7ee7632b	authority	AD-csrf-mechanism
A0488	packages/identity/src/sessions/csrf.ts	18	a454f0665a0338fb1cd21bfcdcd0de351cc8d717a8d098e4b20def7309f8214d	observed_evidence	AD-csrf-mechanism,AD-identity-csrf
A0489	packages/identity/src/sessions/presession.ts	26	c841daee21703002346bb771462241fd6ff4009c225fb3a39df677f42c9fe385	authority	AD-presession-ttl
A0490	packages/identity/src/sessions/presession.ts	36	89939f6beaf005d0bf0f8aa34168c82ffd87ee9c2f5b982e46d4140bf429695c	observed_evidence	AD-identity-atomic-gap,AD-identity-login-presession,AD-presession-origin-gap,AD-presession-ttl
A0491	packages/identity/src/sessions/presession.ts	60	b98e779846c677ff974b3034d2c6807f4fc28000b06107db6bdd1063e938a21d	authority	AD-presession-origin-gap
A0492	packages/identity/src/sessions/tokens.ts	21	3212a976efe37ddbd982936db81339c8263067c7112ee43cd55d16fe669e4b0f	observed_evidence	AD-base64-decode-domain,AD-hex-admission,AD-identity-credentials,AD-token-text-hash
A0493	packages/identity/src/sessions/tokens.ts	74	2627de0aee7737aa87aaf3a61d5efe4d4a827e0eb6c3689c2600c5b6be55efbc	observed_evidence	AD-identity-comparison
A0494	packages/identity/src/storage/d1.ts	1	8d64a30d9de151b649006a1d9871037ac5649ab6162ea5d7fd77c54fed07b155	authority	AD-identity-d1
A0495	packages/identity/src/storage/d1.ts	17	2c1e29c307ef08a532a67ebcdcee4f41929c712ccede8eecc6675aec6380c0ce	authority	AD-identity-atomic-gap
A0496	packages/identity/src/storage/d1.ts	149	af0a39a493039bd9cbd807a2f5c37588ccb4056ee851c63d431e23fa0c202db9	observed_evidence	AD-identity-atomic-gap,AD-identity-d1
A0497	packages/identity/src/teams/invitations.ts	13	0c816466e7b4e2a09aa980a7d549cea7502d7652952a22993c1c6e7395ff0a1c	authority	AD-invitation-ttl
A0498	packages/identity/src/teams/invitations.ts	27	90a7f8e8cd15c0eb984e2ee40b85c9bd8f6e6544ac6f2ca9f3d79b191ee6f5bb	observed_evidence	AD-identity-atomic-gap,AD-identity-invitations,AD-invitation-ttl
A0499	packages/identity/src/teams/membership.ts	17	d826bb5a67da0beafd8c1eab2d4c013c7514b24fec4b76b7663abffb537c7c6f	observed_evidence	AD-identity-atomic-gap,AD-identity-membership
A0500	packages/identity/src/teams/roles.ts	5	ebdc9d7b93d1c892c709bcdadeba872291f0192a4266c3d46bd0f5c6d0eecbd4	authority	AD-role-value-grammar
A0501	packages/identity/src/teams/roles.ts	27	da0d983ac060c7f151a58e808fd8131eb73526ba335843b24178c825f1c9cccd	observed_evidence	AD-identity-atomic-gap,AD-identity-roles,AD-role-value-grammar
A0502	packages/identity/src/teams/selection.ts	29	e7a69dc85894107de042ef441d1e429c3e70ec63ca0d2250d95c8979433a1816	observed_evidence	AD-identity-team-selection
A0503	packages/identity/test/teams.test.ts	75	1f621045ba25bce00be29d20d6bfc08b262ab52444aab550af48717a6a42e3ed	observed_evidence	AD-identity-atomic-gap,AD-identity-invitations,AD-invitation-ttl
A0504	packages/identity/test/teams.test.ts	199	76918eb04cc22cc34e419a9b681dc4ae5724567a2bf25453e0578530f1ef95b2	observed_evidence	AD-identity-atomic-gap,AD-identity-membership
A0505	packages/identity/test/teams.test.ts	241	526365786bc5dce4ecc3488043d8a67fd2019a6df0e1a147347058d7a6737a0a	observed_evidence	AD-identity-atomic-gap,AD-identity-roles,AD-role-value-grammar
A0506	packages/interfaces/package.json	1	021fb596db81e6d02bf3d2586ee3981fe519f275c0ac9ca76bbcf2ebb4097d96	authority	AD-interfaces-public-surface
A0507	packages/interfaces/package.json	10	93c83bec5173b9dab13c3c4085f1a7e83541a84ed678433ce79f657543b8028b	observed_evidence	AD-interfaces-public-surface
A0508	packages/interfaces/package.json	15	37a7724b3f7a53ffc95369f8bbddfda98b1a402109b1e2f0c87c9de25429e9ea	observed_evidence	AD-interfaces-distribution
A0509	packages/interfaces/src/distribution.ts	1	5bce4258d4f0641e6bc1a692bb39301c403bc86b9b182795dd132b9694004dfc	authority,observed_evidence	AD-interfaces-distribution
A0510	packages/interfaces/src/docs/reference.ts	1	8d64a30d9de151b649006a1d9871037ac5649ab6162ea5d7fd77c54fed07b155	authority	AD-interfaces-docs
A0511	packages/interfaces/src/docs/reference.ts	47	e68c5b60242eaa931a6ef0eb131c8269248121731b9c8d9f6ecdcc7cb9470db6	observed_evidence	AD-interfaces-docs
A0512	packages/interfaces/src/envelope/prepared.ts	109	b748a48a0cb991942e3c36d74f7f003b1d891ee787fa72cbb310637ef26020a6	observed_evidence	AD-csv-current-map,AD-csv-current-review,AD-csv-digest-wire,AD-csv-exact-grammar,AD-csv-product-map,AD-csv-row-transactions,AD-csv-size-gap,AD-csv-valid-duplicates,AD-interfaces-csv
A0513	packages/interfaces/src/envelope/versions.ts	31	fdc017d701b2f87319ca26d65fc26786a4b7a518486c6a390f123ef559d4f972	observed_evidence	AD-interfaces-version-check
A0514	packages/interfaces/src/errors/envelope.ts	32	eac91f9e0977e539aed9688c46f15a68cd8ff2e8c655f966a1caee34fbece6d8	observed_evidence	AD-interfaces-errors,AD-log-redaction-limit
A0515	packages/interfaces/src/errors/logging.ts	62	ce70b3ed702302ef719d062456d64b1aff090d028a68f506771ef9ca71ac7fea	authority	AD-log-redaction-limit
A0516	packages/interfaces/src/errors/safe.ts	30	2081f33c93b5e5027edc0b11cab586578710cd5e238c05483f584cfcbb73f21f	observed_evidence	AD-interfaces-errors,AD-log-redaction-limit
A0517	packages/interfaces/src/http/assets.ts	1	8d64a30d9de151b649006a1d9871037ac5649ab6162ea5d7fd77c54fed07b155	authority	AD-interfaces-assets
A0518	packages/interfaces/src/http/assets.ts	57	4c1f79ba96726d0dbed37a83ac70a2f94be5d582d8c41cdcddb93d9760fca402	observed_evidence	AD-interfaces-assets
A0519	packages/interfaces/src/http/auth.ts	4	ab1a3382d875528b59feb7e8698c34ea435e9849165b9e3ded84062fdd5c116a	authority	AD-auth-get-interim
A0520	packages/interfaces/src/http/auth.ts	156	5d24d7349db91c2a8855f3d2168b9980c558175be4048fd13b8175ff3328fce0	observed_evidence	AD-email-identity,AD-identity-account-registration,AD-session-ttl,AD-verification-ttl
A0521	packages/interfaces/src/http/auth.ts	180	aa13fab3ec34bf09217aa4a5733d4f6cae72440b9fcde2aabd5bcfeb0aaa4b78	observed_evidence	AD-identity-atomic-gap,AD-identity-login-presession,AD-presession-origin-gap,AD-presession-ttl
A0522	packages/interfaces/src/http/auth.ts	230	d4f6285a03a9a382323fbfd02ef20f0f4ba83093ddde599d1d48820954c255b6	observed_evidence	AD-identity-revoke
A0523	packages/interfaces/src/http/auth.ts	238	386ba754d5cd88089751a5fe004b57a035177327c1ed1778b048249ea130ef76	observed_evidence	AD-identity-atomic-gap,AD-identity-recovery,AD-recovery-ttl
A0524	packages/interfaces/src/http/auth.ts	272	7372dd55d4feec22947ab9c4626d282c662907a28b006c344cb7e48439c2e8eb	observed_evidence	AD-identity-team-selection
A0525	packages/interfaces/src/http/auth.ts	332	6f8688d8bd72bc59520b2f5d17ff932b6c4d415b7369f8401451c9cbdd845a84	observed_evidence	AD-auth-get-interim,AD-interfaces-auth
A0526	packages/interfaces/src/http/context.ts	44	34df260576a7d2286c4df6d3568e928c1b7add4365131a112e5c9691e842d461	observed_evidence	AD-http-anonymous-policy,AD-interfaces-http-operation
A0527	packages/interfaces/src/http/context.ts	49	1ad5ce86f9f8a48e7743689e1a34fe91fada0f2a6bc7e8230aafce2f86f74a12	observed_evidence	AD-cookie-attributes,AD-cookie-first-target,AD-identity-cookie
A0528	packages/interfaces/src/http/context.ts	81	845cde2e767cf0292a774d2b01367ad40c2d1c714fa0e919d2ea9bfb9621bc46	observed_evidence	AD-csrf-mechanism,AD-identity-csrf
A0529	packages/interfaces/src/http/csv.ts	13	d527a2618f62a0b90ddac876f836add4bf2c22740027eb787f638ba4b8669aaa	authority	AD-csv-current-map
A0530	packages/interfaces/src/http/csv.ts	27	64e752669b24739d5a68c49d86c86ee8371eacbb9e61a46741f62f2f9d4ab4f4	authority	AD-csv-digest-wire
A0531	packages/interfaces/src/http/csv.ts	37	64e752669b24739d5a68c49d86c86ee8371eacbb9e61a46741f62f2f9d4ab4f4	authority	AD-csv-row-transactions
A0532	packages/interfaces/src/http/csv.ts	138	3ccb3eb11f6340ab3144a01ecbb63dfc580f6c6f7a762d2630db49a9c3458a43	observed_evidence	AD-csv-current-map,AD-csv-current-review,AD-csv-digest-wire,AD-csv-exact-grammar,AD-csv-product-map,AD-csv-row-transactions,AD-csv-size-gap,AD-csv-valid-duplicates,AD-interfaces-csv
A0533	packages/interfaces/src/http/csv.ts	156	17c4b4ef09f64ae477734e9e3c5caa327ebfded8f57b9619e34e9ef3de701752	observed_evidence	AD-csv-exact-grammar,AD-ui-csv-grammar
A0534	packages/interfaces/src/http/csv.ts	165	b8f308820b59567c97fd4d412576d1d78aacaf86438fea1a29f51605bc156bc5	authority	AD-csv-digest-wire
A0535	packages/interfaces/src/http/csv.ts	233	6e49bb3ef3de1221d02c82b2d6666a8f3d82ac56a6b7b215800ec194dad0c484	authority	AD-csv-valid-duplicates
A0536	packages/interfaces/src/http/csv.ts	316	03e25e590e5b92b20ea578834d478da06b81be350379eb38d20ac14c0ef642d6	authority	AD-csv-size-gap
A0537	packages/interfaces/src/http/export.ts	12	02f24684c3bd8dcacee917ada1a35795bab1c82ebf196646914cca9eb1bc55f5	authority	AD-export-csv-bytes
A0538	packages/interfaces/src/http/export.ts	83	85868e4e9149c93c05d1a0ece977a8b85231c9c3b2548b182ac4a5a71a3dae87	authority	AD-export-download-gap
A0539	packages/interfaces/src/http/export.ts	115	1280b33e838657234b71a2ed93ba83d0f8af51bc67787c5833c6b527b2c730d9	observed_evidence	AD-export-csv-bytes,AD-export-download-gap,AD-interfaces-export
A0540	packages/interfaces/src/http/formErrors.ts	1	8d64a30d9de151b649006a1d9871037ac5649ab6162ea5d7fd77c54fed07b155	authority	AD-interfaces-form-rerender
A0541	packages/interfaces/src/http/formErrors.ts	62	14a5df8521deedd2c0bd8f488b109ba40c2b45fcded8a71761c05c37f73332ff	observed_evidence	AD-interfaces-form-rerender
A0542	packages/interfaces/src/http/limits.ts	1	8d64a30d9de151b649006a1d9871037ac5649ab6162ea5d7fd77c54fed07b155	authority	AD-interfaces-http-limits
A0543	packages/interfaces/src/http/limits.ts	5	0df57c514d1cf88242d09b0399fe3543adf4f41e94ab726af4ab459b774d77ee	authority	AD-interface-body-knobs
A0544	packages/interfaces/src/http/limits.ts	24	19ee44d777d244cd97c76e146f0b1a7a353d95671c88fa500633a0163e894729	authority	AD-csv-size-gap
A0545	packages/interfaces/src/http/limits.ts	38	f5a06854e1b1cd08ffa84c6a7c1bba6d584da1123292c3e3dd6f2acaf6e75e57	observed_evidence	AD-interface-body-knobs,AD-interfaces-http-limits
A0546	packages/interfaces/src/http/operations.ts	11	82df77340a3de5bd6dd94b1875cee5374df5d6c38bc5086f9fef73b835118ace	authority	AD-http-anonymous-policy
A0547	packages/interfaces/src/http/operations.ts	119	ec48f24caf600b4ec2f77369568d20ecce1984dee2ea050b2908daa6ff2cf680	observed_evidence	AD-interfaces-form-rerender
A0548	packages/interfaces/src/http/operations.ts	168	b020937103041a50b68e60e30842c26a99e9e4cda5c31e2eb2fe236f5fec2a9f	observed_evidence	AD-http-anonymous-policy,AD-interfaces-http-operation,AD-interfaces-input-derivation
A0549	packages/interfaces/src/http/operations.ts	195	ee6319d2bf4e0b1fdfa89ccd0337ef1dc915b7465a8ab08130df8d6e46959af4	observed_evidence	AD-interface-body-knobs,AD-interfaces-http-limits
A0550	packages/interfaces/src/http/operations.ts	287	1bb6d7e123b6ef6388c98cb4999dd8d9486112b92a57509bd1a66bbdf7e79b04	observed_evidence	AD-identity-live-fence
A0551	packages/interfaces/src/http/pages.ts	237	b691e16212ed55698be8e2b052b0b7f0c591246615220d4949e0dbab832f024a	observed_evidence	AD-interfaces-pages
A0552	packages/interfaces/src/http/presentation.ts	62	b5382c3c7cb1bfbaa35a4efe9c620874bb4c9f13cc2f5da332a5096af9ac709f	observed_evidence	AD-interfaces-pages
A0553	packages/interfaces/src/http/print.ts	1	8d64a30d9de151b649006a1d9871037ac5649ab6162ea5d7fd77c54fed07b155	authority	AD-interfaces-print
A0554	packages/interfaces/src/http/print.ts	118	9881e0d54825223017a61224fc88b70f6596dd2786e562fa56bf08aece5795c4	observed_evidence	AD-interfaces-print
A0555	packages/interfaces/src/http/routes.ts	1	8d64a30d9de151b649006a1d9871037ac5649ab6162ea5d7fd77c54fed07b155	authority	AD-interfaces-router
A0556	packages/interfaces/src/http/routes.ts	124	e73d3255f6891e496cb8bbf09d67f19618b59f08b7a6c8b89381d359d6097894	observed_evidence	AD-interfaces-router
A0557	packages/interfaces/src/http/routes.ts	139	ccbd213144b4b23fda97e8c15f8861245d2d46131f77c23831b08b84a22154b1	observed_evidence	AD-auth-get-interim,AD-interfaces-auth
A0558	packages/interfaces/src/http/routes.ts	142	feb9b8969b1984ddb37703b5f2803a7a578d9c7100b60938f2cd0eeefdd6a5d0	observed_evidence	AD-interfaces-uploads
A0559	packages/interfaces/src/http/routes.ts	145	2eda805c76d3ae71538cb7b9bf3bd2f293bf72babaadd1b9827d23d986b5d999	observed_evidence	AD-interfaces-ingress
A0560	packages/interfaces/src/http/routes.ts	148	b598ee83fa4f100b1bfcbb0c6a726ee847d2182c056422edfd070b8af62106ff	observed_evidence	AD-interfaces-oauth
A0561	packages/interfaces/src/http/routes.ts	152	1920cd75cbbab96dc431fddb80c594a47f6d0b4d5c51de388894cc8fac84d4be	observed_evidence	AD-csv-current-map,AD-csv-current-review,AD-csv-digest-wire,AD-csv-exact-grammar,AD-csv-product-map,AD-csv-row-transactions,AD-csv-size-gap,AD-csv-valid-duplicates,AD-interfaces-csv
A0562	packages/interfaces/src/http/routes.ts	156	deeb5945f05824ff2a9a3d10d04cf0cf9c6423222c0890037fbe4f68d799175d	observed_evidence	AD-export-csv-bytes,AD-export-download-gap,AD-interfaces-export
A0563	packages/interfaces/src/http/routes.ts	160	1e047d4f4ff1344b3e5d918c397192965687eea9d34496fe3bcf8af6adc979bc	observed_evidence	AD-interfaces-print
A0564	packages/interfaces/src/http/routes.ts	163	627c2157c8128640bfc247b84dc852e6a4b16f1b42fd324509e25351853edfbc	observed_evidence	AD-interfaces-pages
A0565	packages/interfaces/src/index.ts	1	8d64a30d9de151b649006a1d9871037ac5649ab6162ea5d7fd77c54fed07b155	observed_evidence	AD-interfaces-public-surface
A0566	packages/interfaces/src/ingress/mapping.ts	25	142b30589dc9786291f9eef9bdf624c708a1b262283025d11d6d0e05b5b1d12f	observed_evidence	AD-interfaces-ingress
A0567	packages/interfaces/src/ingress/routes.ts	135	d1b8c3bbbea971dd35b88454984fc1ce4764abca0a9551b644553bdc034a020e	observed_evidence	AD-interfaces-ingress
A0568	packages/interfaces/src/instrumentation/intake.ts	1	8d64a30d9de151b649006a1d9871037ac5649ab6162ea5d7fd77c54fed07b155	authority	AD-interfaces-intake
A0569	packages/interfaces/src/instrumentation/intake.ts	122	f92c0da44feee2c4b82b4044a3759666e72ab1399fe296ae6b00aff9f6783f5a	observed_evidence	AD-interfaces-intake
A0570	packages/interfaces/src/mcp/prepared.ts	1	8d64a30d9de151b649006a1d9871037ac5649ab6162ea5d7fd77c54fed07b155	authority	AD-interfaces-prepared-mcp
A0571	packages/interfaces/src/mcp/prepared.ts	127	3732e8208f8edc09e1f6a1849090841590e990351059f92686ad1bfd5922d9ba	observed_evidence	AD-interfaces-prepared-mcp
A0572	packages/interfaces/src/mcp/schemas.ts	1	8d64a30d9de151b649006a1d9871037ac5649ab6162ea5d7fd77c54fed07b155	authority	AD-interfaces-input-derivation
A0573	packages/interfaces/src/mcp/schemas.ts	51	b712080886aa995295796ee4e282356fa6bdd24653cd082c9ff9cc290fee88f4	observed_evidence	AD-interfaces-input-derivation
A0574	packages/interfaces/src/mcp/server.ts	118	e57721ab7c0e6ba11a134e6a2cc401c424069cf652a21e6926a3738208e86e14	observed_evidence	AD-identity-resolution
A0575	packages/interfaces/src/mcp/server.ts	131	e847b9a8e3888cb18897015e704a14b9188dd0786256611792d142d6ed6effeb	observed_evidence	AD-interfaces-errors,AD-log-redaction-limit
A0576	packages/interfaces/src/mcp/server.ts	449	47bbb053e8ece2a708c4fde8e17deb9a33be8554e065787d7a6b4458a615290c	observed_evidence	AD-interfaces-mcp
A0577	packages/interfaces/src/mcp/tools.ts	26	bac41ecfa10edfb375d6ded9ebcbe1e89a35fc9ebac5cb08fd8b924e3ab63d8a	observed_evidence	AD-interfaces-mcp
A0578	packages/interfaces/src/oauth/metadata.ts	15	e60cd34de7ea584d3b607298bdfdda2fe48991628cb637816b8df903dad9bdbb	observed_evidence	AD-interfaces-oauth
A0579	packages/interfaces/src/oauth/routes.ts	1	8d64a30d9de151b649006a1d9871037ac5649ab6162ea5d7fd77c54fed07b155	authority	AD-interfaces-oauth
A0580	packages/interfaces/src/oauth/routes.ts	200	c0fb8c1cc5de625ebe48229e1ff631baf6b7186285a3eb2ec0760cccb79b9460	observed_evidence	AD-identity-atomic-gap,AD-identity-oauth,AD-oauth-code-ttl,AD-oauth-redirect-pkce-admission
A0581	packages/interfaces/src/oauth/routes.ts	441	f9f2df0abb9c5719e326e3afde4328ea5cb4f209d51371f499225a24b652660c	observed_evidence	AD-interfaces-oauth
A0582	packages/interfaces/src/ports.ts	1	8d64a30d9de151b649006a1d9871037ac5649ab6162ea5d7fd77c54fed07b155	authority,observed_evidence	AD-interfaces-contracts
A0583	packages/interfaces/src/projection/project.ts	1	8d64a30d9de151b649006a1d9871037ac5649ab6162ea5d7fd77c54fed07b155	authority	AD-interfaces-projection
A0584	packages/interfaces/src/projection/project.ts	35	8d16a3f28359897c6b3be41c2c1a73c63600157bae208032801d80b3eb446960	observed_evidence	AD-interfaces-projection
A0585	packages/interfaces/src/uploads/kernel.ts	1	8d64a30d9de151b649006a1d9871037ac5649ab6162ea5d7fd77c54fed07b155	authority	AD-interfaces-file-kernel-binding
A0586	packages/interfaces/src/uploads/kernel.ts	165	d7a99a33de94fd0ad94e0e876199057ab80a5ef37b6b6c196d7f24ac1b6ee39f	observed_evidence	AD-interfaces-file-kernel-binding
A0587	packages/interfaces/src/uploads/principals.ts	26	8b61d6c2f4d9c83874a81bc53eec32ff4089986391b4ee70adf1d729003c6bde	observed_evidence	AD-interfaces-uploads
A0588	packages/interfaces/src/uploads/routes.ts	355	ceb4d912e3fbec0ee9cdab8b40b527574318c7edc360eeb0425eb976f3584ef9	observed_evidence	AD-interfaces-uploads
A0589	packages/interfaces/test/browser-assets.test.ts	48	69bf4403c65c1a88068ad15cf9f9d003b7dc58bbb1dfc5a549258bbd7777473b	observed_evidence	AD-interfaces-assets
A0590	packages/interfaces/test/csv-join.test.ts	66	6b23b29ab9b68771bd56d667740096cf2b2fbdd42bf92e06dbed8f8aaa779071	observed_evidence	AD-interfaces-router
A0591	packages/interfaces/test/csv-join.test.ts	116	ed9d14527eed1caecada21ca9f60a7618a05203c417e7c23dd7c0e805eb083d5	observed_evidence	AD-csv-current-review,AD-csv-digest-wire,AD-csv-product-map,AD-csv-row-transactions,AD-ui-csv-client
A0592	packages/interfaces/test/envelope.test.ts	187	0fdccc501afc3e752ea8cdb39aaa94a425665d69599956ceea5be23b1ba0ce12	observed_evidence	AD-interfaces-version-check
A0593	packages/interfaces/test/export-join.test.ts	221	0139be45e6860adbe1080adf40398facf6306ecfed3e09b9b0daebca894b3601	observed_evidence	AD-ui-print-client
A0594	packages/interfaces/test/intake.test.ts	68	d85a1cc31c44ec94d05eb785ec0fcbab34713566b5a00e4be85789b2bc63e895	observed_evidence	AD-interfaces-intake
A0595	packages/interfaces/test/owned-mcp.test.ts	154	581f8ba15ba37c289dcfc768e73cd757452712c2151498a61268222046e36a52	observed_evidence	AD-interfaces-prepared-mcp
A0596	packages/interfaces/test/projection.test.ts	33	d845c97c8a4d6f0f15689b44ddfe0ad3e39bd9e5a2dd21240d7c2c264c64a847	observed_evidence	AD-interfaces-projection
A0597	packages/services/package.json	1	021fb596db81e6d02bf3d2586ee3981fe519f275c0ac9ca76bbcf2ebb4097d96	authority	AD-services-public-surface
A0598	packages/services/package.json	30	93c83bec5173b9dab13c3c4085f1a7e83541a84ed678433ce79f657543b8028b	observed_evidence	AD-services-public-surface
A0599	packages/services/package.json	95	37a7724b3f7a53ffc95369f8bbddfda98b1a402109b1e2f0c87c9de25429e9ea	observed_evidence	AD-services-distribution
A0600	packages/services/src/catalog.ts	1	8d64a30d9de151b649006a1d9871037ac5649ab6162ea5d7fd77c54fed07b155	authority,observed_evidence	AD-services-catalog
A0601	packages/services/src/distribution.ts	1	8740aa31dd7bb9b9ec87addf5b38f807949edfa3b9094e2e709325bc07ada76c	authority,observed_evidence	AD-services-distribution
A0602	packages/services/src/http/client.ts	1	8d64a30d9de151b649006a1d9871037ac5649ab6162ea5d7fd77c54fed07b155	authority	AD-services-http
A0603	packages/services/src/http/client.ts	4	3a92b3c654fdcbe646f0e610c4b86410b495b03624375a44780827953f6a591f	authority	AD-service-origin-policy
A0604	packages/services/src/http/client.ts	55	415f6a4e550aaa5d74491afc7211207ff3a46edaa931a4092f70bd3bb2e15db4	authority	AD-service-cancel
A0605	packages/services/src/http/client.ts	84	a76f4ff8f8dd872351259501634b6427f36f71d1109871ceb53e53ed0f50ca41	observed_evidence	AD-service-cancel,AD-service-origin-policy,AD-service-quota,AD-services-http
A0606	packages/services/src/http/errors.ts	21	9adf64ed33bdf9089ea33acccac69856de239958b0fe36470e0867296d852e24	observed_evidence	AD-service-cancel,AD-service-origin-policy,AD-service-quota,AD-services-http
A0607	packages/services/src/http/pagination.ts	1	8d64a30d9de151b649006a1d9871037ac5649ab6162ea5d7fd77c54fed07b155	authority	AD-services-pagination
A0608	packages/services/src/http/pagination.ts	15	abc7233c812af6ec69a4c04346e0d1727ce2b822ab096476bfbfd95ab606c601	observed_evidence	AD-services-pagination
A0609	packages/services/src/index.ts	1	cba471f528b775bcc3c080020315f2e60a6aad9b6a86a1e9d2522ea22a5d1918	observed_evidence	AD-services-public-surface
A0610	packages/services/src/judgments/systemone.ts	1	8d64a30d9de151b649006a1d9871037ac5649ab6162ea5d7fd77c54fed07b155	authority	AD-services-judgments
A0611	packages/services/src/judgments/systemone.ts	97	3df9a5bd55d74bbcbaafd228455434f4cb3d77e16715753c772587db6e5bbb2d	observed_evidence	AD-service-safe-errors,AD-services-judgments
A0612	packages/services/src/mail/adapter.ts	1	8d64a30d9de151b649006a1d9871037ac5649ab6162ea5d7fd77c54fed07b155	authority	AD-services-mail
A0613	packages/services/src/mail/adapter.ts	4	a77e96e429c964fa0f5bc1bb73cd37c9e12026cac044b5f9f833f008f2c174ec	authority	AD-mail-attachment-quota
A0614	packages/services/src/mail/adapter.ts	10	d188b89c4b4200320131994f51f59fbe1cd2c0f84e8eb5d2eb62f2c155ace70e	authority	AD-mail-classification
A0615	packages/services/src/mail/adapter.ts	53	5974ccbf761368c07bf7986189537634faea586307204e957a20168faed82654	authority	AD-mail-attachment-quota
A0616	packages/services/src/mail/adapter.ts	80	f9f8ddb35193384fce62e39361d3c60c578970fcddb3b72af5a46ab7a067f922	observed_evidence	AD-mail-attachment-quota,AD-mail-classification,AD-service-safe-errors,AD-services-mail
A0617	packages/services/src/mail/adapter.ts	599	0ab1a1881d1fd46aa3afcd96d7ccdae756132659ee5679dc455116f9d2dbd114	observed_evidence	AD-services-port-contract
A0618	packages/services/src/mail/adapter.ts	628	7981dffba9922249d058c109a2ec3337fb434ad9189480aaa5b26ff3efd776c3	observed_evidence	AD-service-cancel,AD-service-origin-policy,AD-service-quota,AD-services-http
A0619	packages/services/src/mail/redact.ts	2	4fc95a6fd419b138f31815fb86474977a99f3d384527645021e4e29768936be8	authority	AD-service-safe-errors
A0620	packages/services/src/mail/redact.ts	13	18e63c0c3dc8f0809768e94ab0e8901ad2dbf9fdf284a1f5ba13540004da0669	observed_evidence	AD-mail-attachment-quota,AD-mail-classification,AD-service-safe-errors,AD-services-mail
A0621	packages/services/src/media/comfyui.ts	10	986d4704a9339cc4d75122ca1bfab2a5ba5cf1cad14ef91bc28dbbd606f8fc85	authority	AD-services-media
A0622	packages/services/src/media/comfyui.ts	134	1a1bca6bd36c4b063e917652e1ff60f78677eb1dd047433cb6715a0603298578	observed_evidence	AD-media-graph-authority,AD-media-graph-digest,AD-service-safe-errors,AD-services-media
A0623	packages/services/src/media/mapping.ts	30	89d5f18c2e40f93def3437b528cd61afd36956ff499a8221e0acf98b756050d9	observed_evidence	AD-media-graph-authority,AD-media-graph-digest,AD-service-safe-errors,AD-services-media
A0624	packages/services/src/media/mapping.ts	52	a1087a024295830c43c697822f4506096242a8b0f6d74a96d9cf2e998653e8d6	authority	AD-media-graph-digest
A0625	packages/services/src/media/mapping.ts	69	334731dc23dfc744e572e7b46b9da24382c2876123219a400c1cb5719f8bcc70	authority	AD-media-graph-digest
A0626	packages/services/src/models/ollama.ts	9	29c12b7e2ac1c1f604bce7d873354370d053c8737ec61efa42be457034cd7aef	authority	AD-model-final-and-cancel,AD-services-model
A0627	packages/services/src/models/ollama.ts	86	d8a08e10815192ada69af885edd0487c0a88c2243e7ce8e719439eb26bc3f60b	observed_evidence	AD-model-final-and-cancel,AD-service-safe-errors,AD-services-model
A0628	packages/services/src/ports.ts	1	8d64a30d9de151b649006a1d9871037ac5649ab6162ea5d7fd77c54fed07b155	authority	AD-services-port-contract
A0629	packages/services/src/ports.ts	151	98cf83c6a1e400f9bac95b29bb8ec1d2dec728496dd2f2dda03652b4e755ad38	observed_evidence	AD-services-port-contract
A0630	packages/services/src/scenarios.ts	1	8d64a30d9de151b649006a1d9871037ac5649ab6162ea5d7fd77c54fed07b155	authority	AD-services-scenarios
A0631	packages/services/src/scenarios.ts	77	5007c508ef0610fc23fde89bd91c185a2bfa6f571f52b3949fdcfb34521a337e	observed_evidence	AD-services-scenarios
A0632	packages/services/test/judgments-systemone.test.ts	39	a98bf0459f92ddb8750c61f750d0e0c1a45475c33652e32c9f54bb24955b31c4	observed_evidence	AD-service-safe-errors,AD-services-judgments
A0633	packages/services/test/mail-adapter.test.ts	44	eb7aa2012185ca1e46f52467380971ae2e784640f979fbddeec01231d7e03e68	observed_evidence	AD-mail-attachment-quota,AD-mail-classification,AD-service-safe-errors,AD-services-mail
A0634	packages/services/test/models-ollama.test.ts	40	da433b41ad8887bd25ebfaa515c32aaf21be6492e87c3a548b682949a05cf784	observed_evidence	AD-model-final-and-cancel,AD-service-safe-errors,AD-services-model
A0635	packages/services/test/pagination.test.ts	28	5d683386c29fa0e7ebe916b4bf87e006cab296490613916ea117c849591b5045	observed_evidence	AD-services-pagination
A0636	packages/state/README.md	14	0980474ec623a053f00529c9c60ac1bc5723ebab9b3c81104c88dcc8fcda56a4	authority	SW-036
A0637	packages/state/src/effects/staging.ts	33	6e5154ea1a1ecadb1ec088277997f2ff0bf6ceb5d0faab21f83016eebfea28a8	authority	SW-034
A0638	packages/state/src/effects/staging.ts	37	aeb74f5c904aaba6abfedaddad5331dba169b6ce46914a75561d6de893410f94	observed_evidence	SW-034
A0639	packages/state/src/effects/staging.ts	77	b3adeaf32c222974824686cfc41b8a8f348391961095c5a38c63d6d9d40f716d	authority	SW-033
A0640	packages/state/src/effects/staging.ts	79	5d32dcec5e35d6da44c7de6942785def1a0d2fb116e101e5a76c5dfcc20cd2bc	authority	SW-035
A0641	packages/state/src/effects/staging.ts	84	99ea9dea38f092945ccaf12df41bfe765eac4036685fd64cebbc452e87268b8c	observed_evidence	SW-033
A0642	packages/state/src/effects/staging.ts	156	6e0655b5706b89588bce058a2f4225fdd7024b267084616689f9e269b97c54eb	observed_evidence	SW-033
A0643	packages/state/src/errors.ts	15	558c5c5ebe57e2884305aa8ec7c647ade9059c239fe8eab9efd0fc766fa485b7	authority	SW-037
A0644	packages/state/src/errors.ts	55	c94f809c8908a6b92c8e3d2b7b28baff17db1f5aba715e15c556dd7a6d36766e	observed_evidence	SW-036
A0645	packages/state/src/errors.ts	75	84e18bf2bc6c6e12f23940103bc0fdb624cbe235d1ed18941b9a244261729089	observed_evidence	SW-037
A0646	packages/state/src/errors.ts	112	77ba7fd893a56685240021b4ff02572fd41da724bc83b36e2618a456baef377a	observed_evidence	SW-036
A0647	packages/state/src/fanout/lifecycle.ts	66	36cbc13a9a77fd976fe3aaf7d406c0b29ebc55ac850f311dc5524501cad9f883	observed_evidence	SW-080
A0648	packages/state/src/fanout/membership.ts	16	0d2ecc700e086e433cedb3d1668e69d713e46c995b00232a7b7138032fbf765f	observed_evidence	SW-076
A0649	packages/state/src/fanout/membership.ts	282	2c5b6a71159719f57f0a36ad07b04e39c65ca916cca22dff7649afec7e339d95	observed_evidence	SW-075
A0650	packages/state/src/fanout/membership.ts	457	f0a83ebd199d5bf5ab57646922268764c28e0c3e1f4db8b33a35346e4545a3a3	observed_evidence	SW-075
A0651	packages/state/src/fanout/outcome.ts	259	961d9de73101c4337d4628bdef008ae9226f741ad7e6923d5d60e8d1003cbf98	observed_evidence	SW-079
A0652	packages/state/src/fanout/progress.ts	43	737cee41f5da5ebe72dd48c2105985caa81878463c66ca945d63eef5473be5be	observed_evidence	SW-080
A0653	packages/state/src/fanout/tables.ts	200	9c69ff0c682416821179bdf3ddfbf28abfb534db463811dae75b6bf728a47ac3	observed_evidence	SW-077
A0654	packages/state/src/fanout/tables.ts	223	d1a703d44593a7c42f92e15d4e6e148a2d011679ad2901f94265c6bb288b7dda	observed_evidence	SW-077
A0655	packages/state/src/fanout/tables.ts	262	50f32d020fa9d85adff709dd673fec3a3379daf5ccf6409ce2975e38be9c3bde	observed_evidence	SW-064
A0656	packages/state/src/index.ts	1	8d64a30d9de151b649006a1d9871037ac5649ab6162ea5d7fd77c54fed07b155	observed_evidence	SW-088
A0657	packages/state/src/internal/json.ts	29	d85645328cf19530f991918e79f7d5c9e073997a6b33a867a75439cb2d6bc67f	observed_evidence	SW-035
A0658	packages/state/src/invocation/admission.ts	67	a40134a644e8673efef36fae7a45ce8209ad77f283fee6a21bf759520b0d17e3	observed_evidence	SW-008
A0659	packages/state/src/invocation/admission.ts	321	055dbcdab0fda0d4f5bdf53230e13d96a9bdf8bd77ff19b474aa7a5e1ccfc2e8	observed_evidence	SW-009
A0660	packages/state/src/invocation/admission.ts	323	f805f0cb193eb8572dfe5a2c25f34d3d53443741dc90de9d6b5f904b7fb633cd	observed_evidence	SW-010
A0661	packages/state/src/invocation/admission.ts	344	930a9d300f9c28a3cf5e2e39cf12327cc533871a74247c81f56f17b2786b3d0f	observed_evidence	SW-015
A0662	packages/state/src/invocation/admission.ts	373	61e6256afad35d2c7d2950a595030765e30d23bdb90de939a625ffd6c0fda7e8	observed_evidence	SW-037
A0663	packages/state/src/invocation/admission.ts	412	0737f848a7873b8b5b06556c05338ac038d74b3df7a97b9c56aabdecdec6e9d8	observed_evidence	SW-038
A0664	packages/state/src/invocation/context.ts	23	c7a05f1a1fdb5901a315a704719e469c05199096e35d4cd40f3d3150ba2f4534	observed_evidence	SW-011
A0665	packages/state/src/invocation/invoke.ts	186	c7698ee19d023302425cc09d779647bbfcc66f64fef754bffd2b347c39e21312	observed_evidence	SW-005
A0666	packages/state/src/invocation/invoke.ts	197	2b80e652eefb6b0188a9d9e7ee59eb6f28f2fb0c0fece4d73d970117ead6b4dc	observed_evidence	SW-012
A0667	packages/state/src/invocation/invoke.ts	229	2e7c294f81ad5899ee7d7565f6987c18b5e61dae97d6c9ca07652e3fc97c6acb	observed_evidence	SW-007
A0668	packages/state/src/invocation/invoke.ts	299	49f2bd87cd7b372a6327817e14ae4a913f22e94f060bfb4f3be545f7155d1999	observed_evidence	SW-004
A0669	packages/state/src/invocation/invoke.ts	305	00d160d14edc260c14ccfbeb8c213f51f66d26016a563f9d1ec8dd9abdf934fe	observed_evidence	SW-006
A0670	packages/state/src/invocation/invoke.ts	328	63dbcf2c4d467061f561eb6f364fc48e1ba2c818ca4034c76f331ae021e457f9	observed_evidence	SW-028
A0671	packages/state/src/invocation/invoke.ts	418	4406558e8a768079da44f7ecb0c051aafe748480a2c191f31f7b211f1f4f7493	observed_evidence	SW-020
A0672	packages/state/src/invocation/invoke.ts	556	ddc3d63c4e3a23ff56beaa032383b9c769e0a954f40d2f8c43a12eec9e6f9f24	observed_evidence	SW-078,SW-079
A0673	packages/state/src/invocation/prepared-inputs.ts	15	64e752669b24739d5a68c49d86c86ee8371eacbb9e61a46741f62f2f9d4ab4f4	observed_evidence	SW-024
A0674	packages/state/src/invocation/prepared-inputs.ts	16	711ac9aef1abd0ef56669ba9e1bb8e9f8608b3aaf1d590c4ec7a263ac58acddc	authority	SW-023
A0675	packages/state/src/invocation/prepared-inputs.ts	126	e386938b793b7145fc3c2c3b4a60680d0cb16a127991cd26035e7b6ad41f1461	observed_evidence	SW-025
A0676	packages/state/src/invocation/prepared-inputs.ts	152	55d8380d82a10cd32b9139040f261eeae2996094297ed280cbe1f255f458fa8c	observed_evidence	SW-023
A0677	packages/state/src/invocation/registry.ts	144	60a1fc35b7401a9c58f63973971901266580477139b7c56bf4782112ba22b3d9	observed_evidence	SW-022
A0678	packages/state/src/invocation/registry.ts	1143	069f8c0e8d49c1f67ff46d822d2db6ceebacf462c3d96181e8912a34cbae1358	observed_evidence	SW-022
A0679	packages/state/src/invocation/replay.ts	4	e424f1a0b960619aca889d53faeaedd3be5063a8173c2eae917e79d1bb6117e4	authority	SW-013
A0680	packages/state/src/invocation/replay.ts	20	e62b6d071054afdec28035ca12e4a6ccc5f7aeedca78a8f728c592a3d2b32e48	observed_evidence	SW-009
A0681	packages/state/src/invocation/replay.ts	26	2cdbeaa6a4b7b88d5b3096698fb646bc27bc4475ef4e588305ee95b0b89355f0	observed_evidence	SW-013
A0682	packages/state/src/invocation/replay.ts	39	dcf542119cd0957df8805cf99972fb3dcb9cf0b3fa6a58a666b969665cf47ac3	observed_evidence	SW-014
A0683	packages/state/src/invocation/replay.ts	65	7ec8c7cea4b18a7a4a104dc928774c7b37abfc53b35908c798646f2456dd8b46	observed_evidence	SW-009
A0684	packages/state/src/migration/activate.ts	9	dac718a005c921a2ec910c3e092d6c83ce075b22b457df629681c333904edb76	observed_evidence	SW-049
A0685	packages/state/src/migration/activate.ts	148	2d74c36f01270f4fdbe8e3115018c475640b2354d9cc2857b6d47e6c0ad188b3	observed_evidence	SW-049
A0686	packages/state/src/migration/activate.ts	222	beb3872ff4f298885c1092f5121a4f4c937ca8f64a5d8b8ed6a9dbd7ac98c185	observed_evidence	SW-047
A0687	packages/state/src/migration/activate.ts	404	61e3425bbdf6e1186159df8625c814441ef9724e1716d8ed6a0f726b0b031dad	observed_evidence	SW-045
A0688	packages/state/src/migration/activate.ts	781	1550dfbef60e95576f327d6f64452a7a99d1d42cb4139c69d6739440d138d4e8	observed_evidence	SW-049
A0689	packages/state/src/migration/mapper.ts	68	9b0a0041d7f5482319a5561ab3aa0cbb0254e796fb838e9a7e287347255ad394	observed_evidence	SW-046
A0690	packages/state/src/migration/recover.ts	71	45298e06da4d72e79fb7d02090c9d923bd354614ad62a99ebd0e57e9e1288378	observed_evidence	SW-050
A0691	packages/state/src/migration/recover.ts	187	8a56146606d2b334f3326f0c1e98cf41661ad368d30ab9b96730d201f86c4267	observed_evidence	SW-050
A0692	packages/state/src/migration/recover.ts	250	cdbbd3f23e8c1c42600494efbb41ac384aac7effbfd042cbecde38c61d8cfecf	observed_evidence	SW-050
A0693	packages/state/src/migration/retain.ts	12	1e92bb034747979575fc2c6c3df7c8b946465aba94bdb520da792583a109602f	observed_evidence	SW-047
A0694	packages/state/src/migration/stage.ts	22	c7da253c19d2f7f1f3beb4d225ac8a4e61bb3999531703af5b3c7d0a7a24dc69	observed_evidence	SW-090
A0695	packages/state/src/migration/stage.ts	115	cb95c934a9d282a4b3d62d039728935a2cb53ea43c1951e39f1ead455bab8ea0	observed_evidence	SW-045
A0696	packages/state/src/migration/transition.ts	239	83acfac32fc014b151d5ba5fad87eb1a8cfd70f6bb04fbfef60e90d2194c881c	observed_evidence	SW-043
A0697	packages/state/src/migration/transition.ts	365	e607779255d71abde311052fb561312846d6b8ad880a1e4e9397992e825d97cc	observed_evidence	SW-044
A0698	packages/state/src/migration/transition.ts	741	9d4cfa6d62a844039c4b2bb68e069a67cebd20bd46940d726f0a6223f1e56329	observed_evidence	SW-043
A0699	packages/state/src/migration/validate.ts	238	eb2822992ce52f427621356132d20cbddb6b9392cd094b68266a32eb87b85cd1	observed_evidence	SW-046
A0700	packages/state/src/migration/validate.ts	404	0c13f3060240cb4e23472a4e8a24003b116aa2fca2be463c88ff5080d99a9ab9	observed_evidence	SW-046
A0701	packages/state/src/mutation/models.ts	203	45863e59763104c40031495c790715f9e1d4897690fda93cd0287f4898c299d9	observed_evidence	SW-032
A0702	packages/state/src/mutation/pipeline.ts	95	1b8abe85cd26b2f547e66992eefb47e89a638b60ab0e6384b8cf5f51c9ca1083	authority	SW-029
A0703	packages/state/src/mutation/pipeline.ts	167	46a1f02c5582f91c49fdbf5c9e77be8a1a31538e55488bed8d5dad6e4ec579c3	observed_evidence	SW-028
A0704	packages/state/src/mutation/pipeline.ts	281	004e04b75799fcb9498b1a710488d606dca414dfa52725c284971620618a96de	observed_evidence	SW-032
A0705	packages/state/src/mutation/pipeline.ts	732	e7bed92e9dd0dcadeea18bd47d181a0f5baa41cbc7bb4be96a2a3f8ff17b2df1	observed_evidence	SW-026
A0706	packages/state/src/mutation/pipeline.ts	738	453c6b038afc6a55377d4859c1344dd16a00d6d07b92146df33fc24f78e8fe11	observed_evidence	SW-030
A0707	packages/state/src/mutation/pipeline.ts	858	02eb843dfb70ffd204bae22e09ed97609c2093fcc5913de93ad0d898e7fbcb72	observed_evidence	SW-029
A0708	packages/state/src/mutation/pipeline.ts	951	9671a76ab7a1fda42cc525be7fd7969e3b2aa6703fd2cabf121412191c9946eb	observed_evidence	SW-027
A0709	packages/state/src/mutation/pipeline.ts	1021	9850b000271a4e0d6c081211227c665a12985437b3ddec86dad053c9842d48d2	observed_evidence	SW-026
A0710	packages/state/src/mutation/pipeline.ts	1155	2e3928afec6a3a20f45cc4096c52ee9dbce9e8c8964f5c797cf7cfa92c53e906	observed_evidence	SW-031
A0711	packages/state/src/mutation/pipeline.ts	1161	9aac92bbc2dd80bb8fe154ed25e1a272fcd826c8da376dbe8c7b48536ad45b84	observed_evidence	SW-027
A0712	packages/state/src/mutation/pipeline.ts	1251	e427f2748ff88fec7fb5f00685e34a517eb298eae810b13e4c7385d5eff97a8b	observed_evidence	SW-031
A0713	packages/state/src/mutation/pipeline.ts	1404	f9656a4846a9afa26100e4c0d698bc075263332888fe9d5fe662f957f5eca923	observed_evidence	SW-030
A0714	packages/state/src/policy/grants.ts	121	44d8d2e5989e49b33715801baaea70d012d7876b1faacdeee00f388c4352965f	observed_evidence	SW-016
A0715	packages/state/src/policy/roles.ts	41	c4fea065b02304f9a1d5a62c0b2df3ed5bbad6417594370cbe1ac5b60d831a20	observed_evidence	SW-015
A0716	packages/state/src/ports/system.ts	2	d049e34dfcc9831e338d954f926a04fcd5619436bfe80fc75b06ab5bb8cf8069	authority	SW-042
A0717	packages/state/src/ports/system.ts	133	48cfefbd8b28fcd6f14bff5d60b5f5af8196eb1acc32af0051e995b47edbaf16	observed_evidence	SW-042
A0718	packages/state/src/ports/transact.ts	4	e8a3faa6491f48664b707dfb82abec11f68b5387bc0c8d0c3fda54134e03fcf7	authority	SW-005
A0719	packages/state/src/ports/transact.ts	53	139b3ff6a1905ae63b73f62d8b18fb3f7d17d2e00749e7e7e86abb20b75cd9af	observed_evidence	SW-005
A0720	packages/state/src/ports/transact.ts	132	0a5989c24c4db873123a1382d77df2d43e9b73fc3f6cdb4337c79f564488981c	observed_evidence	SW-020
A0721	packages/state/src/ports/transact.ts	194	e611fd4b034084183d361e9d8b50364377a66dc7818b47d73e137b17613f6b6d	authority	SW-039
A0722	packages/state/src/ports/transact.ts	206	60c6c6fab2e78b3a394eabb126d6ca1bba51b10b0b2bb0cc9cdd9d9610c1e931	observed_evidence	SW-039
A0723	packages/state/src/ports/transact.ts	328	9b66b52e96b6136fc6d1ebc798585e06986d4785f55a379810613634b5538464	observed_evidence	SW-040
A0724	packages/state/src/ports/transact.ts	420	71cfa42baf70cf421b4455f2ff3a1e5ba6bd1ce38d5dd795c2bff91fdfe40baf	observed_evidence	SW-040
A0725	packages/state/src/ports/transact.ts	430	bad3836e8fd7ccbccab5b992bfb87137689d677adf32ff52fad9f9a0f2f54a54	observed_evidence	SW-041
A0726	packages/state/src/query/engine.ts	76	e6aea2be170250a06739f5330819f4f50fc0a2c4e0d28b17c9c6bc3d0a1aabe1	observed_evidence	SW-018
A0727	packages/state/src/query/engine.ts	283	804c6e0a19ca3d9578da494f8155355b0e87cc46b80d2ded32dbc98b8d6dbb75	observed_evidence	SW-016
A0728	packages/state/src/query/engine.ts	341	22b8060a469965dd7f4e561c5ca8d8af71648f8148871afec54d6bebefd871a3	authority,observed_evidence	SW-021
A0729	packages/state/src/query/engine.ts	660	b2530f2e086135e02c2ad2f8dc3bd558b9e5a21daf98dd3e4087c2cf875bb11d	observed_evidence	SW-004
A0730	packages/state/src/query/engine.ts	732	9c686abf315c5194a8a24904dae97065784a10cc7262d213bed27fdcfc635cc1	observed_evidence	SW-017
A0731	packages/state/src/query/engine.ts	745	b92bb73e9be6534d6a2bd3975c934c3376015a79103fd4bc85c8cf8b8999681c	observed_evidence	SW-019
A0732	packages/state/src/receipt/grants.ts	123	9d36c99a6c9a013eba0b7c5328eb350d16150b434bce3e7fe4b87e85cd331337	observed_evidence	SW-065
A0733	packages/state/src/receipt/grants.ts	197	d3d67ff9e2a57f89f8e3e7418daaff554b162285d6a1a227f833a95397d91cb8	observed_evidence	SW-067
A0734	packages/state/src/receipt/grants.ts	220	67f6705e2e2c15a6f0a543a604e1143ed43efd10ccca5ab46ee010aff89dd24b	observed_evidence	SW-069,SW-090
A0735	packages/state/src/receipt/join.ts	259	f451437e7b2d9ce337d97bc312f2521efe1ab894ec18cfee9031e76b655eb934	observed_evidence	SW-065
A0736	packages/state/src/receipt/join.ts	328	552c0fb18829117cb6ab9529f894b8ca6c5d3d2ac0d8389da3e818383d96ba6e	observed_evidence	SW-068
A0737	packages/state/src/receipt/observer-loader.ts	7	facf20700499357b22b66e4323f4bcf53a0d31dbcfc2960fe282ba4bdc787827	observed_evidence	SW-074
A0738	packages/state/src/receipt/tables.ts	101	9f108ccd907ad0037f461a2ff039efa7414c99fa25dc41160532d4e02f8b4913	authority	SW-066
A0739	packages/state/src/receipt/tables.ts	106	cffb6d0e2b64fa05f85760184ad7250170c6e39a0d231430397f66956647080e	observed_evidence	SW-066
A0740	packages/state/src/receipt/tables.ts	230	abe9571100e132a189383a9e8f8493bcce28fef502579b7cc0b156fabf84ab28	authority	SW-070
A0741	packages/state/src/receipt/tables.ts	238	bf4b9a2fa7c843cb368b9797fb1043229c3644d175e6e64d23a2ca0bb5b018ad	observed_evidence	SW-070
A0742	packages/state/src/receipt/tables.ts	353	5cae52188daf89440c2c9ed1a6ad76fc92eb0bb2ea2cbf2807853bd1acadc616	observed_evidence	SW-066
A0743	packages/state/src/receipt/tables.ts	510	fc647ef241f527eb5e6b7bd0b10a0129b60d5d1d79dc053d92ca63c36b142220	observed_evidence	SW-066
A0744	packages/state/src/storage/d1.ts	66	36c698ee8d5cf2e9331e80eba63a2fe62c4d0f464a8066cd8514e3d9998adfe0	observed_evidence	SW-048
A0745	packages/state/src/storage/d1.ts	416	607245280ccfc5abe7143c329c5e2dc37ca1a6054178bf4bb5e3ab60813e803b	observed_evidence	SW-048
A0746	packages/state/src/storage/d1.ts	675	e55f0d541b56df6aea10b843535e67fff9d08dab19165b2da0d120d20f58c73c	observed_evidence	SW-002
A0747	packages/state/src/storage/d1.ts	905	7ec2746cd48211f76c415a72e097c41fde902ff1d5fd36ea22f2151d872def1b	observed_evidence	SW-021
A0748	packages/state/src/storage/durable-object.ts	430	607245280ccfc5abe7143c329c5e2dc37ca1a6054178bf4bb5e3ab60813e803b	observed_evidence	SW-048
A0749	packages/state/src/storage/durable-object.ts	1136	37d0a71c3663656e04aa694655386eafcf948aa8b33d7b9086866d6dc0e2a9a4	observed_evidence	SW-001
A0750	packages/state/src/storage/schema.ts	5	209a88316c3bc9fe35e2832c2132bf4f37e5b8e59e099a570c7e0b29c791a25a	observed_evidence	SW-002
A0751	packages/state/src/storage/schema.ts	38	0aa2abc4235e70d82f5a3563eb04dd44519b4d4dea00139a6792076f36b1dd81	observed_evidence	SW-003
A0752	packages/state/src/storage/schema.ts	42	4c9770d24ad21d816831380c70ffb928930b8d40baba0625222cd8a538598b78	observed_evidence	SW-008,SW-089
A0753	packages/stdlib/src/index.ts	4	8116ad9eb636a05772fa2eee851b192d65669dd788ddf0a8b57a435fb7679e79	authority	sv.assembly
A0754	packages/testkit/package.json	1	021fb596db81e6d02bf3d2586ee3981fe519f275c0ac9ca76bbcf2ebb4097d96	authority	AD-testkit-public-surface
A0755	packages/testkit/package.json	12	93c83bec5173b9dab13c3c4085f1a7e83541a84ed678433ce79f657543b8028b	observed_evidence	AD-testkit-public-surface
A0756	packages/testkit/src/fixtures/accounts.ts	1	54c7900c5e906f86f836f9f4a8ffa5d3c17d0099f6fd2b3f7fba142a4c67a9bd	authority	AD-testkit-fixtures
A0757	packages/testkit/src/fixtures/accounts.ts	20	1a8a9de4afe752c6b1a2c11b09e56cf3c69a060108480c4426bb9ff2bf172e25	observed_evidence	AD-testkit-fixtures
A0758	packages/testkit/src/fixtures/playback-worker.ts	1	8d64a30d9de151b649006a1d9871037ac5649ab6162ea5d7fd77c54fed07b155	observed_evidence	AD-testkit-playback
A0759	packages/testkit/src/fixtures/playback-worker.ts	43	150e57a4c722aed43c4a5239bc7e4daf121ab502d1753cdbddfbbd37ace2aa4d	observed_evidence	AD-testkit-playback
A0760	packages/testkit/src/fixtures/playback.ts	1	8d64a30d9de151b649006a1d9871037ac5649ab6162ea5d7fd77c54fed07b155	authority	AD-testkit-playback
A0761	packages/testkit/src/fixtures/playback.ts	38	da524345a225b75ca1a1360121ad2ff942fe0f74dd3517ca5388f8790e680b73	observed_evidence	AD-testkit-playback
A0762	packages/testkit/src/fixtures/seeds.ts	20	94667c4d80c42241b548f84bfe8e07e40db5156b30e21344a8e0c8ab2eb89cbf	observed_evidence	AD-testkit-fixtures
A0763	packages/testkit/src/index.ts	1	faad1ae3442d5bbf579373765eea2838dd616234cce0270a77e56e2a4621ec7e	observed_evidence	AD-testkit-public-surface
A0764	packages/testkit/src/reporting/report.ts	1	e0cbdab303939db3db5ed1394f8cc7d9c814984d13f730431eb0cabd77c9e204	authority	AD-testkit-report
A0765	packages/testkit/src/reporting/report.ts	29	036bf206b23ea17a3e832bb8268a4965421482006a4034b4556bb24d5c025751	observed_evidence	AD-testkit-report
A0766	packages/testkit/src/runner/loader.ts	1	da4ca4b45aa8ca36cf2cfcab369ec778efd8ab37032eede4e0e1fe989960d774	authority	AD-testkit-runner
A0767	packages/testkit/src/runner/loader.ts	45	d643e2e623bf86ba82ace5fb2c0c18c908f67c488b6f2fb1c7b98fa78cf6b9b8	observed_evidence	AD-testkit-runner,AD-testkit-sequence-gap
A0768	packages/testkit/src/runner/steps.ts	14	93a85f3e89eed05430a1a53800cd3c0c0421af6a419fa6212d55ac2d45582acf	authority	AD-testkit-sequence-gap
A0769	packages/testkit/src/runner/steps.ts	303	28d86778615f6af47bb1bc4f40face756749768e5111f114cfa234a5060c25af	observed_evidence	AD-testkit-sequence-gap
A0770	packages/testkit/src/runner/table.ts	62	750e0fd4cd28ad91987c1249596b2ecc35894e9ad27d0d5b3203ba432b5dde0e	observed_evidence	AD-testkit-runner,AD-testkit-sequence-gap
A0771	packages/testkit/src/runner/table.ts	88	59607505747a40531d79b2916fd970378c2048d38d726e2bb31a3011f0cef4fa	observed_evidence	AD-testkit-fixtures
A0772	packages/testkit/src/scopes/local.ts	1	772fcdf615078e1631cb0a0ed66170da558ab0c15ebbeffb5f67241797f7ef4c	observed_evidence	AD-testkit-local-scope
A0773	packages/testkit/test/isolation.test.ts	21	5ce9e367654c70e2ddb38119bc1cec6d52fafe741b321683db42a5ecf0306408	observed_evidence	AD-testkit-local-scope
A0774	packages/testkit/test/report.test.ts	7	314d8b2025fc1b7c1f00150dd132b636ff21e966efab95f0d9e6e2a9269eddee	observed_evidence	AD-testkit-report
A0775	packages/ui/package.json	1	021fb596db81e6d02bf3d2586ee3981fe519f275c0ac9ca76bbcf2ebb4097d96	authority	AD-ui-public-surface
A0776	packages/ui/package.json	10	93c83bec5173b9dab13c3c4085f1a7e83541a84ed678433ce79f657543b8028b	observed_evidence	AD-ui-public-surface
A0777	packages/ui/package.json	15	37a7724b3f7a53ffc95369f8bbddfda98b1a402109b1e2f0c87c9de25429e9ea	observed_evidence	AD-ui-distribution
A0778	packages/ui/scripts/build-browser.mjs	1	4949218de757741f2174599ad06408d4f369e2da90bbe7f4b32313bd792d7393	observed_evidence	AD-ui-build-assets
A0779	packages/ui/scripts/build-browser.mjs	53	b4ee4bc3b184c2c5df209253eb225ff21fa989608a29cd77bcd4f53a4d4fa93d	observed_evidence	AD-ui-browser-bootstrap,AD-ui-form-installed-gap,AD-ui-poll-contract
A0780	packages/ui/scripts/build-browser.mjs	136	afaab92c9187bc94485444ba550586d33ec93c04105e668be31dc1a47b33aa26	observed_evidence	AD-ui-browser-styles
A0781	packages/ui/src/appearance.ts	34	8b197df5eb7e30da3d53e2e05e260d316cf44943e3d3a04f125dc92079939f2d	observed_evidence	AD-ui-catalog
A0782	packages/ui/src/browser/bootstrap.ts	1	8d64a30d9de151b649006a1d9871037ac5649ab6162ea5d7fd77c54fed07b155	authority	AD-ui-browser-bootstrap
A0783	packages/ui/src/browser/bootstrap.ts	108	09d83d890dd8d041fce7bfdbe1b2e03958a8447c037a2a454216688bfb81accf	observed_evidence	AD-ui-browser-bootstrap,AD-ui-form-installed-gap,AD-ui-poll-contract
A0784	packages/ui/src/browser/export.ts	1	8d64a30d9de151b649006a1d9871037ac5649ab6162ea5d7fd77c54fed07b155	authority	AD-ui-export-client
A0785	packages/ui/src/browser/export.ts	71	c18ec19b0c8118979b4b3b4d0b4bf905fd97832565e56234d61bf40c3882e90f	observed_evidence	AD-export-download-gap,AD-ui-export-client
A0786	packages/ui/src/browser/instrumentation.ts	1	8d64a30d9de151b649006a1d9871037ac5649ab6162ea5d7fd77c54fed07b155	authority	AD-ui-error-client
A0787	packages/ui/src/browser/instrumentation.ts	44	97ca4322d611eb2a6dbf45facdf3dabb8bffd44b1d0f6b090c36ae4ac120a739	observed_evidence	AD-ui-error-client
A0788	packages/ui/src/browser/polling.ts	97	7b7752a99aef1a75dcef1aa77dea6586fca5ee0fdc3f9c02f8e9ebe34574465c	observed_evidence	AD-ui-browser-bootstrap,AD-ui-form-installed-gap,AD-ui-poll-contract
A0789	packages/ui/src/browser/print.ts	1	8d64a30d9de151b649006a1d9871037ac5649ab6162ea5d7fd77c54fed07b155	authority	AD-ui-print-client
A0790	packages/ui/src/browser/print.ts	59	7ecbb493f0f05b2d73e219f8f2c300992a11b82f102551fbcec65c3d75e17075	observed_evidence	AD-ui-print-client
A0791	packages/ui/src/browser/style.css	1	8d64a30d9de151b649006a1d9871037ac5649ab6162ea5d7fd77c54fed07b155	observed_evidence	AD-ui-browser-styles
A0792	packages/ui/src/catalog.ts	1	8d64a30d9de151b649006a1d9871037ac5649ab6162ea5d7fd77c54fed07b155	observed_evidence	AD-ui-catalog
A0793	packages/ui/src/client.ts	1	8d64a30d9de151b649006a1d9871037ac5649ab6162ea5d7fd77c54fed07b155	authority	AD-ui-form-client
A0794	packages/ui/src/client.ts	4	36e57b9b897092d2735d5acc5ae1fadcfa9412e9d6c79f98aa7e1f71b486134a	authority	AD-ui-form-installed-gap
A0795	packages/ui/src/client.ts	46	9fc7d82e4a910efd73e28270757d4060ae3dffdaeebfb8a7aee14a8c783441d5	observed_evidence	AD-ui-form-client,AD-ui-form-installed-gap
A0796	packages/ui/src/client.ts	615	62b94049d38bb5f93566c0bb83193486be8eb93c1a3a039a59629dd5cf4e3fc1	observed_evidence	AD-ui-forms-projection
A0797	packages/ui/src/collections.ts	1	8d64a30d9de151b649006a1d9871037ac5649ab6162ea5d7fd77c54fed07b155	authority	AD-ui-collections
A0798	packages/ui/src/collections.ts	125	a83ecec55dd662147a0825bc99959948fc34230954d4c54b19db27dd4a6f99f1	observed_evidence	AD-csv-product-map,AD-ui-collections
A0799	packages/ui/src/collections.ts	547	8da440a6c4fe4e830b484d8a3f1c57202d52f9ffb89a200d240499c628281b7d	observed_evidence	AD-ui-htmx
A0800	packages/ui/src/components.ts	59	ec2c5b469319e5acc044dbb8b9ba41fc02d0a8e9efdb484b63c22f1f86c873ed	observed_evidence	AD-ui-component-renderers
A0801	packages/ui/src/controls.ts	384	a612c3fcec9797f3a107eccc491b29a0e04d8192bf60f574204d7570b7d04c7e	observed_evidence	AD-ui-component-renderers
A0802	packages/ui/src/csv/grammar.ts	7	dd3e4e368d9a9046c6c32f48f8ed2826eacc24dda5884565228a4859064946f0	observed_evidence	AD-csv-exact-grammar,AD-ui-csv-grammar
A0803	packages/ui/src/csv/parse.ts	66	7601745821df08f8aed79f54c222fb4d08e4ce370c572ffcb67421a521a18944	observed_evidence	AD-csv-current-review,AD-csv-digest-wire,AD-csv-product-map,AD-csv-row-transactions,AD-ui-csv-client
A0804	packages/ui/src/csv/preview.ts	93	120d02e6e34cb2c86d30ff9c70e414a02038649e873aea4e9c1ffcf09e2a1b86	observed_evidence	AD-csv-current-review,AD-csv-digest-wire,AD-csv-product-map,AD-csv-row-transactions,AD-ui-csv-client
A0805	packages/ui/src/distribution.ts	1	5bce4258d4f0641e6bc1a692bb39301c403bc86b9b182795dd132b9694004dfc	authority,observed_evidence	AD-ui-distribution
A0806	packages/ui/src/escape.ts	22	c1ac6fe1e8b3158d81f68f80eb225b8a0e45bea15a0d89de797c671bb0195dbe	observed_evidence	AD-ui-escaping
A0807	packages/ui/src/forms.ts	1	8d64a30d9de151b649006a1d9871037ac5649ab6162ea5d7fd77c54fed07b155	authority	AD-ui-forms-render
A0808	packages/ui/src/forms.ts	133	866369a04c6c0c9d09fa3a810c41a57951d445c39d8e65a8d1c995a134ac18ee	observed_evidence	AD-ui-form-installed-gap,AD-ui-forms-projection,AD-ui-forms-render
A0809	packages/ui/src/forms.ts	270	a58a12a7cb1022ee5f30d226c129efa75b4337935812c16d5b6c8647603ec82f	observed_evidence	AD-ui-escaping
A0810	packages/ui/src/htmx.ts	1	8d64a30d9de151b649006a1d9871037ac5649ab6162ea5d7fd77c54fed07b155	authority	AD-ui-htmx
A0811	packages/ui/src/htmx.ts	55	5f888720336dff9d2f84d97501e3f711d1da83bc0d6930b899808fdb9702b48a	observed_evidence	AD-ui-htmx
A0812	packages/ui/src/index.ts	1	8d64a30d9de151b649006a1d9871037ac5649ab6162ea5d7fd77c54fed07b155	observed_evidence	AD-ui-public-surface
A0813	packages/ui/src/messages.ts	35	f85fffdc0a5297e5b1305f6531ac2f2c182c0e74a48723b2a2ce3420b07ddff7	observed_evidence	AD-ui-message
A0814	packages/ui/src/navigation.ts	43	94ec77bf21dff6045cad9da5ce2b238cb3f50d37a613243a2b6cb6ac1270a517	observed_evidence	AD-ui-shell,AD-ui-shell-missing-join
A0815	packages/ui/src/policyPage.ts	5	ea9c83e52f9359c349c56dd965875b5a62c38a9dac221259d09e866e246109c0	authority	AD-ui-policy-review
A0816	packages/ui/src/policyPage.ts	158	340f460fb08641956867b569ccced6cd0fe48b581a732bfbb89a6a6457253215	observed_evidence	AD-ui-policy-review
A0817	packages/ui/src/policyPage.ts	201	8d32d13f2f6e001c758ca13b03b99acb21501aa04301cc3058e34a2ee1439f59	observed_evidence	AD-ui-policy-review
A0818	packages/ui/src/review.ts	87	57aead25537f16806961056f7caa8940dbab5f40a652e3f93cb99d07ebb7b659	observed_evidence	AD-ui-policy-review
A0819	packages/ui/src/settings.ts	201	dffcf9b3bf7822ef7b41d779f6c7ce22de8d7a16b048cef23528c6333e489ee8	observed_evidence	AD-ui-settings
A0820	packages/ui/src/shell.ts	59	10b8e5083bd8e7087e33981212c34af33b5ab91f9973497371b895715c58cee3	observed_evidence	AD-ui-shell,AD-ui-shell-missing-join
A0821	packages/ui/src/shell.ts	84	10db173ca04f01fce4cdc394f5e8ce9981a6fab5ddd796de84279ce5240a9ff9	observed_evidence	AD-ui-message
A0822	packages/ui/src/shell.ts	202	bebc1b5eca02b0f2ed46f091e62b94501770f7e8f344a37ce4606a56b36c8afb	observed_evidence	AD-ui-shell-missing-join
A0823	packages/ui/test/browser-export.test.ts	266	b1b1670c07c04e6c82af92dc558362ce3ba3117dcc8e816ef433d681df200574	observed_evidence	AD-export-download-gap,AD-ui-export-client
A0824	packages/ui/test/browser-instrumentation.test.ts	136	d73cf77fa100a15ae21bea6359cae815196bdfb265ee65bde567b373262906d5	observed_evidence	AD-ui-error-client
A0825	packages/ui/test/settings.test.ts	50	12e621d87f37f9c25cc63eec26e83360ad5a737444c90dafd8a285a94a800ab8	observed_evidence	AD-ui-settings
A0826	packages/ui/test/t20b-client.test.ts	266	fa0cbc0530ae85ad6111619de301c0023884539c401818066eb65f6c0fa5024c	observed_evidence	AD-ui-form-client,AD-ui-form-installed-gap
A0827	packages/ui/themes.css	1	8d64a30d9de151b649006a1d9871037ac5649ab6162ea5d7fd77c54fed07b155	observed_evidence	AD-ui-build-assets
A0828	packages/values/bindings/backend.ts	20	d94a00ce6c445c8debb12ea2242e76d3bfa412e74c5ec13d12c11d9d47a001f9	authority	vv.synchronous-backend
A0829	packages/values/bindings/backend.ts	44	ca3e9081b7474c592f09a7d8e64a48b99fba7b9dd7cb2374902a16ec48a008f5	authority	vv.synchronous-backend
A0830	packages/values/bindings/backend.ts	48	233a293aad9f8d251a639c53a6c7e4bd6b1b6a40de2872abf6365128fd98e3bc	authority,observed_evidence	vv.backend-own-operation
A0831	packages/values/bindings/backend.ts	88	b8fba3e3361e74b8312410a128731350aa25886ff943ac4d193639889bc38fc8	observed_evidence	vv.no-retry-rollout,vv.synchronous-backend
A0832	packages/values/bindings/bootstrap.ts	50	af3851561a075d679a63485d700fd451efc745b1c395a4c83f7fbe947ced6d4e	authority	vv.bootstrap-integrity
A0833	packages/values/bindings/bootstrap.ts	67	f729f5c6dc12517060c1bc5ddd027ff08142a3f94062e3b74d45f79af77d831e	observed_evidence	vv.bootstrap-integrity
A0834	packages/values/bindings/carriers.ts	3	9e5c6afa227082e7ca77a5350ab50afbc2575ecdd2368d536e54af30eaeedd78	authority	vv.immutable-carriers
A0835	packages/values/bindings/carriers.ts	24	d36e6aea36ac44758a69826194ecc481ee84c7f54a46dd2b99a1859a4d8e5a48	authority	vv.exact-transport
A0836	packages/values/bindings/carriers.ts	55	83dda4f80c478ec577bae46590d4e1fa0c9e0b87b4267f41a935139265561bfc	observed_evidence	vv.decimal-scale-negative-zero
A0837	packages/values/bindings/generated/BUILD.json	1	021fb596db81e6d02bf3d2586ee3981fe519f275c0ac9ca76bbcf2ebb4097d96	observed_evidence	vv.generated-integrity
A0838	packages/values/bindings/owned-input.ts	20	9a2b50f6cba5a56429d26ee3696e5ae4593aa6fea5b21cb91bbeabf7bd5741e1	authority	vv.owned-body
A0839	packages/values/bindings/owned-input.ts	66	33207702ee2e32803f500e32e9880e687d830a363c635172689e57c6dba711db	authority	vv.owned-body
A0840	packages/values/bindings/owned-input.ts	71	429c104bad5cc854fecc623c4640fb6e92c08a148da3baca5ca01615901f5270	observed_evidence	vv.owned-body
A0841	packages/values/bindings/plans.ts	114	0700f30b5c3873f32e114c9297a2dd9eea4199cd997f9cc4a23987e67437e3c4	observed_evidence	vv.plan-owner-lifetime
A0842	packages/values/bindings/plans.ts	153	6d1052a496277b57ee70fa92dbf44c5297df6db1d1381f8675ee1a5b4ad0c975	authority	vv.retired-capacity-divergence
A0843	packages/values/bindings/validation.ts	7	3c191d554955536bce3e12f01047a2d17684111d011f049f9f995b3cbfeb1d72	authority	vv.native-profile-stages
A0844	packages/values/scripts/build-semantics.mjs	4	5c0cf679227e3cac455a9dc95c35e9ba2f84f22210e29d5a651ef1675164e084	authority	vv.generated-integrity
A0845	packages/values/scripts/emit-semantics-inputs.mjs	66	2cdaf4171d9eab8720f2553b4d962c4a3688bfc7e0fe773c280e93d34a3a0eb7	authority	vv.currency-source
A0846	packages/values/scripts/stage-semantics.mjs	1	90edae4f3970a39f63f5d12d66c605ed0d5af68c12967381559877ba026adfe9	authority	vv.generated-integrity
A0847	packages/values/semantics/Cargo.toml	18	38653af0aacc4de50e49652408292afd441552233214114f0745d08369c4b6da	observed_evidence	vv.transport-f64-roundtrip
A0848	packages/values/semantics/src/codecs/numeric.rs	155	f16b653f08f463d9050ee10398e3127cbbee3518991813cc0f8c7fe82c3eb5ee	observed_evidence	vv.string-diagnostics
A0849	packages/values/semantics/src/codecs/numeric.rs	159	228513183963a8ecd4a246f55aa8c731436ec1bcbf748d402d6db4fb9610f513	observed_evidence	vv.native-astral-truncation
A0850	packages/values/semantics/src/codecs/numeric.rs	421	a9070696674e11d7bb7ba10b068e277138e545eead4857e2bc591dfd4399e6c1	observed_evidence	vv.wire-time
A0851	packages/values/semantics/src/input.rs	71	d52ecf552a3a22a4334539c04bfeaf14084648b31dc76d5824fe5905163fa79a	observed_evidence	vv.structural-carrier
A0852	packages/values/semantics/src/input.rs	145	7704226718361c926cbead140c7d9f596326cbab1760ef4bdc46a05d94d70b16	observed_evidence	vv.structural-mint-budget
A0853	packages/values/semantics/src/input.rs	184	7be3c8f5be1b7e393d154362df327d734fc009d317ea28806320301cf7f39ca9	observed_evidence	vv.structural-nan-exclusion
A0854	packages/values/semantics/src/plans.rs	719	c9df184cc54aed07d08a4547549e0fce14bcee21e6807d2984309e6a808d1626	observed_evidence	vv.retired-capacity-divergence
A0855	packages/values/semantics/src/profiles.rs	627	1974885eabae63851ba6dcabd5a11b7b01fc170908afbdc9ff6cd810cd686815	observed_evidence	vv.native-profile-stages
A0856	packages/values/semantics/src/representations/numeric.rs	319	51c49e2f0077635bc90756a0b6096905117d112da337dd88c1136553f73745f5	observed_evidence	vv.number-diagnostics
A0857	packages/values/semantics/src/transport/exact.rs	32	b3245130e15cb20a9c8dbdb0e81df348d159a2e2c22e7f8c617548093295d05b	authority	vv.exact-transport
A0858	packages/values/semantics/src/transport/exact.rs	843	5c2f3b8c4b3431acba36b1528e616eaec6e347e2f58386561eb56cca6dc238df	observed_evidence	vv.exact-transport
A0859	packages/values/src/array.ts	72	546bf264c7def7b778356c6383f8ceb5fbf10e128a3fee771180eb59bfb6ae42	authority	vv.array-empty-identity
A0860	packages/values/src/array.ts	86	6fc379f7b48233a3677250954858a819d17232d9bcb389403bf801114a4929de	observed_evidence	vv.array-omission
A0861	packages/values/src/array.ts	106	b3dd1d14e090ee2b9ea22aba23dcb5592fbc3d4a2c4a83b20c8d81bc48306bd0	observed_evidence	vv.array-order
A0862	packages/values/src/array.ts	152	dd8318b8cd39549c1f76fc62ba4e73399027f4069aca439b28a0fa8fbdcb94d7	observed_evidence	vv.aggregate-final
A0863	packages/values/src/array.ts	170	69f23597068d8ec5863ee439fbabc1b9f7ba3ce9db0d186be29e8f33c7640ee1	observed_evidence	vv.aggregate-pass-order
A0864	packages/values/src/array.ts	319	e9098353c65b67035e93920e80f0f8eb43cf333ed384fb1dd44f9fb4a9e2fd47	observed_evidence	vv.extrema-identity
A0865	packages/values/src/array.ts	340	d2fdd6a2f88c874aafb59df88b858d2b02f9c53abbea99aae3fc9b4401361c57	observed_evidence	vv.extrema
A0866	packages/values/src/array.ts	353	e5360562d28c7492a6e68a649c100fc4b172353b568d240fd4edead2e57748c6	observed_evidence	vv.array-predicates
A0867	packages/values/src/catalog.ts	3	9833ca1a7dc83cc88ad5b7efcb82589c0b3469785511c170eb77950317beadd7	observed_evidence	vv.catalog
A0868	packages/values/src/catalog.ts	5	8d64a30d9de151b649006a1d9871037ac5649ab6162ea5d7fd77c54fed07b155	authority	vv.catalog
A0869	packages/values/src/catalog.ts	20	7ba0d4ad32af24fa9d9ba8d358f41e1073b26e3db9382829e39aabfcd85c3d63	authority	vv.array-predicates
A0870	packages/values/src/catalog.ts	23	254fdbc5c308f09a68083f543c5cfd248a69b183ae2f9f59fd4d2b7bb2ede302	authority	vv.array-predicates
A0871	packages/values/src/catalog.ts	25	9f3c83d09453567266ec1fd3d2a4df695c0361b8cc7d503f7d6de8b39263ce22	authority	vv.dispatch
A0872	packages/values/src/currency-data.ts	1	8d64a30d9de151b649006a1d9871037ac5649ab6162ea5d7fd77c54fed07b155	observed_evidence	vv.currency-source
A0873	packages/values/src/decimal.ts	71	0c91bbd01b57e3a79b5a2614039c90686be8dc52e872bcd9382e9ed15f948955	authority	vv.decimal-representation
A0874	packages/values/src/decimal.ts	90	6d96a0b7e2e772ae3ee931bde4d78773d8aa23e7809068d0acccf761b9c5fa1f	observed_evidence	vv.decimal-scale-negative-zero
A0875	packages/values/src/decimal.ts	95	2b2e838bc95805052047668d44594011e0122246740cadc37b564d4e19d3ad7f	authority	vv.decimal-structural-admission
A0876	packages/values/src/decimal.ts	96	07e9ca9636ee5575a022bdbee3523f6e0e64d465289da32cde69eb13c1d00680	observed_evidence	vv.decimal-structural-admission
A0877	packages/values/src/decimal.ts	140	f6dd1de688def9253588ce6e9c52a0fc4f2aee79240f94349b913f8d5bcdc2f9	observed_evidence	vv.round-operation
A0878	packages/values/src/decimal.ts	191	d7934acdfae88033ca92e89b0897c4663ab308de19e66ada255819829554e46b	observed_evidence	vv.decimal-math
A0879	packages/values/src/decimal.ts	313	8533089628d80fb72206cf4e56ff0c9b102c6ae38168fb44aa7295dbcd8230bb	authority	vv.round-operation
A0880	packages/values/src/decimal.ts	350	109736b971bb38b3bd7de5196da09249573cacc0e2fc404dab912342c37b9c19	authority	vv.decimal-lexeme
A0881	packages/values/src/decimal.ts	356	79085700312d6af42bab7936235f4625ea66fb490cc2f6114bcbaaab261eb194	observed_evidence	vv.decimal-representation
A0882	packages/values/src/decimal.ts	362	f25048e4f8b8094fd4613bb4c67d5a52e1c946b9e344c94fe0d7fddc85b33862	observed_evidence	vv.decimal-lexeme
A0883	packages/values/src/decimal.ts	396	8395a0425624c530e501b619cda79f3937cd18cdac2e2aa6ef4c3cf00e76c7f8	authority	vv.decimal-print
A0884	packages/values/src/distribution.ts	2	8735083b5fe67b755cfa4e24c5320b05bb6eb0a26fc8f5a46840709d218589eb	observed_evidence	cv.distribution
A0885	packages/values/src/equality.ts	334	c04ec3f483252d2559c3518c15803ce947bc5ec4a30ddda33fbd4909298fc361	observed_evidence	vv.typed-equality
A0886	packages/values/src/errors.ts	16	8d64a30d9de151b649006a1d9871037ac5649ab6162ea5d7fd77c54fed07b155	authority	vv.errors-typed
A0887	packages/values/src/errors.ts	37	33dd343f4e2601da9c89160c88247acf45e0fd8930344b7298821be5f9c7579f	observed_evidence	vv.errors-typed
A0888	packages/values/src/icu.ts	136	4179da984add8b6cbddb1af13d0ca6dcfc2a25bb25a4e2f28c7d0c047b070fb3	observed_evidence	vv.icu-descriptor
A0889	packages/values/src/icu.ts	171	98ea8b4346095e23fef269958023e2f926f8770273311e29b0d3403e2b460dcc	observed_evidence	vv.prototype-policy
A0890	packages/values/src/icu.ts	255	909f04fbd2fa92de9d5faa3b6b1b211bf83b11ee5850452b813fc5b2e79de20a	authority	vv.icu-nesting-cap
A0891	packages/values/src/icu.ts	279	0fcdf17537c8090d6000e1a843ba8d805ac5b58216efe30af14fcff58200108e	observed_evidence	vv.icu-syntax-residual
A0892	packages/values/src/icu.ts	370	96ae23753da8d94c1cc3495f70bc222ca7f2871074aadb6842e499237a178a8c	observed_evidence	vv.icu-nesting-cap
A0893	packages/values/src/icu.ts	553	f7deac87edcece283886c162fc4deba2671a6aa8fca230a8345fd6100f9a9b3d	observed_evidence	vv.icu-profile
A0894	packages/values/src/icu.ts	969	93350430e02ce9da5e41d9c3d4141c7ccd72a1eb89dd43f1f99b7ec3577d76ea	observed_evidence	vv.icu-safe-plural-subdomain
A0895	packages/values/src/icu.ts	1126	90c10e3278f5f4de7000385908640ea59a0d3956db6e9bd1ccdb1460fa065bb0	observed_evidence	vv.icu-exact-display
A0896	packages/values/src/index.ts	1	8d64a30d9de151b649006a1d9871037ac5649ab6162ea5d7fd77c54fed07b155	authority	sv.assembly
A0897	packages/values/src/int.ts	19	93aa6f52e0e425afbe12e5f1b8b3b21f599ce376881941d1efeffe09f35d79f3	observed_evidence	vv.int-result
A0898	packages/values/src/int.ts	31	5f444fff08b5e3e9c1b648f9026f0c5e94f7e12282ac17f7f07452075a35f464	observed_evidence	vv.raw-bigint-domain
A0899	packages/values/src/int.ts	87	df52dd0ecbfe9a7482c436d6fe2895c6e9d80bc7af34b89a5b08ddc69addc84c	authority	vv.raw-bigint-domain
A0900	packages/values/src/internal/schema-core.ts	15	0514f35a26e5feb71c97fdd453df2e3f8a86d9c43ec92903a0f2a0b121712095	authority	vv.schema-normalization
A0901	packages/values/src/internal/schema-core.ts	78	46a62c3dfb5dc6d3db6881712ed9fba66e0f6edc9a11912b37af338f93d813fa	authority,observed_evidence	vv.descriptor-complete-defaults
A0902	packages/values/src/internal/schema-core.ts	122	e033da7420d9c11b0001ba3aa40150015ccdf88c2fc507daf14cca6d3aadfb02	observed_evidence	vv.default-identity
A0903	packages/values/src/internal/schema-core.ts	630	fd3e569bd280631f92c3b7724ff301094a3dbfa4b946707110ac419484a6f356	observed_evidence	vv.schema-defaults
A0904	packages/values/src/internal/schema-core.ts	697	6ccd80f15d6e274abf4fea781da76fea4926a5cadf5355b7d5dc4de427a9ee15	observed_evidence	vv.schema-undefined-order
A0905	packages/values/src/internal/schema-core.ts	714	c01ae32052bdf209a68b3b2cb838d79791ee78dd084276a6658f3f6149319be5	observed_evidence	vv.schema-initializer-order
A0906	packages/values/src/internal/schema-core.ts	1376	22ce1eada223f37685548631b025dda08cd47e5214fbfa618a4accd5e29b9be0	observed_evidence	vv.schema-normalization
A0907	packages/values/src/internal/schema-core.ts	1402	4e151e1cd3031d6b02363aaf1d4aa93093fc92c62d6c8447016b239f79afc077	authority	vv.schema-normalization
A0908	packages/values/src/internal/schema-core.ts	1866	ebb298d81e7d15405c496cd244b35e3c830285e8a683c069d7887cd5870081ef	observed_evidence	vv.schema-operations
A0909	packages/values/src/internal/wire-core.ts	9	5104049c7524414cb36b52b9682f2530fafc61aeb44c26db1377b72608359d72	authority	vv.decimal-print
A0910	packages/values/src/internal/wire-core.ts	13	6032d77ac29253c6f95755ea5abebb037b0ba638cba9a52fa5fb723b03657193	authority	vv.wire-exact
A0911	packages/values/src/internal/wire-core.ts	14	67aba18f3caeb93a77fc148cfc511c97119aef8b545de2bbb9f419cc5c4f5cf7	authority	vv.wire-input-normalization
A0912	packages/values/src/internal/wire-core.ts	28	c504cb0d8ad01e21462e019c7bf94192508ad3411384bcec4d528566fb3f0e87	authority	vv.wire-time
A0913	packages/values/src/internal/wire-core.ts	41	c162d1688647bb8eb91ba48a19c6b49af35fec4ee661af7fdad6e71af0c25fe4	authority	vv.secret-refusal
A0914	packages/values/src/internal/wire-core.ts	42	f20b6c12066e5ea9a381c11e46c59c29a9eb3e7f0b16da2abd538f2225d6cf26	authority	vv.wire-stringlike
A0915	packages/values/src/internal/wire-core.ts	58	8d064eee4c16af90df7331096e0b92730c78847557aee52834b3641f7e2dec80	authority	vv.opaque-json-number-refusal
A0916	packages/values/src/internal/wire-core.ts	62	5cfed7e3a7504212493f55e466f9bcf5436a6af6e078e5fe0b07eb6246744184	authority	vv.opaque-json-bounds-gap
A0917	packages/values/src/internal/wire-core.ts	71	ad54fde29bd0209f68b43512586e43937227c5b61df1853a06791d7c67ced674	authority	vv.nominal-heuristics
A0918	packages/values/src/internal/wire-core.ts	87	d8bc4d8ea1715cc9ec5348216f31b6c73021249788ad9bba05cbb7ef3a402015	authority	vv.wire-presence
A0919	packages/values/src/internal/wire-core.ts	94	0e626c1e14517fd12c044b222d3863cdd3fcdbd704cf214dd651a20218155214	authority	vv.immutable-carriers
A0920	packages/values/src/internal/wire-core.ts	188	5531b813e7ed35574eb20bcd312183b33d686a24183581efb124fca284be8efb	observed_evidence	vv.errors-prose
A0921	packages/values/src/internal/wire-core.ts	855	61b5853d6f048c748fa8645c86ffda07ddb35049a02dacec5e9b5b774d2c6389	observed_evidence	vv.opaque-json-number-refusal
A0922	packages/values/src/internal/wire-core.ts	859	6c325293df9b498fb58098f4512e3008ad1b54f676ea0c3b513fb24478a3c8bc	authority	vv.prototype-policy
A0923	packages/values/src/internal/wire-core.ts	862	82ec8e13052da081892951aca64861a14cb1265ada42a09fcfa5379204d095a3	observed_evidence	vv.opaque-json-bounds-gap
A0924	packages/values/src/internal/wire-core.ts	1178	21cfd25482df29f7096c58b507ed46df88eb7ed63dcb5d515d2284e3485d6516	observed_evidence	vv.wire-exact
A0925	packages/values/src/internal/wire-core.ts	1443	cea2940bab1be1c522640b05e1cc51be5e64b206bef825b379e767b55d29c905	observed_evidence	vv.secret-refusal
A0926	packages/values/src/kinds.ts	33	cf294ad6025b6e51bf1501ae0b07205298091bdfa96c93151d6b3763123140d4	observed_evidence	vv.immutable-carriers
A0927	packages/values/src/kinds.ts	52	26c0b6bd04cbcf65d1dcf83fce9633653a34494ea412df03d174a90330801519	observed_evidence	vv.money-guard-asymmetry
A0928	packages/values/src/kinds.ts	166	710e26529779f6c3d7719174e6df70a72e2edd12143e8bab963626d8ead1e239	observed_evidence	vv.instant-duration
A0929	packages/values/src/kinds.ts	247	7d0e8e1ab02e2ac35154b98a5b4e61d9768e3ec6b1a3935e974ddddeaf0f74a3	observed_evidence	vv.reference-carriers
A0930	packages/values/src/locale.ts	71	761329e538af42b401d84b1f3b7caf91912b5e9dd42d013b9d2f6c5e41c6075c	observed_evidence	vv.locale-fallback
A0931	packages/values/src/money.ts	56	9e065043276d2d28b331435cdedbed1dd243952f0bd210bc2423d954124a0993	observed_evidence	vv.money-policy
A0932	packages/values/src/money.ts	164	45b15512d2d646c31c221f080316064ab6f779bd494de74895d71cc73846153c	observed_evidence	vv.money-currency
A0933	packages/values/src/money.ts	180	df46bfca618014e190239038e854ba8d9d4d140b14479b35cad11c0b28a66215	authority	vv.money-currency
A0934	packages/values/src/prepared/codec.ts	4	57dc8fb9ff2ac3b6066f6e836b72c81f90daa2f46715157bfae18b61dfd9fcdf	authority	vv.prepared-gate
A0935	packages/values/src/prepared/plan.ts	8	373fb4e160a98569241cdb5f4d21013707797e1393c43db4e7878ee6e8ef857a	authority	vv.default-identity
A0936	packages/values/src/prepared/plan.ts	73	d80de0fb171d2114083e56ac3e788a988bcb80a0ca79890cb540117abfa4d05f	authority	vv.plan-owner-lifetime
A0937	packages/values/src/prepared/validation.ts	4	4c7024eae61a0fe236f5bd50fbf9fce69ccbfeac2271f92ee3f109c47ad4c991	authority	vv.prepared-gate
A0938	packages/values/src/prepared/validation.ts	15	353ee897361b2d8bc07cd5fa82987fd9a1f4585eb04a312d4d2dfda1b670d182	authority	vv.legacy-traces
A0939	packages/values/src/prepared/validation.ts	58	25b8964384a5a516a71efd527a71970c1d22b51b9de4fa5599c9c2e196863338	observed_evidence	vv.legacy-traces
A0940	packages/values/src/stdlib-pure.ts	244	c4363052ecf6ba844d4df8cfee24ed5f14fefe5b4f6f40a9e30c2da8650bd7da	observed_evidence	vv.trusted-url
A0941	packages/values/src/stdlib-pure.ts	301	fe8496427ab3cd00bb3bf3f3b9e35b41cd17aca7c741122c58dbc56814b07fe2	observed_evidence	vv.action-invocation
A0942	packages/values/src/stdlib-pure.ts	347	e578fd8a77252fdc3700fa02ae47cc248e9cf01a6668126bfa628f037bc88655	observed_evidence	vv.dispatch
A0943	packages/values/src/stdlib-pure.ts	377	977d0a07af363281f1cd1319327cf8755ba502a768c0f09f176f94ef598d91c5	authority	vv.prototype-policy
A0944	packages/values/src/temporal.ts	1	8d64a30d9de151b649006a1d9871037ac5649ab6162ea5d7fd77c54fed07b155	observed_evidence	vv.date-range
A0945	packages/values/src/temporal.ts	209	6f429ae414609163afa4bf24fbc56e6cc54294f08cbfa8757111911f6045df1f	observed_evidence	vv.datetime-constructor-domain
A0946	packages/values/src/temporal.ts	211	8d64a30d9de151b649006a1d9871037ac5649ab6162ea5d7fd77c54fed07b155	authority	vv.datetime-constructor-domain
A0947	packages/values/src/temporal.ts	283	74a26f09dbe3e2044e9bcaae8b8b4b57c22fb21110440e68a1f27bddd8b7ddeb	observed_evidence	vv.temporal-civil
A0948	packages/values/src/text.ts	5	8d64a30d9de151b649006a1d9871037ac5649ab6162ea5d7fd77c54fed07b155	authority	vv.text-scalar
A0949	packages/values/src/text.ts	28	1c65ce96294c6994577dbabe74bb7137d78f9910dfa9be612d50886f7e5ae02e	observed_evidence	vv.text-scalar
A0950	packages/values/src/text.ts	128	98ae21601be960a4c81bc373b3ae9ae37364872eec352bf2dbe4ea873667a1cd	observed_evidence	vv.plain-format
A0951	packages/values/src/timezone.ts	10	23447ec39916ef95f66ba18e35f8a92a5898016c15f7903eebd0ff54df4121c8	observed_evidence	vv.zone-data
A0952	packages/values/src/timezone.ts	203	f6ba0000770995a0ed99127c1290235e227edbfcbe824105690bc1ab6db858df	authority,observed_evidence	vv.fold-unambiguous-order,vv.local-conversion
A0953	packages/values/src/timezone.ts	211	14b2c960f62faffe44657b90829b689d4dbc3efe2d5153b1490fef82482ef688	observed_evidence	vv.fold-unambiguous-order
A0954	packages/values/src/types.ts	8	c2fe9afded75adb85262f02f50a8b19dacd433b56c50a34d7bbe2adabd005711	authority	vv.types-grammar
A0955	packages/values/src/types.ts	26	caaa208ac9d0e25ad360e61db682d6542d1db2edb5ee197988518bd6217bb2ad	authority	vv.types-open-decisions
A0956	packages/values/src/types.ts	387	e3d0a4cf3f1a94240c5244ffd577e57fdddee184317de7e4fb5a65c03b926e9e	observed_evidence	vv.types-grammar
A0957	packages/work-kernel/bindings/host-values.ts	59	8d64a30d9de151b649006a1d9871037ac5649ab6162ea5d7fd77c54fed07b155	authority	SW-084
A0958	packages/work-kernel/bindings/host-values.ts	64	afe2f5f7e069424b17f742b4b8b86c84ab52b377bb44f4e621981c5a60d63226	observed_evidence	SW-084
A0959	packages/work-kernel/bindings/host-values.ts	190	07e022faf521f8a8d37a5ca446ab8a60e70d5e23e09c3aa453fac565b17ce112	observed_evidence	SW-084
A0960	packages/work-kernel/decisions/lib.rs	1	822587bc402332815b92c63917c7c54ea5dca6c2d4037ee9007a6627aefda6ae	observed_evidence	SW-085
A0961	packages/work-kernel/decisions/numeric_text.rs	1	b6f3ed73fe5753741f5353a72c26f0607b958975876529773562444392f52e35	observed_evidence	SW-086
A0962	packages/work-kernel/src/facts.ts	10	01cbc29ffaafd69562d747b638e31a7a95cbcf65d2573746a5d5b8d8aa9aeb88	observed_evidence	SW-083
A0963	packages/work-kernel/src/facts.ts	195	676b8c2b3c71216549075fa2ff7e40bf9fc1ea50d1c2178778dab0d7f89ebb57	observed_evidence	SW-083
A0964	packages/work-kernel/src/index.ts	5	d7eb69316998f4f206898bbc3a7a2976e5cf0463f7a307af86373f69e5755814	observed_evidence	SW-088
A0965	packages/work/src/dispatch/index.ts	174	9be232654826097ec428934688784e9d655dee8853b444a50da705a191da9da5	observed_evidence	SW-057
A0966	packages/work/src/dispatch/index.ts	197	53996954e8d2150176296b420c1814f7df4fbbdb710cffe59bc2f5f194414697	observed_evidence	SW-057
A0967	packages/work/src/dispatch/index.ts	213	28653c43dd134bf899d4844e45774fa0fa305585cff299bf9282edeb8080b06f	observed_evidence	SW-092
A0968	packages/work/src/dispatch/index.ts	230	996b74a7e3d173753208de75bfdcbc4c30fb6ef7b598360c06ecc9a0bc37eeb1	observed_evidence	SW-058
A0969	packages/work/src/dispatch/index.ts	503	5c223cb08c449a81efd3c8abb8a268fd3834f4081bc11818e4fa4cd71ed6809c	observed_evidence	SW-078
A0970	packages/work/src/dispatch/index.ts	845	ebd3c05de85494f33f3870dc866fa499ab08260d84f824c7deeaa3cb5cd8a29f	observed_evidence	SW-082
A0971	packages/work/src/event/index.ts	47	181b623b5612eecee03b77b385dfd94bb3f58c5b855c910d4902ddd2db01e339	observed_evidence	SW-053,SW-091
A0972	packages/work/src/event/index.ts	99	4dc27730ea7e9aae0a837e494eaa992acd7dd8344308159c016bedfaa0d2361f	observed_evidence	SW-053
A0973	packages/work/src/index.ts	2	9caa6b11180830d8093779f2cd59a7a4cb49b5f9f2385cf3b3b7693ab1edbb9f	observed_evidence	SW-088
A0974	packages/work/src/intent/index.ts	39	cfa15606cf8f3a511afce5511f38b35a3586cc62fff30b3e91f105e088b3f683	observed_evidence	SW-034,SW-051
A0975	packages/work/src/intent/index.ts	49	0e42ff4217eddb1bd174a54426d41faddcad1fbbf6cff2995d8db5136cc62d4a	observed_evidence	SW-052
A0976	packages/work/src/intent/index.ts	139	bf190e22b5f4af9ce702afff9b1e01ddb7ecca20af373d0d22e17ff16f21e6a5	observed_evidence	SW-052
A0977	packages/work/src/kernel/commands.ts	189	24ff23ffe6ac84b6b577b6a9016347deae9d0b0c306d079d0550b980d86bd0a7	observed_evidence	SW-058
A0978	packages/work/src/kernel/commands.ts	621	44b4d06ea19d438fbe226b8a16583f6da7a4aaa9fb8113b19f39fdd42760fc1f	observed_evidence	SW-091
A0979	packages/work/src/kernel/commands.ts	778	7ff7fc2f61fd9020ece631f74639ef2c7ff76596f57ecff7d1283c2b1cf677cf	observed_evidence	SW-054
A0980	packages/work/src/kernel/tables.ts	2	25b6dd3ecaabad073700fec937c17d8dfeff3c3143dd0ed25ff557a2a5cd730b	authority	SW-063
A0981	packages/work/src/kernel/tables.ts	68	8b200922f8fc59b124ea3f5b8bbbb03582899b7be9a89a390613205a32e93a64	observed_evidence	SW-063
A0982	packages/work/src/kernel/tables.ts	238	1c084ece5443e63160c7b6a2e05db9adaabb7f8cdfa6c68c5a816eae01cda887	observed_evidence	SW-064
A0983	packages/work/src/kernel/tables.ts	277	493cd55bbe697a1666f838ef3c0c4adadb1bc5c02d7c6052bacbd3ef0aa23952	observed_evidence	SW-063
A0984	packages/work/src/kernel/tables.ts	509	222aa096ddc08926a8e08c9d2b49daea672f780eb5fe6b53fdc4911a8ad98dbd	observed_evidence	SW-056
A0985	packages/work/src/kernel/tables.ts	515	cd03e5a28643db88dd63de126d28de920bfa5c81d08649cf83ea71b4e0ea6875	observed_evidence	SW-086
A0986	packages/work/src/kernel/tables.ts	766	d1a703d44593a7c42f92e15d4e6e148a2d011679ad2901f94265c6bb288b7dda	observed_evidence	SW-077
A0987	packages/work/src/kernel/tables.ts	973	0feacd95e78a9c18cb655bbaa9ad2272cef54788804ef6028eeb921a7d9d8575	observed_evidence	SW-063
A0988	packages/work/src/kernel/tables.ts	1027	a8cb2e0ce0addc12cee19177af94258ade83839c2192726513b173bb8f73c187	observed_evidence	SW-082
A0989	packages/work/src/observation/association.ts	88	9b6b5fd5f23ea5cb1d467e0c49b04fc72d9ee516e90956b1ae6dc5f9622f1308	observed_evidence	SW-071
A0990	packages/work/src/observation/association.ts	336	eaed33f6defeb54a0ad748002f2c5eeab1275293c52253530e39241f934e1424	observed_evidence	SW-073
A0991	packages/work/src/observation/association.ts	447	0fdca82e412cde4e458d3ff3c4ad9692070fbe729f48f75689abd986cbcc947e	observed_evidence	SW-071
A0992	packages/work/src/observation/association.ts	530	7e5ffdedb05a9380fd93af24d0eec88acdd075862410e4fff91311d98f8e6868	observed_evidence	SW-072,SW-092
A0993	packages/work/src/observation/observation.ts	130	e28355075fb03aaa42d23ba2b2574506c00348da9a95ab8f1e1d39b90c06e940	observed_evidence	SW-069
A0994	packages/work/src/observation/observation.ts	263	a21b90e56e5475c09850207a743bc06ff2f213b5a197542e6b4f4eab73343cff	observed_evidence	SW-068
A0995	packages/work/src/observation/observation.ts	334	2d2eaa2c3c296258a575338bc3f61c9b6a8e00c798732b5bef6096426aa2131d	observed_evidence	SW-067
A0996	packages/work/src/observation/ports.ts	71	d94947a286b217c997da4bd8dec9c7e5421c05eeab96658cc0f9c59911e97bdb	observed_evidence	SW-087
A0997	packages/work/src/ports.ts	8	6ac3adbd2b791a2755886b06f8957fc9cc9b97582089801b068c92380e0d74c7	authority	SW-087
A0998	packages/work/src/ports.ts	20	e6e597318efa03bf0fa4ae1fd2cc00a9283f009d1a018aacd727b898d6d4ab5b	authority	SW-058
A0999	packages/work/src/ports.ts	210	07d05ae2c54ee61c43feffef7ac7290a62f853ec8d636579b13806b671c4071f	observed_evidence	SW-087
A1000	packages/work/src/receipt/index.ts	29	190d37d6a8b3dfe3f830fbca1d1e093f5cfda83b6930be4fbd6fd6881e3e0a13	observed_evidence	SW-060
A1001	packages/work/src/receipt/index.ts	54	c9728e0e28e7f2a037a5d04923c88ef61ce1d973ca1e48a704dfcf32a6867ba2	observed_evidence	SW-059
A1002	packages/work/src/receipt/index.ts	108	640f2f1c51b04179b3b384513f1a84ee7c639a34ee996972be50329749df0533	observed_evidence	SW-059
A1003	packages/work/src/receipt/index.ts	204	1c6af9e926f9c365b636846c9594d97feecfefe4fff64233c6ed042714953546	observed_evidence	SW-059
A1004	packages/work/src/receipt/index.ts	268	b680fb46385f15a11c948e9a28929f9a20a020378ca0c0ea5a628688ecda45fc	authority	SW-060
A1005	packages/work/src/receipt/index.ts	280	d61195100226f998290468972e6735654c2412de3f352075334464e3e3522149	observed_evidence	SW-060
A1006	packages/work/src/receipt/index.ts	326	18e1ba08c2638e2660e5e92763c56bf3a2ae9f53fb75a7857e2e2d3c85e5e4a1	observed_evidence	SW-070
A1007	packages/work/src/receipt/index.ts	412	88510a07ba678b1f143ad4e5742ffc4cfe234be1b03ecd224217cb4d536a43b9	observed_evidence	SW-074
A1008	packages/work/src/recovery/index.ts	188	bfd37e61846365d00e670097ce7f50562a83c652132a047409a7d795f125027c	observed_evidence	SW-061
A1009	packages/work/src/recovery/index.ts	466	53e42742b601a8b4b9e30d4cdaf5f0b02574ffbc7ca47b30137a1898ba85d3b8	observed_evidence	SW-061
A1010	packages/work/src/recovery/index.ts	480	9079cb9f464b1764e6922ecd862bf0befec941b9f6100acab0fd04fff0782180	observed_evidence	SW-062
A1011	packages/work/src/recovery/index.ts	491	23cfab53fa66ea2b74ba5ad3c6d32c270ab49522d2eef29ca9c9ea5df900dc03	observed_evidence	SW-062
A1012	packages/work/src/recovery/index.ts	547	5ac66e379a952e28516d707afa49f68c7d9d6a60fcb78393f5025f1d926cb1b5	observed_evidence	SW-080
A1013	packages/work/src/recovery/index.ts	764	a5da89f2ef310bb61a58a188eb0670b843cbed02e6fb7c6953f9bffd5fbfbcb0	observed_evidence	SW-081
A1014	packages/work/src/recovery/index.ts	954	526a60be44b2a34fd1a5f1b41eaf2fcdcdb6efea59b9ac285d5335abda548c29	observed_evidence	SW-072
A1015	packages/work/src/schedule/every.ts	104	cfa15606cf8f3a511afce5511f38b35a3586cc62fff30b3e91f105e088b3f683	observed_evidence	SW-056,SW-086
A1016	packages/work/src/schedule/every.ts	115	d38c3aced928af0b8a6bbf627ed8ae8e92e3c1e28668424427ded786af74c71c	observed_evidence	SW-055
A1017	packages/work/src/schedule/every.ts	129	fc97cd662987d5deea757a4824c11e82861d9b115b598ffddba8d4c4c786d67e	observed_evidence	SW-055
A1018	packages/work/src/schedule/index.ts	146	aebbea2a02862bb2805edd720f08f88c4b79d95e4f72f6587d4f1d478e3f13b4	observed_evidence	SW-054
A1019	tests/e2e/fixtures/pilot-examples.ts	341	b52c98f481de8687aa78d3186f40a78c3eba3492727a6118e110e2ae0a15723a	observed_evidence	AD-testkit-runner,AD-testkit-sequence-gap
A1020	tests/integration/b2-delivery.test.ts	52	5e3e47c3e9d2ac837ff95272bfb4b5a4883b305b39ac72353a60ff73ba114fb1	observed_evidence	AD-services-scenarios
