id	owner	caller_status	contextual_owner_enforcement	limit
CF-activation	cloudflare	production-observed-source	state-work:ESW01,state-work:ESW09,state-work:ESW10,state-work:ESW12,state-work:ESW17,state-work:ESW18,state-work:ESW20,state-work:ESW21,state-work:ESW22,identity-files:SE03,identity-files:SE04,identity-files:SE05,identity-files:SE09,identity-files:SE11,services-delivery:E07,services-delivery:E08,services-delivery:E09,services-delivery:E10,services-delivery:E11,services-delivery:E12,services-delivery:E13,services-delivery:E14,services-delivery:E15,services-delivery:E16,services-delivery:E17	Contextual owner families; not proof each duty is implemented or individually security-qualified.
CF-apply	cloudflare	production-observed-source	state-work:ESW01,state-work:ESW09,state-work:ESW10,state-work:ESW12,state-work:ESW17,state-work:ESW18,state-work:ESW20,state-work:ESW21,state-work:ESW22,identity-files:SE03,identity-files:SE04,identity-files:SE05,identity-files:SE09,identity-files:SE11,services-delivery:E07,services-delivery:E08,services-delivery:E09,services-delivery:E10,services-delivery:E11,services-delivery:E12,services-delivery:E13,services-delivery:E14,services-delivery:E15,services-delivery:E16,services-delivery:E17	Contextual owner families; not proof each duty is implemented or individually security-qualified.
CF-artifact	cloudflare	production-observed-source	state-work:ESW01,state-work:ESW09,state-work:ESW10,state-work:ESW12,state-work:ESW17,state-work:ESW18,state-work:ESW20,state-work:ESW21,state-work:ESW22,identity-files:SE03,identity-files:SE04,identity-files:SE05,identity-files:SE09,identity-files:SE11,services-delivery:E07,services-delivery:E08,services-delivery:E09,services-delivery:E10,services-delivery:E11,services-delivery:E12,services-delivery:E13,services-delivery:E14,services-delivery:E15,services-delivery:E16,services-delivery:E17	Contextual owner families; not proof each duty is implemented or individually security-qualified.
CF-asset-bundle	cloudflare	conditional-production	state-work:ESW01,state-work:ESW09,state-work:ESW10,state-work:ESW12,state-work:ESW17,state-work:ESW18,state-work:ESW20,state-work:ESW21,state-work:ESW22,identity-files:SE03,identity-files:SE04,identity-files:SE05,identity-files:SE09,identity-files:SE11,services-delivery:E07,services-delivery:E08,services-delivery:E09,services-delivery:E10,services-delivery:E11,services-delivery:E12,services-delivery:E13,services-delivery:E14,services-delivery:E15,services-delivery:E16,services-delivery:E17	Contextual owner families; not proof each duty is implemented or individually security-qualified.
CF-bundle	cloudflare	production-observed-source	state-work:ESW01,state-work:ESW09,state-work:ESW10,state-work:ESW12,state-work:ESW17,state-work:ESW18,state-work:ESW20,state-work:ESW21,state-work:ESW22,identity-files:SE03,identity-files:SE04,identity-files:SE05,identity-files:SE09,identity-files:SE11,services-delivery:E07,services-delivery:E08,services-delivery:E09,services-delivery:E10,services-delivery:E11,services-delivery:E12,services-delivery:E13,services-delivery:E14,services-delivery:E15,services-delivery:E16,services-delivery:E17	Contextual owner families; not proof each duty is implemented or individually security-qualified.
CF-canonical-mutation	cloudflare	production-observed-source	state-work:ESW01,state-work:ESW09,state-work:ESW10,state-work:ESW12,state-work:ESW17,state-work:ESW18,state-work:ESW20,state-work:ESW21,state-work:ESW22,identity-files:SE03,identity-files:SE04,identity-files:SE05,identity-files:SE09,identity-files:SE11,services-delivery:E07,services-delivery:E08,services-delivery:E09,services-delivery:E10,services-delivery:E11,services-delivery:E12,services-delivery:E13,services-delivery:E14,services-delivery:E15,services-delivery:E16,services-delivery:E17	Contextual owner families; not proof each duty is implemented or individually security-qualified.
CF-canonical-policy	cloudflare	production-observed-source	state-work:ESW01,state-work:ESW09,state-work:ESW10,state-work:ESW12,state-work:ESW17,state-work:ESW18,state-work:ESW20,state-work:ESW21,state-work:ESW22,identity-files:SE03,identity-files:SE04,identity-files:SE05,identity-files:SE09,identity-files:SE11,services-delivery:E07,services-delivery:E08,services-delivery:E09,services-delivery:E10,services-delivery:E11,services-delivery:E12,services-delivery:E13,services-delivery:E14,services-delivery:E15,services-delivery:E16,services-delivery:E17	Contextual owner families; not proof each duty is implemented or individually security-qualified.
CF-canonical-read	cloudflare	production-observed-source	state-work:ESW01,state-work:ESW09,state-work:ESW10,state-work:ESW12,state-work:ESW17,state-work:ESW18,state-work:ESW20,state-work:ESW21,state-work:ESW22,identity-files:SE03,identity-files:SE04,identity-files:SE05,identity-files:SE09,identity-files:SE11,services-delivery:E07,services-delivery:E08,services-delivery:E09,services-delivery:E10,services-delivery:E11,services-delivery:E12,services-delivery:E13,services-delivery:E14,services-delivery:E15,services-delivery:E16,services-delivery:E17	Contextual owner families; not proof each duty is implemented or individually security-qualified.
CF-cli	cloudflare	production-observed-source	state-work:ESW01,state-work:ESW09,state-work:ESW10,state-work:ESW12,state-work:ESW17,state-work:ESW18,state-work:ESW20,state-work:ESW21,state-work:ESW22,identity-files:SE03,identity-files:SE04,identity-files:SE05,identity-files:SE09,identity-files:SE11,services-delivery:E07,services-delivery:E08,services-delivery:E09,services-delivery:E10,services-delivery:E11,services-delivery:E12,services-delivery:E13,services-delivery:E14,services-delivery:E15,services-delivery:E16,services-delivery:E17	Contextual owner families; not proof each duty is implemented or individually security-qualified.
CF-compat	cloudflare	production-observed-source	state-work:ESW01,state-work:ESW09,state-work:ESW10,state-work:ESW12,state-work:ESW17,state-work:ESW18,state-work:ESW20,state-work:ESW21,state-work:ESW22,identity-files:SE03,identity-files:SE04,identity-files:SE05,identity-files:SE09,identity-files:SE11,services-delivery:E07,services-delivery:E08,services-delivery:E09,services-delivery:E10,services-delivery:E11,services-delivery:E12,services-delivery:E13,services-delivery:E14,services-delivery:E15,services-delivery:E16,services-delivery:E17	Contextual owner families; not proof each duty is implemented or individually security-qualified.
CF-context-stdlib	cloudflare	conditional-production	state-work:ESW01,state-work:ESW09,state-work:ESW10,state-work:ESW12,state-work:ESW17,state-work:ESW18,state-work:ESW20,state-work:ESW21,state-work:ESW22,identity-files:SE03,identity-files:SE04,identity-files:SE05,identity-files:SE09,identity-files:SE11,services-delivery:E07,services-delivery:E08,services-delivery:E09,services-delivery:E10,services-delivery:E11,services-delivery:E12,services-delivery:E13,services-delivery:E14,services-delivery:E15,services-delivery:E16,services-delivery:E17	Contextual owner families; not proof each duty is implemented or individually security-qualified.
CF-deploy-plan	cloudflare	production-observed-source	state-work:ESW01,state-work:ESW09,state-work:ESW10,state-work:ESW12,state-work:ESW17,state-work:ESW18,state-work:ESW20,state-work:ESW21,state-work:ESW22,identity-files:SE03,identity-files:SE04,identity-files:SE05,identity-files:SE09,identity-files:SE11,services-delivery:E07,services-delivery:E08,services-delivery:E09,services-delivery:E10,services-delivery:E11,services-delivery:E12,services-delivery:E13,services-delivery:E14,services-delivery:E15,services-delivery:E16,services-delivery:E17	Contextual owner families; not proof each duty is implemented or individually security-qualified.
CF-deploy-review	cloudflare	production-observed-source	state-work:ESW01,state-work:ESW09,state-work:ESW10,state-work:ESW12,state-work:ESW17,state-work:ESW18,state-work:ESW20,state-work:ESW21,state-work:ESW22,identity-files:SE03,identity-files:SE04,identity-files:SE05,identity-files:SE09,identity-files:SE11,services-delivery:E07,services-delivery:E08,services-delivery:E09,services-delivery:E10,services-delivery:E11,services-delivery:E12,services-delivery:E13,services-delivery:E14,services-delivery:E15,services-delivery:E16,services-delivery:E17	Contextual owner families; not proof each duty is implemented or individually security-qualified.
CF-diagnostics	cloudflare	conditional-production	state-work:ESW01,state-work:ESW09,state-work:ESW10,state-work:ESW12,state-work:ESW17,state-work:ESW18,state-work:ESW20,state-work:ESW21,state-work:ESW22,identity-files:SE03,identity-files:SE04,identity-files:SE05,identity-files:SE09,identity-files:SE11,services-delivery:E07,services-delivery:E08,services-delivery:E09,services-delivery:E10,services-delivery:E11,services-delivery:E12,services-delivery:E13,services-delivery:E14,services-delivery:E15,services-delivery:E16,services-delivery:E17	Contextual owner families; not proof each duty is implemented or individually security-qualified.
CF-dispatch-composition	cloudflare	test-only-observed-call	state-work:ESW01,state-work:ESW09,state-work:ESW10,state-work:ESW12,state-work:ESW17,state-work:ESW18,state-work:ESW20,state-work:ESW21,state-work:ESW22,identity-files:SE03,identity-files:SE04,identity-files:SE05,identity-files:SE09,identity-files:SE11,services-delivery:E07,services-delivery:E08,services-delivery:E09,services-delivery:E10,services-delivery:E11,services-delivery:E12,services-delivery:E13,services-delivery:E14,services-delivery:E15,services-delivery:E16,services-delivery:E17	Contextual owner families; not proof each duty is implemented or individually security-qualified.
CF-dispatch-driver	cloudflare	conditional-production	state-work:ESW01,state-work:ESW09,state-work:ESW10,state-work:ESW12,state-work:ESW17,state-work:ESW18,state-work:ESW20,state-work:ESW21,state-work:ESW22,identity-files:SE03,identity-files:SE04,identity-files:SE05,identity-files:SE09,identity-files:SE11,services-delivery:E07,services-delivery:E08,services-delivery:E09,services-delivery:E10,services-delivery:E11,services-delivery:E12,services-delivery:E13,services-delivery:E14,services-delivery:E15,services-delivery:E16,services-delivery:E17	Contextual owner families; not proof each duty is implemented or individually security-qualified.
CF-dispatch-staging	cloudflare	conditional-production	state-work:ESW01,state-work:ESW09,state-work:ESW10,state-work:ESW12,state-work:ESW17,state-work:ESW18,state-work:ESW20,state-work:ESW21,state-work:ESW22,identity-files:SE03,identity-files:SE04,identity-files:SE05,identity-files:SE09,identity-files:SE11,services-delivery:E07,services-delivery:E08,services-delivery:E09,services-delivery:E10,services-delivery:E11,services-delivery:E12,services-delivery:E13,services-delivery:E14,services-delivery:E15,services-delivery:E16,services-delivery:E17	Contextual owner families; not proof each duty is implemented or individually security-qualified.
CF-dist-integrity	cloudflare	conditional-production	state-work:ESW01,state-work:ESW09,state-work:ESW10,state-work:ESW12,state-work:ESW17,state-work:ESW18,state-work:ESW20,state-work:ESW21,state-work:ESW22,identity-files:SE03,identity-files:SE04,identity-files:SE05,identity-files:SE09,identity-files:SE11,services-delivery:E07,services-delivery:E08,services-delivery:E09,services-delivery:E10,services-delivery:E11,services-delivery:E12,services-delivery:E13,services-delivery:E14,services-delivery:E15,services-delivery:E16,services-delivery:E17	Contextual owner families; not proof each duty is implemented or individually security-qualified.
CF-docs	cloudflare	production-observed-source	state-work:ESW01,state-work:ESW09,state-work:ESW10,state-work:ESW12,state-work:ESW17,state-work:ESW18,state-work:ESW20,state-work:ESW21,state-work:ESW22,identity-files:SE03,identity-files:SE04,identity-files:SE05,identity-files:SE09,identity-files:SE11,services-delivery:E07,services-delivery:E08,services-delivery:E09,services-delivery:E10,services-delivery:E11,services-delivery:E12,services-delivery:E13,services-delivery:E14,services-delivery:E15,services-delivery:E16,services-delivery:E17	Contextual owner families; not proof each duty is implemented or individually security-qualified.
CF-env-stores	cloudflare	production-observed-source	state-work:ESW01,state-work:ESW09,state-work:ESW10,state-work:ESW12,state-work:ESW17,state-work:ESW18,state-work:ESW20,state-work:ESW21,state-work:ESW22,identity-files:SE03,identity-files:SE04,identity-files:SE05,identity-files:SE09,identity-files:SE11,services-delivery:E07,services-delivery:E08,services-delivery:E09,services-delivery:E10,services-delivery:E11,services-delivery:E12,services-delivery:E13,services-delivery:E14,services-delivery:E15,services-delivery:E16,services-delivery:E17	Contextual owner families; not proof each duty is implemented or individually security-qualified.
CF-exports	cloudflare	production-observed-source	state-work:ESW01,state-work:ESW09,state-work:ESW10,state-work:ESW12,state-work:ESW17,state-work:ESW18,state-work:ESW20,state-work:ESW21,state-work:ESW22,identity-files:SE03,identity-files:SE04,identity-files:SE05,identity-files:SE09,identity-files:SE11,services-delivery:E07,services-delivery:E08,services-delivery:E09,services-delivery:E10,services-delivery:E11,services-delivery:E12,services-delivery:E13,services-delivery:E14,services-delivery:E15,services-delivery:E16,services-delivery:E17	Contextual owner families; not proof each duty is implemented or individually security-qualified.
CF-fanout-composition	cloudflare	test-only-observed-call	state-work:ESW01,state-work:ESW09,state-work:ESW10,state-work:ESW12,state-work:ESW17,state-work:ESW18,state-work:ESW20,state-work:ESW21,state-work:ESW22,identity-files:SE03,identity-files:SE04,identity-files:SE05,identity-files:SE09,identity-files:SE11,services-delivery:E07,services-delivery:E08,services-delivery:E09,services-delivery:E10,services-delivery:E11,services-delivery:E12,services-delivery:E13,services-delivery:E14,services-delivery:E15,services-delivery:E16,services-delivery:E17	Contextual owner families; not proof each duty is implemented or individually security-qualified.
CF-fanout-driving	cloudflare	conditional-production	state-work:ESW01,state-work:ESW09,state-work:ESW10,state-work:ESW12,state-work:ESW17,state-work:ESW18,state-work:ESW20,state-work:ESW21,state-work:ESW22,identity-files:SE03,identity-files:SE04,identity-files:SE05,identity-files:SE09,identity-files:SE11,services-delivery:E07,services-delivery:E08,services-delivery:E09,services-delivery:E10,services-delivery:E11,services-delivery:E12,services-delivery:E13,services-delivery:E14,services-delivery:E15,services-delivery:E16,services-delivery:E17	Contextual owner families; not proof each duty is implemented or individually security-qualified.
CF-fanout-staging	cloudflare	conditional-production	state-work:ESW01,state-work:ESW09,state-work:ESW10,state-work:ESW12,state-work:ESW17,state-work:ESW18,state-work:ESW20,state-work:ESW21,state-work:ESW22,identity-files:SE03,identity-files:SE04,identity-files:SE05,identity-files:SE09,identity-files:SE11,services-delivery:E07,services-delivery:E08,services-delivery:E09,services-delivery:E10,services-delivery:E11,services-delivery:E12,services-delivery:E13,services-delivery:E14,services-delivery:E15,services-delivery:E16,services-delivery:E17	Contextual owner families; not proof each duty is implemented or individually security-qualified.
CF-grant-route	cloudflare	production-observed-source	state-work:ESW01,state-work:ESW09,state-work:ESW10,state-work:ESW12,state-work:ESW17,state-work:ESW18,state-work:ESW20,state-work:ESW21,state-work:ESW22,identity-files:SE03,identity-files:SE04,identity-files:SE05,identity-files:SE09,identity-files:SE11,services-delivery:E07,services-delivery:E08,services-delivery:E09,services-delivery:E10,services-delivery:E11,services-delivery:E12,services-delivery:E13,services-delivery:E14,services-delivery:E15,services-delivery:E16,services-delivery:E17	Contextual owner families; not proof each duty is implemented or individually security-qualified.
CF-handler-context	cloudflare	production-observed-source	state-work:ESW01,state-work:ESW09,state-work:ESW10,state-work:ESW12,state-work:ESW17,state-work:ESW18,state-work:ESW20,state-work:ESW21,state-work:ESW22,identity-files:SE03,identity-files:SE04,identity-files:SE05,identity-files:SE09,identity-files:SE11,services-delivery:E07,services-delivery:E08,services-delivery:E09,services-delivery:E10,services-delivery:E11,services-delivery:E12,services-delivery:E13,services-delivery:E14,services-delivery:E15,services-delivery:E16,services-delivery:E17	Contextual owner families; not proof each duty is implemented or individually security-qualified.
CF-imports	cloudflare	production-observed-source	state-work:ESW01,state-work:ESW09,state-work:ESW10,state-work:ESW12,state-work:ESW17,state-work:ESW18,state-work:ESW20,state-work:ESW21,state-work:ESW22,identity-files:SE03,identity-files:SE04,identity-files:SE05,identity-files:SE09,identity-files:SE11,services-delivery:E07,services-delivery:E08,services-delivery:E09,services-delivery:E10,services-delivery:E11,services-delivery:E12,services-delivery:E13,services-delivery:E14,services-delivery:E15,services-delivery:E16,services-delivery:E17	Contextual owner families; not proof each duty is implemented or individually security-qualified.
CF-in-memory-assembly	cloudflare	production-observed-source	state-work:ESW01,state-work:ESW09,state-work:ESW10,state-work:ESW12,state-work:ESW17,state-work:ESW18,state-work:ESW20,state-work:ESW21,state-work:ESW22,identity-files:SE03,identity-files:SE04,identity-files:SE05,identity-files:SE09,identity-files:SE11,services-delivery:E07,services-delivery:E08,services-delivery:E09,services-delivery:E10,services-delivery:E11,services-delivery:E12,services-delivery:E13,services-delivery:E14,services-delivery:E15,services-delivery:E16,services-delivery:E17	Contextual owner families; not proof each duty is implemented or individually security-qualified.
CF-installed-runtime	cloudflare	production-observed-source	state-work:ESW01,state-work:ESW09,state-work:ESW10,state-work:ESW12,state-work:ESW17,state-work:ESW18,state-work:ESW20,state-work:ESW21,state-work:ESW22,identity-files:SE03,identity-files:SE04,identity-files:SE05,identity-files:SE09,identity-files:SE11,services-delivery:E07,services-delivery:E08,services-delivery:E09,services-delivery:E10,services-delivery:E11,services-delivery:E12,services-delivery:E13,services-delivery:E14,services-delivery:E15,services-delivery:E16,services-delivery:E17	Contextual owner families; not proof each duty is implemented or individually security-qualified.
CF-legacy-executors	cloudflare	test-only-observed-call	state-work:ESW01,state-work:ESW09,state-work:ESW10,state-work:ESW12,state-work:ESW17,state-work:ESW18,state-work:ESW20,state-work:ESW21,state-work:ESW22,identity-files:SE03,identity-files:SE04,identity-files:SE05,identity-files:SE09,identity-files:SE11,services-delivery:E07,services-delivery:E08,services-delivery:E09,services-delivery:E10,services-delivery:E11,services-delivery:E12,services-delivery:E13,services-delivery:E14,services-delivery:E15,services-delivery:E16,services-delivery:E17	Contextual owner families; not proof each duty is implemented or individually security-qualified.
CF-local-defaults	cloudflare	production-observed-source	state-work:ESW01,state-work:ESW09,state-work:ESW10,state-work:ESW12,state-work:ESW17,state-work:ESW18,state-work:ESW20,state-work:ESW21,state-work:ESW22,identity-files:SE03,identity-files:SE04,identity-files:SE05,identity-files:SE09,identity-files:SE11,services-delivery:E07,services-delivery:E08,services-delivery:E09,services-delivery:E10,services-delivery:E11,services-delivery:E12,services-delivery:E13,services-delivery:E14,services-delivery:E15,services-delivery:E16,services-delivery:E17	Contextual owner families; not proof each duty is implemented or individually security-qualified.
CF-local-host	cloudflare	production-observed-source	state-work:ESW01,state-work:ESW09,state-work:ESW10,state-work:ESW12,state-work:ESW17,state-work:ESW18,state-work:ESW20,state-work:ESW21,state-work:ESW22,identity-files:SE03,identity-files:SE04,identity-files:SE05,identity-files:SE09,identity-files:SE11,services-delivery:E07,services-delivery:E08,services-delivery:E09,services-delivery:E10,services-delivery:E11,services-delivery:E12,services-delivery:E13,services-delivery:E14,services-delivery:E15,services-delivery:E16,services-delivery:E17	Contextual owner families; not proof each duty is implemented or individually security-qualified.
CF-local-rows	cloudflare	production-observed-source	state-work:ESW01,state-work:ESW09,state-work:ESW10,state-work:ESW12,state-work:ESW17,state-work:ESW18,state-work:ESW20,state-work:ESW21,state-work:ESW22,identity-files:SE03,identity-files:SE04,identity-files:SE05,identity-files:SE09,identity-files:SE11,services-delivery:E07,services-delivery:E08,services-delivery:E09,services-delivery:E10,services-delivery:E11,services-delivery:E12,services-delivery:E13,services-delivery:E14,services-delivery:E15,services-delivery:E16,services-delivery:E17	Contextual owner families; not proof each duty is implemented or individually security-qualified.
CF-maps	cloudflare	production-observed-source	state-work:ESW01,state-work:ESW09,state-work:ESW10,state-work:ESW12,state-work:ESW17,state-work:ESW18,state-work:ESW20,state-work:ESW21,state-work:ESW22,identity-files:SE03,identity-files:SE04,identity-files:SE05,identity-files:SE09,identity-files:SE11,services-delivery:E07,services-delivery:E08,services-delivery:E09,services-delivery:E10,services-delivery:E11,services-delivery:E12,services-delivery:E13,services-delivery:E14,services-delivery:E15,services-delivery:E16,services-delivery:E17	Contextual owner families; not proof each duty is implemented or individually security-qualified.
CF-mcp-permissions	cloudflare	production-observed-source	state-work:ESW01,state-work:ESW09,state-work:ESW10,state-work:ESW12,state-work:ESW17,state-work:ESW18,state-work:ESW20,state-work:ESW21,state-work:ESW22,identity-files:SE03,identity-files:SE04,identity-files:SE05,identity-files:SE09,identity-files:SE11,services-delivery:E07,services-delivery:E08,services-delivery:E09,services-delivery:E10,services-delivery:E11,services-delivery:E12,services-delivery:E13,services-delivery:E14,services-delivery:E15,services-delivery:E16,services-delivery:E17	Contextual owner families; not proof each duty is implemented or individually security-qualified.
CF-mcp-registry	cloudflare	production-observed-source	state-work:ESW01,state-work:ESW09,state-work:ESW10,state-work:ESW12,state-work:ESW17,state-work:ESW18,state-work:ESW20,state-work:ESW21,state-work:ESW22,identity-files:SE03,identity-files:SE04,identity-files:SE05,identity-files:SE09,identity-files:SE11,services-delivery:E07,services-delivery:E08,services-delivery:E09,services-delivery:E10,services-delivery:E11,services-delivery:E12,services-delivery:E13,services-delivery:E14,services-delivery:E15,services-delivery:E16,services-delivery:E17	Contextual owner families; not proof each duty is implemented or individually security-qualified.
CF-native-artifact	cloudflare	prototype-unadopted	state-work:ESW01,state-work:ESW09,state-work:ESW10,state-work:ESW12,state-work:ESW17,state-work:ESW18,state-work:ESW20,state-work:ESW21,state-work:ESW22,identity-files:SE03,identity-files:SE04,identity-files:SE05,identity-files:SE09,identity-files:SE11,services-delivery:E07,services-delivery:E08,services-delivery:E09,services-delivery:E10,services-delivery:E11,services-delivery:E12,services-delivery:E13,services-delivery:E14,services-delivery:E15,services-delivery:E16,services-delivery:E17	Contextual owner families; not proof each duty is implemented or individually security-qualified.
CF-native-build-tool	cloudflare	conditional-production	state-work:ESW01,state-work:ESW09,state-work:ESW10,state-work:ESW12,state-work:ESW17,state-work:ESW18,state-work:ESW20,state-work:ESW21,state-work:ESW22,identity-files:SE03,identity-files:SE04,identity-files:SE05,identity-files:SE09,identity-files:SE11,services-delivery:E07,services-delivery:E08,services-delivery:E09,services-delivery:E10,services-delivery:E11,services-delivery:E12,services-delivery:E13,services-delivery:E14,services-delivery:E15,services-delivery:E16,services-delivery:E17	Contextual owner families; not proof each duty is implemented or individually security-qualified.
CF-native-entry	cloudflare	prototype-unadopted	state-work:ESW01,state-work:ESW09,state-work:ESW10,state-work:ESW12,state-work:ESW17,state-work:ESW18,state-work:ESW20,state-work:ESW21,state-work:ESW22,identity-files:SE03,identity-files:SE04,identity-files:SE05,identity-files:SE09,identity-files:SE11,services-delivery:E07,services-delivery:E08,services-delivery:E09,services-delivery:E10,services-delivery:E11,services-delivery:E12,services-delivery:E13,services-delivery:E14,services-delivery:E15,services-delivery:E16,services-delivery:E17	Contextual owner families; not proof each duty is implemented or individually security-qualified.
CF-native-frame	cloudflare	prototype-unadopted	state-work:ESW01,state-work:ESW09,state-work:ESW10,state-work:ESW12,state-work:ESW17,state-work:ESW18,state-work:ESW20,state-work:ESW21,state-work:ESW22,identity-files:SE03,identity-files:SE04,identity-files:SE05,identity-files:SE09,identity-files:SE11,services-delivery:E07,services-delivery:E08,services-delivery:E09,services-delivery:E10,services-delivery:E11,services-delivery:E12,services-delivery:E13,services-delivery:E14,services-delivery:E15,services-delivery:E16,services-delivery:E17	Contextual owner families; not proof each duty is implemented or individually security-qualified.
CF-native-host-protocol	cloudflare	prototype-unadopted	state-work:ESW01,state-work:ESW09,state-work:ESW10,state-work:ESW12,state-work:ESW17,state-work:ESW18,state-work:ESW20,state-work:ESW21,state-work:ESW22,identity-files:SE03,identity-files:SE04,identity-files:SE05,identity-files:SE09,identity-files:SE11,services-delivery:E07,services-delivery:E08,services-delivery:E09,services-delivery:E10,services-delivery:E11,services-delivery:E12,services-delivery:E13,services-delivery:E14,services-delivery:E15,services-delivery:E16,services-delivery:E17	Contextual owner families; not proof each duty is implemented or individually security-qualified.
CF-native-integrity	cloudflare	prototype-unadopted	state-work:ESW01,state-work:ESW09,state-work:ESW10,state-work:ESW12,state-work:ESW17,state-work:ESW18,state-work:ESW20,state-work:ESW21,state-work:ESW22,identity-files:SE03,identity-files:SE04,identity-files:SE05,identity-files:SE09,identity-files:SE11,services-delivery:E07,services-delivery:E08,services-delivery:E09,services-delivery:E10,services-delivery:E11,services-delivery:E12,services-delivery:E13,services-delivery:E14,services-delivery:E15,services-delivery:E16,services-delivery:E17	Contextual owner families; not proof each duty is implemented or individually security-qualified.
CF-native-modules	cloudflare	prototype-unadopted	state-work:ESW01,state-work:ESW09,state-work:ESW10,state-work:ESW12,state-work:ESW17,state-work:ESW18,state-work:ESW20,state-work:ESW21,state-work:ESW22,identity-files:SE03,identity-files:SE04,identity-files:SE05,identity-files:SE09,identity-files:SE11,services-delivery:E07,services-delivery:E08,services-delivery:E09,services-delivery:E10,services-delivery:E11,services-delivery:E12,services-delivery:E13,services-delivery:E14,services-delivery:E15,services-delivery:E16,services-delivery:E17	Contextual owner families; not proof each duty is implemented or individually security-qualified.
CF-native-package-tool	cloudflare	conditional-production	state-work:ESW01,state-work:ESW09,state-work:ESW10,state-work:ESW12,state-work:ESW17,state-work:ESW18,state-work:ESW20,state-work:ESW21,state-work:ESW22,identity-files:SE03,identity-files:SE04,identity-files:SE05,identity-files:SE09,identity-files:SE11,services-delivery:E07,services-delivery:E08,services-delivery:E09,services-delivery:E10,services-delivery:E11,services-delivery:E12,services-delivery:E13,services-delivery:E14,services-delivery:E15,services-delivery:E16,services-delivery:E17	Contextual owner families; not proof each duty is implemented or individually security-qualified.
CF-native-plan	cloudflare	prototype-unadopted	state-work:ESW01,state-work:ESW09,state-work:ESW10,state-work:ESW12,state-work:ESW17,state-work:ESW18,state-work:ESW20,state-work:ESW21,state-work:ESW22,identity-files:SE03,identity-files:SE04,identity-files:SE05,identity-files:SE09,identity-files:SE11,services-delivery:E07,services-delivery:E08,services-delivery:E09,services-delivery:E10,services-delivery:E11,services-delivery:E12,services-delivery:E13,services-delivery:E14,services-delivery:E15,services-delivery:E16,services-delivery:E17	Contextual owner families; not proof each duty is implemented or individually security-qualified.
CF-native-selection	cloudflare	prototype-unadopted	state-work:ESW01,state-work:ESW09,state-work:ESW10,state-work:ESW12,state-work:ESW17,state-work:ESW18,state-work:ESW20,state-work:ESW21,state-work:ESW22,identity-files:SE03,identity-files:SE04,identity-files:SE05,identity-files:SE09,identity-files:SE11,services-delivery:E07,services-delivery:E08,services-delivery:E09,services-delivery:E10,services-delivery:E11,services-delivery:E12,services-delivery:E13,services-delivery:E14,services-delivery:E15,services-delivery:E16,services-delivery:E17	Contextual owner families; not proof each duty is implemented or individually security-qualified.
CF-producer-lookup	cloudflare	production-observed-source	state-work:ESW01,state-work:ESW09,state-work:ESW10,state-work:ESW12,state-work:ESW17,state-work:ESW18,state-work:ESW20,state-work:ESW21,state-work:ESW22,identity-files:SE03,identity-files:SE04,identity-files:SE05,identity-files:SE09,identity-files:SE11,services-delivery:E07,services-delivery:E08,services-delivery:E09,services-delivery:E10,services-delivery:E11,services-delivery:E12,services-delivery:E13,services-delivery:E14,services-delivery:E15,services-delivery:E16,services-delivery:E17	Contextual owner families; not proof each duty is implemented or individually security-qualified.
CF-publication	cloudflare	test-only-observed-call	state-work:ESW01,state-work:ESW09,state-work:ESW10,state-work:ESW12,state-work:ESW17,state-work:ESW18,state-work:ESW20,state-work:ESW21,state-work:ESW22,identity-files:SE03,identity-files:SE04,identity-files:SE05,identity-files:SE09,identity-files:SE11,services-delivery:E07,services-delivery:E08,services-delivery:E09,services-delivery:E10,services-delivery:E11,services-delivery:E12,services-delivery:E13,services-delivery:E14,services-delivery:E15,services-delivery:E16,services-delivery:E17	Contextual owner families; not proof each duty is implemented or individually security-qualified.
CF-selected-receipt	cloudflare	conditional-production	state-work:ESW01,state-work:ESW09,state-work:ESW10,state-work:ESW12,state-work:ESW17,state-work:ESW18,state-work:ESW20,state-work:ESW21,state-work:ESW22,identity-files:SE03,identity-files:SE04,identity-files:SE05,identity-files:SE09,identity-files:SE11,services-delivery:E07,services-delivery:E08,services-delivery:E09,services-delivery:E10,services-delivery:E11,services-delivery:E12,services-delivery:E13,services-delivery:E14,services-delivery:E15,services-delivery:E16,services-delivery:E17	Contextual owner families; not proof each duty is implemented or individually security-qualified.
CF-ts-build	cloudflare	production-observed-source	state-work:ESW01,state-work:ESW09,state-work:ESW10,state-work:ESW12,state-work:ESW17,state-work:ESW18,state-work:ESW20,state-work:ESW21,state-work:ESW22,identity-files:SE03,identity-files:SE04,identity-files:SE05,identity-files:SE09,identity-files:SE11,services-delivery:E07,services-delivery:E08,services-delivery:E09,services-delivery:E10,services-delivery:E11,services-delivery:E12,services-delivery:E13,services-delivery:E14,services-delivery:E15,services-delivery:E16,services-delivery:E17	Contextual owner families; not proof each duty is implemented or individually security-qualified.
CF-ts-deploy	cloudflare	production-observed-source	state-work:ESW01,state-work:ESW09,state-work:ESW10,state-work:ESW12,state-work:ESW17,state-work:ESW18,state-work:ESW20,state-work:ESW21,state-work:ESW22,identity-files:SE03,identity-files:SE04,identity-files:SE05,identity-files:SE09,identity-files:SE11,services-delivery:E07,services-delivery:E08,services-delivery:E09,services-delivery:E10,services-delivery:E11,services-delivery:E12,services-delivery:E13,services-delivery:E14,services-delivery:E15,services-delivery:E16,services-delivery:E17	Contextual owner families; not proof each duty is implemented or individually security-qualified.
CF-ts-host-helpers	cloudflare	production-observed-source	state-work:ESW01,state-work:ESW09,state-work:ESW10,state-work:ESW12,state-work:ESW17,state-work:ESW18,state-work:ESW20,state-work:ESW21,state-work:ESW22,identity-files:SE03,identity-files:SE04,identity-files:SE05,identity-files:SE09,identity-files:SE11,services-delivery:E07,services-delivery:E08,services-delivery:E09,services-delivery:E10,services-delivery:E11,services-delivery:E12,services-delivery:E13,services-delivery:E14,services-delivery:E15,services-delivery:E16,services-delivery:E17	Contextual owner families; not proof each duty is implemented or individually security-qualified.
CF-upgrade-sequence	cloudflare	test-only-observed-call	state-work:ESW01,state-work:ESW09,state-work:ESW10,state-work:ESW12,state-work:ESW17,state-work:ESW18,state-work:ESW20,state-work:ESW21,state-work:ESW22,identity-files:SE03,identity-files:SE04,identity-files:SE05,identity-files:SE09,identity-files:SE11,services-delivery:E07,services-delivery:E08,services-delivery:E09,services-delivery:E10,services-delivery:E11,services-delivery:E12,services-delivery:E13,services-delivery:E14,services-delivery:E15,services-delivery:E16,services-delivery:E17	Contextual owner families; not proof each duty is implemented or individually security-qualified.
CF-worker-composition	cloudflare	production-observed-source	state-work:ESW01,state-work:ESW09,state-work:ESW10,state-work:ESW12,state-work:ESW17,state-work:ESW18,state-work:ESW20,state-work:ESW21,state-work:ESW22,identity-files:SE03,identity-files:SE04,identity-files:SE05,identity-files:SE09,identity-files:SE11,services-delivery:E07,services-delivery:E08,services-delivery:E09,services-delivery:E10,services-delivery:E11,services-delivery:E12,services-delivery:E13,services-delivery:E14,services-delivery:E15,services-delivery:E16,services-delivery:E17	Contextual owner families; not proof each duty is implemented or individually security-qualified.
CF-worker-main	cloudflare	production-observed-source	state-work:ESW01,state-work:ESW09,state-work:ESW10,state-work:ESW12,state-work:ESW17,state-work:ESW18,state-work:ESW20,state-work:ESW21,state-work:ESW22,identity-files:SE03,identity-files:SE04,identity-files:SE05,identity-files:SE09,identity-files:SE11,services-delivery:E07,services-delivery:E08,services-delivery:E09,services-delivery:E10,services-delivery:E11,services-delivery:E12,services-delivery:E13,services-delivery:E14,services-delivery:E15,services-delivery:E16,services-delivery:E17	Contextual owner families; not proof each duty is implemented or individually security-qualified.
contracts-artifact	contracts	type-contract	root:ERX01,services-delivery:E06	Contextual owner families; not proof each duty is implemented or individually security-qualified.
contracts-artifact-version	contracts	production-observed-source	root:ERX01,services-delivery:E06	Contextual owner families; not proof each duty is implemented or individually security-qualified.
contracts-assembly	contracts	production-observed-source	root:ERX01,services-delivery:E06	Contextual owner families; not proof each duty is implemented or individually security-qualified.
contracts-asset-helpers	contracts	public-api-no-observed-in-repo-call	root:ERX01,services-delivery:E06	Contextual owner families; not proof each duty is implemented or individually security-qualified.
contracts-asset-types	contracts	production-observed-source	root:ERX01,services-delivery:E06	Contextual owner families; not proof each duty is implemented or individually security-qualified.
contracts-delivery-leaves	contracts	production-observed-source	root:ERX01,services-delivery:E06	Contextual owner families; not proof each duty is implemented or individually security-qualified.
contracts-deployment	contracts	type-contract	root:ERX01,services-delivery:E06	Contextual owner families; not proof each duty is implemented or individually security-qualified.
contracts-diagnostic	contracts	type-contract	root:ERX01,services-delivery:E06	Contextual owner families; not proof each duty is implemented or individually security-qualified.
contracts-distribution	contracts	production-observed-source	root:ERX01,services-delivery:E06	Contextual owner families; not proof each duty is implemented or individually security-qualified.
contracts-examples	contracts	type-contract	root:ERX01,services-delivery:E06	Contextual owner families; not proof each duty is implemented or individually security-qualified.
contracts-files	contracts	type-contract	root:ERX01,services-delivery:E06	Contextual owner families; not proof each duty is implemented or individually security-qualified.
contracts-generated-forms	contracts	production-observed-source	root:ERX01,services-delivery:E06	Contextual owner families; not proof each duty is implemented or individually security-qualified.
contracts-identity	contracts	type-contract	root:ERX01,services-delivery:E06	Contextual owner families; not proof each duty is implemented or individually security-qualified.
contracts-identity-catalog	contracts	public-api-no-observed-in-repo-call	root:ERX01,services-delivery:E06	Contextual owner families; not proof each duty is implemented or individually security-qualified.
contracts-packaging	contracts	production-observed-source	root:ERX01,services-delivery:E06	Contextual owner families; not proof each duty is implemented or individually security-qualified.
contracts-presentation-components	contracts	type-contract	root:ERX01,services-delivery:E06	Contextual owner families; not proof each duty is implemented or individually security-qualified.
contracts-presentation-page	contracts	type-contract	root:ERX01,services-delivery:E06	Contextual owner families; not proof each duty is implemented or individually security-qualified.
contracts-presentation-runtime	contracts	production-observed-source	root:ERX01,services-delivery:E06	Contextual owner families; not proof each duty is implemented or individually security-qualified.
contracts-reference	contracts	type-contract	root:ERX01,services-delivery:E06	Contextual owner families; not proof each duty is implemented or individually security-qualified.
contracts-services-descriptors	contracts	production-observed-source	root:ERX01,services-delivery:E06	Contextual owner families; not proof each duty is implemented or individually security-qualified.
contracts-services-types	contracts	type-contract	root:ERX01,services-delivery:E06	Contextual owner families; not proof each duty is implemented or individually security-qualified.
contracts-state-execution	contracts	type-contract	root:ERX01,services-delivery:E06	Contextual owner families; not proof each duty is implemented or individually security-qualified.
contracts-state-migration	contracts	type-contract	root:ERX01,services-delivery:E06	Contextual owner families; not proof each duty is implemented or individually security-qualified.
contracts-state-storage	contracts	type-contract	root:ERX01,services-delivery:E06	Contextual owner families; not proof each duty is implemented or individually security-qualified.
contracts-values	contracts	type-contract	root:ERX01,services-delivery:E06	Contextual owner families; not proof each duty is implemented or individually security-qualified.
contracts-wire-envelopes	contracts	type-contract	root:ERX01,services-delivery:E06	Contextual owner families; not proof each duty is implemented or individually security-qualified.
contracts-wire-runtime-policy	contracts	production-observed-source	root:ERX01,services-delivery:E06	Contextual owner families; not proof each duty is implemented or individually security-qualified.
contracts-work-fanout	contracts	type-contract	root:ERX01,services-delivery:E06	Contextual owner families; not proof each duty is implemented or individually security-qualified.
contracts-work-lifecycle	contracts	type-contract	root:ERX01,services-delivery:E06	Contextual owner families; not proof each duty is implemented or individually security-qualified.
contracts-work-observable-catalog	contracts	public-api-no-observed-in-repo-call	root:ERX01,services-delivery:E06	Contextual owner families; not proof each duty is implemented or individually security-qualified.
files-attachment-read	files	test-only-observed-call	identity-files:SE09,identity-files:SE10,identity-files:SE11	Contextual owner families; not proof each duty is implemented or individually security-qualified.
files-bridge	files	test-only-observed-call	identity-files:SE09,identity-files:SE10,identity-files:SE11	Contextual owner families; not proof each duty is implemented or individually security-qualified.
files-catalog	files	public-api-no-observed-in-repo-call	identity-files:SE09,identity-files:SE10,identity-files:SE11	Contextual owner families; not proof each duty is implemented or individually security-qualified.
files-distribution	files	generated-staged	identity-files:SE09,identity-files:SE10,identity-files:SE11	Contextual owner families; not proof each duty is implemented or individually security-qualified.
files-finalization	files	conditional-production	identity-files:SE09,identity-files:SE10,identity-files:SE11	Contextual owner families; not proof each duty is implemented or individually security-qualified.
files-fs-storage	files	test-only-observed-call	identity-files:SE09,identity-files:SE10,identity-files:SE11	Contextual owner families; not proof each duty is implemented or individually security-qualified.
files-port-contract	files	type-contract	identity-files:SE09,identity-files:SE10,identity-files:SE11	Contextual owner families; not proof each duty is implemented or individually security-qualified.
files-provenance	files	conditional-production	identity-files:SE09,identity-files:SE10,identity-files:SE11	Contextual owner families; not proof each duty is implemented or individually security-qualified.
files-provider-output	files	test-only-observed-call	identity-files:SE09,identity-files:SE10,identity-files:SE11	Contextual owner families; not proof each duty is implemented or individually security-qualified.
files-public-surface	files	public-api-no-observed-in-repo-call	identity-files:SE09,identity-files:SE10,identity-files:SE11	Contextual owner families; not proof each duty is implemented or individually security-qualified.
files-retention	files	test-only-observed-call	identity-files:SE09,identity-files:SE10,identity-files:SE11	Contextual owner families; not proof each duty is implemented or individually security-qualified.
files-scenarios	files	test-only-observed-call	identity-files:SE09,identity-files:SE10,identity-files:SE11	Contextual owner families; not proof each duty is implemented or individually security-qualified.
files-test-doubles	files	test-only-observed-call	identity-files:SE09,identity-files:SE10,identity-files:SE11	Contextual owner families; not proof each duty is implemented or individually security-qualified.
files-upload	files	conditional-production	identity-files:SE09,identity-files:SE10,identity-files:SE11	Contextual owner families; not proof each duty is implemented or individually security-qualified.
identity-account-registration	identity	conditional-production	identity-files:SE01,identity-files:SE02,identity-files:SE03,identity-files:SE04,identity-files:SE05,identity-files:SE06,identity-files:SE07	Contextual owner families; not proof each duty is implemented or individually security-qualified.
identity-comparison	identity	conditional-production	identity-files:SE01,identity-files:SE02,identity-files:SE03,identity-files:SE04,identity-files:SE05,identity-files:SE06,identity-files:SE07	Contextual owner families; not proof each duty is implemented or individually security-qualified.
identity-cookie	identity	production-observed-source	identity-files:SE01,identity-files:SE02,identity-files:SE03,identity-files:SE04,identity-files:SE05,identity-files:SE06,identity-files:SE07	Contextual owner families; not proof each duty is implemented or individually security-qualified.
identity-credentials	identity	production-observed-source	identity-files:SE01,identity-files:SE02,identity-files:SE03,identity-files:SE04,identity-files:SE05,identity-files:SE06,identity-files:SE07	Contextual owner families; not proof each duty is implemented or individually security-qualified.
identity-csrf	identity	production-observed-source	identity-files:SE01,identity-files:SE02,identity-files:SE03,identity-files:SE04,identity-files:SE05,identity-files:SE06,identity-files:SE07	Contextual owner families; not proof each duty is implemented or individually security-qualified.
identity-d1	identity	production-observed-source	identity-files:SE01,identity-files:SE02,identity-files:SE03,identity-files:SE04,identity-files:SE05,identity-files:SE06,identity-files:SE07	Contextual owner families; not proof each duty is implemented or individually security-qualified.
identity-distribution	identity	generated-staged	identity-files:SE01,identity-files:SE02,identity-files:SE03,identity-files:SE04,identity-files:SE05,identity-files:SE06,identity-files:SE07	Contextual owner families; not proof each duty is implemented or individually security-qualified.
identity-grants	identity	production-observed-source	identity-files:SE01,identity-files:SE02,identity-files:SE03,identity-files:SE04,identity-files:SE05,identity-files:SE06,identity-files:SE07	Contextual owner families; not proof each duty is implemented or individually security-qualified.
identity-invitations	identity	test-only-observed-call	identity-files:SE01,identity-files:SE02,identity-files:SE03,identity-files:SE04,identity-files:SE05,identity-files:SE06,identity-files:SE07	Contextual owner families; not proof each duty is implemented or individually security-qualified.
identity-live-fence	identity	production-observed-source	identity-files:SE01,identity-files:SE02,identity-files:SE03,identity-files:SE04,identity-files:SE05,identity-files:SE06,identity-files:SE07	Contextual owner families; not proof each duty is implemented or individually security-qualified.
identity-login-presession	identity	conditional-production	identity-files:SE01,identity-files:SE02,identity-files:SE03,identity-files:SE04,identity-files:SE05,identity-files:SE06,identity-files:SE07	Contextual owner families; not proof each duty is implemented or individually security-qualified.
identity-membership	identity	test-only-observed-call	identity-files:SE01,identity-files:SE02,identity-files:SE03,identity-files:SE04,identity-files:SE05,identity-files:SE06,identity-files:SE07	Contextual owner families; not proof each duty is implemented or individually security-qualified.
identity-oauth	identity	conditional-production	identity-files:SE01,identity-files:SE02,identity-files:SE03,identity-files:SE04,identity-files:SE05,identity-files:SE06,identity-files:SE07	Contextual owner families; not proof each duty is implemented or individually security-qualified.
identity-password	identity	conditional-production	identity-files:SE01,identity-files:SE02,identity-files:SE03,identity-files:SE04,identity-files:SE05,identity-files:SE06,identity-files:SE07	Contextual owner families; not proof each duty is implemented or individually security-qualified.
identity-ports	identity	production-observed-source	identity-files:SE01,identity-files:SE02,identity-files:SE03,identity-files:SE04,identity-files:SE05,identity-files:SE06,identity-files:SE07	Contextual owner families; not proof each duty is implemented or individually security-qualified.
identity-public-surface	identity	production-observed-source	identity-files:SE01,identity-files:SE02,identity-files:SE03,identity-files:SE04,identity-files:SE05,identity-files:SE06,identity-files:SE07	Contextual owner families; not proof each duty is implemented or individually security-qualified.
identity-recovery	identity	conditional-production	identity-files:SE01,identity-files:SE02,identity-files:SE03,identity-files:SE04,identity-files:SE05,identity-files:SE06,identity-files:SE07	Contextual owner families; not proof each duty is implemented or individually security-qualified.
identity-resolution	identity	production-observed-source	identity-files:SE01,identity-files:SE02,identity-files:SE03,identity-files:SE04,identity-files:SE05,identity-files:SE06,identity-files:SE07	Contextual owner families; not proof each duty is implemented or individually security-qualified.
identity-revoke	identity	conditional-production	identity-files:SE01,identity-files:SE02,identity-files:SE03,identity-files:SE04,identity-files:SE05,identity-files:SE06,identity-files:SE07	Contextual owner families; not proof each duty is implemented or individually security-qualified.
identity-roles	identity	test-only-observed-call	identity-files:SE01,identity-files:SE02,identity-files:SE03,identity-files:SE04,identity-files:SE05,identity-files:SE06,identity-files:SE07	Contextual owner families; not proof each duty is implemented or individually security-qualified.
identity-team-selection	identity	conditional-production	identity-files:SE01,identity-files:SE02,identity-files:SE03,identity-files:SE04,identity-files:SE05,identity-files:SE06,identity-files:SE07	Contextual owner families; not proof each duty is implemented or individually security-qualified.
identity-test-doubles	identity	test-only-observed-call	identity-files:SE01,identity-files:SE02,identity-files:SE03,identity-files:SE04,identity-files:SE05,identity-files:SE06,identity-files:SE07	Contextual owner families; not proof each duty is implemented or individually security-qualified.
interfaces-assets	interfaces	test-only-observed-call	root:ERU01,root:ERU03,state-work:ESW01,state-work:ESW06,state-work:ESW07,identity-files:SE01,identity-files:SE02,identity-files:SE03,identity-files:SE05,identity-files:SE06,identity-files:SE07,identity-files:SE08,identity-files:SE09,identity-files:SE11,identity-files:SE12	Contextual owner families; not proof each duty is implemented or individually security-qualified.
interfaces-auth	interfaces	conditional-production	root:ERU01,root:ERU03,state-work:ESW01,state-work:ESW06,state-work:ESW07,identity-files:SE01,identity-files:SE02,identity-files:SE03,identity-files:SE05,identity-files:SE06,identity-files:SE07,identity-files:SE08,identity-files:SE09,identity-files:SE11,identity-files:SE12	Contextual owner families; not proof each duty is implemented or individually security-qualified.
interfaces-contracts	interfaces	type-contract	root:ERU01,root:ERU03,state-work:ESW01,state-work:ESW06,state-work:ESW07,identity-files:SE01,identity-files:SE02,identity-files:SE03,identity-files:SE05,identity-files:SE06,identity-files:SE07,identity-files:SE08,identity-files:SE09,identity-files:SE11,identity-files:SE12	Contextual owner families; not proof each duty is implemented or individually security-qualified.
interfaces-csv	interfaces	conditional-production	root:ERU01,root:ERU03,state-work:ESW01,state-work:ESW06,state-work:ESW07,identity-files:SE01,identity-files:SE02,identity-files:SE03,identity-files:SE05,identity-files:SE06,identity-files:SE07,identity-files:SE08,identity-files:SE09,identity-files:SE11,identity-files:SE12	Contextual owner families; not proof each duty is implemented or individually security-qualified.
interfaces-distribution	interfaces	generated-staged	root:ERU01,root:ERU03,state-work:ESW01,state-work:ESW06,state-work:ESW07,identity-files:SE01,identity-files:SE02,identity-files:SE03,identity-files:SE05,identity-files:SE06,identity-files:SE07,identity-files:SE08,identity-files:SE09,identity-files:SE11,identity-files:SE12	Contextual owner families; not proof each duty is implemented or individually security-qualified.
interfaces-docs	interfaces	production-observed-source	root:ERU01,root:ERU03,state-work:ESW01,state-work:ESW06,state-work:ESW07,identity-files:SE01,identity-files:SE02,identity-files:SE03,identity-files:SE05,identity-files:SE06,identity-files:SE07,identity-files:SE08,identity-files:SE09,identity-files:SE11,identity-files:SE12	Contextual owner families; not proof each duty is implemented or individually security-qualified.
interfaces-errors	interfaces	production-observed-source	root:ERU01,root:ERU03,state-work:ESW01,state-work:ESW06,state-work:ESW07,identity-files:SE01,identity-files:SE02,identity-files:SE03,identity-files:SE05,identity-files:SE06,identity-files:SE07,identity-files:SE08,identity-files:SE09,identity-files:SE11,identity-files:SE12	Contextual owner families; not proof each duty is implemented or individually security-qualified.
interfaces-export	interfaces	conditional-production	root:ERU01,root:ERU03,state-work:ESW01,state-work:ESW06,state-work:ESW07,identity-files:SE01,identity-files:SE02,identity-files:SE03,identity-files:SE05,identity-files:SE06,identity-files:SE07,identity-files:SE08,identity-files:SE09,identity-files:SE11,identity-files:SE12	Contextual owner families; not proof each duty is implemented or individually security-qualified.
interfaces-file-kernel-binding	interfaces	test-only-observed-call	root:ERU01,root:ERU03,state-work:ESW01,state-work:ESW06,state-work:ESW07,identity-files:SE01,identity-files:SE02,identity-files:SE03,identity-files:SE05,identity-files:SE06,identity-files:SE07,identity-files:SE08,identity-files:SE09,identity-files:SE11,identity-files:SE12	Contextual owner families; not proof each duty is implemented or individually security-qualified.
interfaces-form-rerender	interfaces	conditional-production	root:ERU01,root:ERU03,state-work:ESW01,state-work:ESW06,state-work:ESW07,identity-files:SE01,identity-files:SE02,identity-files:SE03,identity-files:SE05,identity-files:SE06,identity-files:SE07,identity-files:SE08,identity-files:SE09,identity-files:SE11,identity-files:SE12	Contextual owner families; not proof each duty is implemented or individually security-qualified.
interfaces-http-limits	interfaces	production-observed-source	root:ERU01,root:ERU03,state-work:ESW01,state-work:ESW06,state-work:ESW07,identity-files:SE01,identity-files:SE02,identity-files:SE03,identity-files:SE05,identity-files:SE06,identity-files:SE07,identity-files:SE08,identity-files:SE09,identity-files:SE11,identity-files:SE12	Contextual owner families; not proof each duty is implemented or individually security-qualified.
interfaces-http-operation	interfaces	production-observed-source	root:ERU01,root:ERU03,state-work:ESW01,state-work:ESW06,state-work:ESW07,identity-files:SE01,identity-files:SE02,identity-files:SE03,identity-files:SE05,identity-files:SE06,identity-files:SE07,identity-files:SE08,identity-files:SE09,identity-files:SE11,identity-files:SE12	Contextual owner families; not proof each duty is implemented or individually security-qualified.
interfaces-ingress	interfaces	conditional-production	root:ERU01,root:ERU03,state-work:ESW01,state-work:ESW06,state-work:ESW07,identity-files:SE01,identity-files:SE02,identity-files:SE03,identity-files:SE05,identity-files:SE06,identity-files:SE07,identity-files:SE08,identity-files:SE09,identity-files:SE11,identity-files:SE12	Contextual owner families; not proof each duty is implemented or individually security-qualified.
interfaces-input-derivation	interfaces	production-observed-source	root:ERU01,root:ERU03,state-work:ESW01,state-work:ESW06,state-work:ESW07,identity-files:SE01,identity-files:SE02,identity-files:SE03,identity-files:SE05,identity-files:SE06,identity-files:SE07,identity-files:SE08,identity-files:SE09,identity-files:SE11,identity-files:SE12	Contextual owner families; not proof each duty is implemented or individually security-qualified.
interfaces-intake	interfaces	test-only-observed-call	root:ERU01,root:ERU03,state-work:ESW01,state-work:ESW06,state-work:ESW07,identity-files:SE01,identity-files:SE02,identity-files:SE03,identity-files:SE05,identity-files:SE06,identity-files:SE07,identity-files:SE08,identity-files:SE09,identity-files:SE11,identity-files:SE12	Contextual owner families; not proof each duty is implemented or individually security-qualified.
interfaces-mcp	interfaces	production-observed-source	root:ERU01,root:ERU03,state-work:ESW01,state-work:ESW06,state-work:ESW07,identity-files:SE01,identity-files:SE02,identity-files:SE03,identity-files:SE05,identity-files:SE06,identity-files:SE07,identity-files:SE08,identity-files:SE09,identity-files:SE11,identity-files:SE12	Contextual owner families; not proof each duty is implemented or individually security-qualified.
interfaces-oauth	interfaces	conditional-production	root:ERU01,root:ERU03,state-work:ESW01,state-work:ESW06,state-work:ESW07,identity-files:SE01,identity-files:SE02,identity-files:SE03,identity-files:SE05,identity-files:SE06,identity-files:SE07,identity-files:SE08,identity-files:SE09,identity-files:SE11,identity-files:SE12	Contextual owner families; not proof each duty is implemented or individually security-qualified.
interfaces-pages	interfaces	conditional-production	root:ERU01,root:ERU03,state-work:ESW01,state-work:ESW06,state-work:ESW07,identity-files:SE01,identity-files:SE02,identity-files:SE03,identity-files:SE05,identity-files:SE06,identity-files:SE07,identity-files:SE08,identity-files:SE09,identity-files:SE11,identity-files:SE12	Contextual owner families; not proof each duty is implemented or individually security-qualified.
interfaces-prepared-mcp	interfaces	test-only-observed-call	root:ERU01,root:ERU03,state-work:ESW01,state-work:ESW06,state-work:ESW07,identity-files:SE01,identity-files:SE02,identity-files:SE03,identity-files:SE05,identity-files:SE06,identity-files:SE07,identity-files:SE08,identity-files:SE09,identity-files:SE11,identity-files:SE12	Contextual owner families; not proof each duty is implemented or individually security-qualified.
interfaces-print	interfaces	conditional-production	root:ERU01,root:ERU03,state-work:ESW01,state-work:ESW06,state-work:ESW07,identity-files:SE01,identity-files:SE02,identity-files:SE03,identity-files:SE05,identity-files:SE06,identity-files:SE07,identity-files:SE08,identity-files:SE09,identity-files:SE11,identity-files:SE12	Contextual owner families; not proof each duty is implemented or individually security-qualified.
interfaces-projection	interfaces	test-only-observed-call	root:ERU01,root:ERU03,state-work:ESW01,state-work:ESW06,state-work:ESW07,identity-files:SE01,identity-files:SE02,identity-files:SE03,identity-files:SE05,identity-files:SE06,identity-files:SE07,identity-files:SE08,identity-files:SE09,identity-files:SE11,identity-files:SE12	Contextual owner families; not proof each duty is implemented or individually security-qualified.
interfaces-public-surface	interfaces	production-observed-source	root:ERU01,root:ERU03,state-work:ESW01,state-work:ESW06,state-work:ESW07,identity-files:SE01,identity-files:SE02,identity-files:SE03,identity-files:SE05,identity-files:SE06,identity-files:SE07,identity-files:SE08,identity-files:SE09,identity-files:SE11,identity-files:SE12	Contextual owner families; not proof each duty is implemented or individually security-qualified.
interfaces-router	interfaces	test-only-observed-call	root:ERU01,root:ERU03,state-work:ESW01,state-work:ESW06,state-work:ESW07,identity-files:SE01,identity-files:SE02,identity-files:SE03,identity-files:SE05,identity-files:SE06,identity-files:SE07,identity-files:SE08,identity-files:SE09,identity-files:SE11,identity-files:SE12	Contextual owner families; not proof each duty is implemented or individually security-qualified.
interfaces-test-doubles	interfaces	test-only-observed-call	root:ERU01,root:ERU03,state-work:ESW01,state-work:ESW06,state-work:ESW07,identity-files:SE01,identity-files:SE02,identity-files:SE03,identity-files:SE05,identity-files:SE06,identity-files:SE07,identity-files:SE08,identity-files:SE09,identity-files:SE11,identity-files:SE12	Contextual owner families; not proof each duty is implemented or individually security-qualified.
interfaces-uploads	interfaces	conditional-production	root:ERU01,root:ERU03,state-work:ESW01,state-work:ESW06,state-work:ESW07,identity-files:SE01,identity-files:SE02,identity-files:SE03,identity-files:SE05,identity-files:SE06,identity-files:SE07,identity-files:SE08,identity-files:SE09,identity-files:SE11,identity-files:SE12	Contextual owner families; not proof each duty is implemented or individually security-qualified.
interfaces-version-check	interfaces	test-only-observed-call	root:ERU01,root:ERU03,state-work:ESW01,state-work:ESW06,state-work:ESW07,identity-files:SE01,identity-files:SE02,identity-files:SE03,identity-files:SE05,identity-files:SE06,identity-files:SE07,identity-files:SE08,identity-files:SE09,identity-files:SE11,identity-files:SE12	Contextual owner families; not proof each duty is implemented or individually security-qualified.
services-catalog	services	public-api-no-observed-in-repo-call	services-delivery:E01,services-delivery:E02,services-delivery:E03,services-delivery:E04,services-delivery:E05,services-delivery:E06	Contextual owner families; not proof each duty is implemented or individually security-qualified.
services-distribution	services	generated-staged	services-delivery:E01,services-delivery:E02,services-delivery:E03,services-delivery:E04,services-delivery:E05,services-delivery:E06	Contextual owner families; not proof each duty is implemented or individually security-qualified.
services-harness	services	test-only-observed-call	services-delivery:E01,services-delivery:E02,services-delivery:E03,services-delivery:E04,services-delivery:E05,services-delivery:E06	Contextual owner families; not proof each duty is implemented or individually security-qualified.
services-http	services	conditional-production	services-delivery:E01,services-delivery:E02,services-delivery:E03,services-delivery:E04,services-delivery:E05,services-delivery:E06	Contextual owner families; not proof each duty is implemented or individually security-qualified.
services-judgments	services	test-only-observed-call	services-delivery:E01,services-delivery:E02,services-delivery:E03,services-delivery:E04,services-delivery:E05,services-delivery:E06	Contextual owner families; not proof each duty is implemented or individually security-qualified.
services-mail	services	test-only-observed-call	services-delivery:E01,services-delivery:E02,services-delivery:E03,services-delivery:E04,services-delivery:E05,services-delivery:E06	Contextual owner families; not proof each duty is implemented or individually security-qualified.
services-media	services	test-only-observed-call	services-delivery:E01,services-delivery:E02,services-delivery:E03,services-delivery:E04,services-delivery:E05,services-delivery:E06	Contextual owner families; not proof each duty is implemented or individually security-qualified.
services-model	services	test-only-observed-call	services-delivery:E01,services-delivery:E02,services-delivery:E03,services-delivery:E04,services-delivery:E05,services-delivery:E06	Contextual owner families; not proof each duty is implemented or individually security-qualified.
services-pagination	services	test-only-observed-call	services-delivery:E01,services-delivery:E02,services-delivery:E03,services-delivery:E04,services-delivery:E05,services-delivery:E06	Contextual owner families; not proof each duty is implemented or individually security-qualified.
services-port-contract	services	conditional-production	services-delivery:E01,services-delivery:E02,services-delivery:E03,services-delivery:E04,services-delivery:E05,services-delivery:E06	Contextual owner families; not proof each duty is implemented or individually security-qualified.
services-port-test-defaults	services	test-only-observed-call	services-delivery:E01,services-delivery:E02,services-delivery:E03,services-delivery:E04,services-delivery:E05,services-delivery:E06	Contextual owner families; not proof each duty is implemented or individually security-qualified.
services-public-surface	services	public-api-no-observed-in-repo-call	services-delivery:E01,services-delivery:E02,services-delivery:E03,services-delivery:E04,services-delivery:E05,services-delivery:E06	Contextual owner families; not proof each duty is implemented or individually security-qualified.
services-scenarios	services	test-only-observed-call	services-delivery:E01,services-delivery:E02,services-delivery:E03,services-delivery:E04,services-delivery:E05,services-delivery:E06	Contextual owner families; not proof each duty is implemented or individually security-qualified.
S-DO	state	test-only-observed-call	state-work:ESW02,state-work:ESW03,state-work:ESW04,state-work:ESW05,state-work:ESW06,state-work:ESW07,state-work:ESW08,state-work:ESW09,state-work:ESW10,state-work:ESW11,state-work:ESW12,state-work:ESW13,state-work:ESW14,state-work:ESW15,state-work:ESW20,state-work:ESW21,state-work:ESW22	Contextual owner families; not proof each duty is implemented or individually security-qualified.
S-authority	state	production-observed-source	state-work:ESW02,state-work:ESW03,state-work:ESW04,state-work:ESW05,state-work:ESW06,state-work:ESW07,state-work:ESW08,state-work:ESW09,state-work:ESW10,state-work:ESW11,state-work:ESW12,state-work:ESW13,state-work:ESW14,state-work:ESW15,state-work:ESW20,state-work:ESW21,state-work:ESW22	Contextual owner families; not proof each duty is implemented or individually security-qualified.
S-child-join	state	test-only-observed-call	state-work:ESW02,state-work:ESW03,state-work:ESW04,state-work:ESW05,state-work:ESW06,state-work:ESW07,state-work:ESW08,state-work:ESW09,state-work:ESW10,state-work:ESW11,state-work:ESW12,state-work:ESW13,state-work:ESW14,state-work:ESW15,state-work:ESW20,state-work:ESW21,state-work:ESW22	Contextual owner families; not proof each duty is implemented or individually security-qualified.
S-d1-core	state	production-observed-source	state-work:ESW02,state-work:ESW03,state-work:ESW04,state-work:ESW05,state-work:ESW06,state-work:ESW07,state-work:ESW08,state-work:ESW09,state-work:ESW10,state-work:ESW11,state-work:ESW12,state-work:ESW13,state-work:ESW14,state-work:ESW15,state-work:ESW20,state-work:ESW21,state-work:ESW22	Contextual owner families; not proof each duty is implemented or individually security-qualified.
S-d1-work	state	conditional-production	state-work:ESW02,state-work:ESW03,state-work:ESW04,state-work:ESW05,state-work:ESW06,state-work:ESW07,state-work:ESW08,state-work:ESW09,state-work:ESW10,state-work:ESW11,state-work:ESW12,state-work:ESW13,state-work:ESW14,state-work:ESW15,state-work:ESW20,state-work:ESW21,state-work:ESW22	Contextual owner families; not proof each duty is implemented or individually security-qualified.
S-descriptors	state	production-observed-source	state-work:ESW02,state-work:ESW03,state-work:ESW04,state-work:ESW05,state-work:ESW06,state-work:ESW07,state-work:ESW08,state-work:ESW09,state-work:ESW10,state-work:ESW11,state-work:ESW12,state-work:ESW13,state-work:ESW14,state-work:ESW15,state-work:ESW20,state-work:ESW21,state-work:ESW22	Contextual owner families; not proof each duty is implemented or individually security-qualified.
S-dispatch-join	state	conditional-production	state-work:ESW02,state-work:ESW03,state-work:ESW04,state-work:ESW05,state-work:ESW06,state-work:ESW07,state-work:ESW08,state-work:ESW09,state-work:ESW10,state-work:ESW11,state-work:ESW12,state-work:ESW13,state-work:ESW14,state-work:ESW15,state-work:ESW20,state-work:ESW21,state-work:ESW22	Contextual owner families; not proof each duty is implemented or individually security-qualified.
S-effects	state	production-observed-source	state-work:ESW02,state-work:ESW03,state-work:ESW04,state-work:ESW05,state-work:ESW06,state-work:ESW07,state-work:ESW08,state-work:ESW09,state-work:ESW10,state-work:ESW11,state-work:ESW12,state-work:ESW13,state-work:ESW14,state-work:ESW15,state-work:ESW20,state-work:ESW21,state-work:ESW22	Contextual owner families; not proof each duty is implemented or individually security-qualified.
S-fanout-freeze	state	conditional-production	state-work:ESW02,state-work:ESW03,state-work:ESW04,state-work:ESW05,state-work:ESW06,state-work:ESW07,state-work:ESW08,state-work:ESW09,state-work:ESW10,state-work:ESW11,state-work:ESW12,state-work:ESW13,state-work:ESW14,state-work:ESW15,state-work:ESW20,state-work:ESW21,state-work:ESW22	Contextual owner families; not proof each duty is implemented or individually security-qualified.
S-fanout-lifecycle	state	conditional-production	state-work:ESW02,state-work:ESW03,state-work:ESW04,state-work:ESW05,state-work:ESW06,state-work:ESW07,state-work:ESW08,state-work:ESW09,state-work:ESW10,state-work:ESW11,state-work:ESW12,state-work:ESW13,state-work:ESW14,state-work:ESW15,state-work:ESW20,state-work:ESW21,state-work:ESW22	Contextual owner families; not proof each duty is implemented or individually security-qualified.
S-fanout-progress	state	conditional-production	state-work:ESW02,state-work:ESW03,state-work:ESW04,state-work:ESW05,state-work:ESW06,state-work:ESW07,state-work:ESW08,state-work:ESW09,state-work:ESW10,state-work:ESW11,state-work:ESW12,state-work:ESW13,state-work:ESW14,state-work:ESW15,state-work:ESW20,state-work:ESW21,state-work:ESW22	Contextual owner families; not proof each duty is implemented or individually security-qualified.
S-fanout-shape	state	conditional-production	state-work:ESW02,state-work:ESW03,state-work:ESW04,state-work:ESW05,state-work:ESW06,state-work:ESW07,state-work:ESW08,state-work:ESW09,state-work:ESW10,state-work:ESW11,state-work:ESW12,state-work:ESW13,state-work:ESW14,state-work:ESW15,state-work:ESW20,state-work:ESW21,state-work:ESW22	Contextual owner families; not proof each duty is implemented or individually security-qualified.
S-fence	state	production-observed-source	state-work:ESW02,state-work:ESW03,state-work:ESW04,state-work:ESW05,state-work:ESW06,state-work:ESW07,state-work:ESW08,state-work:ESW09,state-work:ESW10,state-work:ESW11,state-work:ESW12,state-work:ESW13,state-work:ESW14,state-work:ESW15,state-work:ESW20,state-work:ESW21,state-work:ESW22	Contextual owner families; not proof each duty is implemented or individually security-qualified.
S-invoke	state	production-observed-source	state-work:ESW02,state-work:ESW03,state-work:ESW04,state-work:ESW05,state-work:ESW06,state-work:ESW07,state-work:ESW08,state-work:ESW09,state-work:ESW10,state-work:ESW11,state-work:ESW12,state-work:ESW13,state-work:ESW14,state-work:ESW15,state-work:ESW20,state-work:ESW21,state-work:ESW22	Contextual owner families; not proof each duty is implemented or individually security-qualified.
S-memory	state	test-only-observed-call	state-work:ESW02,state-work:ESW03,state-work:ESW04,state-work:ESW05,state-work:ESW06,state-work:ESW07,state-work:ESW08,state-work:ESW09,state-work:ESW10,state-work:ESW11,state-work:ESW12,state-work:ESW13,state-work:ESW14,state-work:ESW15,state-work:ESW20,state-work:ESW21,state-work:ESW22	Contextual owner families; not proof each duty is implemented or individually security-qualified.
S-migration-failure	state	test-only-observed-call	state-work:ESW02,state-work:ESW03,state-work:ESW04,state-work:ESW05,state-work:ESW06,state-work:ESW07,state-work:ESW08,state-work:ESW09,state-work:ESW10,state-work:ESW11,state-work:ESW12,state-work:ESW13,state-work:ESW14,state-work:ESW15,state-work:ESW20,state-work:ESW21,state-work:ESW22	Contextual owner families; not proof each duty is implemented or individually security-qualified.
S-migration-lifecycle	state	test-only-observed-call	state-work:ESW02,state-work:ESW03,state-work:ESW04,state-work:ESW05,state-work:ESW06,state-work:ESW07,state-work:ESW08,state-work:ESW09,state-work:ESW10,state-work:ESW11,state-work:ESW12,state-work:ESW13,state-work:ESW14,state-work:ESW15,state-work:ESW20,state-work:ESW21,state-work:ESW22	Contextual owner families; not proof each duty is implemented or individually security-qualified.
S-migration-plan	state	test-only-observed-call	state-work:ESW02,state-work:ESW03,state-work:ESW04,state-work:ESW05,state-work:ESW06,state-work:ESW07,state-work:ESW08,state-work:ESW09,state-work:ESW10,state-work:ESW11,state-work:ESW12,state-work:ESW13,state-work:ESW14,state-work:ESW15,state-work:ESW20,state-work:ESW21,state-work:ESW22	Contextual owner families; not proof each duty is implemented or individually security-qualified.
S-migration-stage	state	test-only-observed-call	state-work:ESW02,state-work:ESW03,state-work:ESW04,state-work:ESW05,state-work:ESW06,state-work:ESW07,state-work:ESW08,state-work:ESW09,state-work:ESW10,state-work:ESW11,state-work:ESW12,state-work:ESW13,state-work:ESW14,state-work:ESW15,state-work:ESW20,state-work:ESW21,state-work:ESW22	Contextual owner families; not proof each duty is implemented or individually security-qualified.
S-migration-validation	state	test-only-observed-call	state-work:ESW02,state-work:ESW03,state-work:ESW04,state-work:ESW05,state-work:ESW06,state-work:ESW07,state-work:ESW08,state-work:ESW09,state-work:ESW10,state-work:ESW11,state-work:ESW12,state-work:ESW13,state-work:ESW14,state-work:ESW15,state-work:ESW20,state-work:ESW21,state-work:ESW22	Contextual owner families; not proof each duty is implemented or individually security-qualified.
S-models-crud	state	production-observed-source	state-work:ESW02,state-work:ESW03,state-work:ESW04,state-work:ESW05,state-work:ESW06,state-work:ESW07,state-work:ESW08,state-work:ESW09,state-work:ESW10,state-work:ESW11,state-work:ESW12,state-work:ESW13,state-work:ESW14,state-work:ESW15,state-work:ESW20,state-work:ESW21,state-work:ESW22	Contextual owner families; not proof each duty is implemented or individually security-qualified.
S-pipeline	state	production-observed-source	state-work:ESW02,state-work:ESW03,state-work:ESW04,state-work:ESW05,state-work:ESW06,state-work:ESW07,state-work:ESW08,state-work:ESW09,state-work:ESW10,state-work:ESW11,state-work:ESW12,state-work:ESW13,state-work:ESW14,state-work:ESW15,state-work:ESW20,state-work:ESW21,state-work:ESW22	Contextual owner families; not proof each duty is implemented or individually security-qualified.
S-public-DO-test-worker	state	test-only-observed-call	state-work:ESW02,state-work:ESW03,state-work:ESW04,state-work:ESW05,state-work:ESW06,state-work:ESW07,state-work:ESW08,state-work:ESW09,state-work:ESW10,state-work:ESW11,state-work:ESW12,state-work:ESW13,state-work:ESW14,state-work:ESW15,state-work:ESW20,state-work:ESW21,state-work:ESW22	Contextual owner families; not proof each duty is implemented or individually security-qualified.
S-public-T18-fixture	state	generated-staged	state-work:ESW02,state-work:ESW03,state-work:ESW04,state-work:ESW05,state-work:ESW06,state-work:ESW07,state-work:ESW08,state-work:ESW09,state-work:ESW10,state-work:ESW11,state-work:ESW12,state-work:ESW13,state-work:ESW14,state-work:ESW15,state-work:ESW20,state-work:ESW21,state-work:ESW22	Contextual owner families; not proof each duty is implemented or individually security-qualified.
S-public-fanout-support	state	test-only-observed-call	state-work:ESW02,state-work:ESW03,state-work:ESW04,state-work:ESW05,state-work:ESW06,state-work:ESW07,state-work:ESW08,state-work:ESW09,state-work:ESW10,state-work:ESW11,state-work:ESW12,state-work:ESW13,state-work:ESW14,state-work:ESW15,state-work:ESW20,state-work:ESW21,state-work:ESW22	Contextual owner families; not proof each duty is implemented or individually security-qualified.
S-public-invocation-fixtures	state	test-only-observed-call	state-work:ESW02,state-work:ESW03,state-work:ESW04,state-work:ESW05,state-work:ESW06,state-work:ESW07,state-work:ESW08,state-work:ESW09,state-work:ESW10,state-work:ESW11,state-work:ESW12,state-work:ESW13,state-work:ESW14,state-work:ESW15,state-work:ESW20,state-work:ESW21,state-work:ESW22	Contextual owner families; not proof each duty is implemented or individually security-qualified.
S-public-mutation-fixtures	state	test-only-observed-call	state-work:ESW02,state-work:ESW03,state-work:ESW04,state-work:ESW05,state-work:ESW06,state-work:ESW07,state-work:ESW08,state-work:ESW09,state-work:ESW10,state-work:ESW11,state-work:ESW12,state-work:ESW13,state-work:ESW14,state-work:ESW15,state-work:ESW20,state-work:ESW21,state-work:ESW22	Contextual owner families; not proof each duty is implemented or individually security-qualified.
S-public-query-fixtures	state	test-only-observed-call	state-work:ESW02,state-work:ESW03,state-work:ESW04,state-work:ESW05,state-work:ESW06,state-work:ESW07,state-work:ESW08,state-work:ESW09,state-work:ESW10,state-work:ESW11,state-work:ESW12,state-work:ESW13,state-work:ESW14,state-work:ESW15,state-work:ESW20,state-work:ESW21,state-work:ESW22	Contextual owner families; not proof each duty is implemented or individually security-qualified.
S-query-other	state	test-only-observed-call	state-work:ESW02,state-work:ESW03,state-work:ESW04,state-work:ESW05,state-work:ESW06,state-work:ESW07,state-work:ESW08,state-work:ESW09,state-work:ESW10,state-work:ESW11,state-work:ESW12,state-work:ESW13,state-work:ESW14,state-work:ESW15,state-work:ESW20,state-work:ESW21,state-work:ESW22	Contextual owner families; not proof each duty is implemented or individually security-qualified.
S-query-records	state	production-observed-source	state-work:ESW02,state-work:ESW03,state-work:ESW04,state-work:ESW05,state-work:ESW06,state-work:ESW07,state-work:ESW08,state-work:ESW09,state-work:ESW10,state-work:ESW11,state-work:ESW12,state-work:ESW13,state-work:ESW14,state-work:ESW15,state-work:ESW20,state-work:ESW21,state-work:ESW22	Contextual owner families; not proof each duty is implemented or individually security-qualified.
S-read-invoke	state	production-observed-source	state-work:ESW02,state-work:ESW03,state-work:ESW04,state-work:ESW05,state-work:ESW06,state-work:ESW07,state-work:ESW08,state-work:ESW09,state-work:ESW10,state-work:ESW11,state-work:ESW12,state-work:ESW13,state-work:ESW14,state-work:ESW15,state-work:ESW20,state-work:ESW21,state-work:ESW22	Contextual owner families; not proof each duty is implemented or individually security-qualified.
S-receipt-probe	state	production-observed-source	state-work:ESW02,state-work:ESW03,state-work:ESW04,state-work:ESW05,state-work:ESW06,state-work:ESW07,state-work:ESW08,state-work:ESW09,state-work:ESW10,state-work:ESW11,state-work:ESW12,state-work:ESW13,state-work:ESW14,state-work:ESW15,state-work:ESW20,state-work:ESW21,state-work:ESW22	Contextual owner families; not proof each duty is implemented or individually security-qualified.
S-receipt-read	state	conditional-production	state-work:ESW02,state-work:ESW03,state-work:ESW04,state-work:ESW05,state-work:ESW06,state-work:ESW07,state-work:ESW08,state-work:ESW09,state-work:ESW10,state-work:ESW11,state-work:ESW12,state-work:ESW13,state-work:ESW14,state-work:ESW15,state-work:ESW20,state-work:ESW21,state-work:ESW22	Contextual owner families; not proof each duty is implemented or individually security-qualified.
S-receipt-write	state	test-only-observed-call	state-work:ESW02,state-work:ESW03,state-work:ESW04,state-work:ESW05,state-work:ESW06,state-work:ESW07,state-work:ESW08,state-work:ESW09,state-work:ESW10,state-work:ESW11,state-work:ESW12,state-work:ESW13,state-work:ESW14,state-work:ESW15,state-work:ESW20,state-work:ESW21,state-work:ESW22	Contextual owner families; not proof each duty is implemented or individually security-qualified.
S-storage-contract	state	production-observed-source	state-work:ESW02,state-work:ESW03,state-work:ESW04,state-work:ESW05,state-work:ESW06,state-work:ESW07,state-work:ESW08,state-work:ESW09,state-work:ESW10,state-work:ESW11,state-work:ESW12,state-work:ESW13,state-work:ESW14,state-work:ESW15,state-work:ESW20,state-work:ESW21,state-work:ESW22	Contextual owner families; not proof each duty is implemented or individually security-qualified.
S-storage-migration	state	test-only-observed-call	state-work:ESW02,state-work:ESW03,state-work:ESW04,state-work:ESW05,state-work:ESW06,state-work:ESW07,state-work:ESW08,state-work:ESW09,state-work:ESW10,state-work:ESW11,state-work:ESW12,state-work:ESW13,state-work:ESW14,state-work:ESW15,state-work:ESW20,state-work:ESW21,state-work:ESW22	Contextual owner families; not proof each duty is implemented or individually security-qualified.
S-surface	state	type-contract	state-work:ESW02,state-work:ESW03,state-work:ESW04,state-work:ESW05,state-work:ESW06,state-work:ESW07,state-work:ESW08,state-work:ESW09,state-work:ESW10,state-work:ESW11,state-work:ESW12,state-work:ESW13,state-work:ESW14,state-work:ESW15,state-work:ESW20,state-work:ESW21,state-work:ESW22	Contextual owner families; not proof each duty is implemented or individually security-qualified.
S-system	state	conditional-production	state-work:ESW02,state-work:ESW03,state-work:ESW04,state-work:ESW05,state-work:ESW06,state-work:ESW07,state-work:ESW08,state-work:ESW09,state-work:ESW10,state-work:ESW11,state-work:ESW12,state-work:ESW13,state-work:ESW14,state-work:ESW15,state-work:ESW20,state-work:ESW21,state-work:ESW22	Contextual owner families; not proof each duty is implemented or individually security-qualified.
S-transact-wrappers	state	test-only-observed-call	state-work:ESW02,state-work:ESW03,state-work:ESW04,state-work:ESW05,state-work:ESW06,state-work:ESW07,state-work:ESW08,state-work:ESW09,state-work:ESW10,state-work:ESW11,state-work:ESW12,state-work:ESW13,state-work:ESW14,state-work:ESW15,state-work:ESW20,state-work:ESW21,state-work:ESW22	Contextual owner families; not proof each duty is implemented or individually security-qualified.
stdlib-distribution	stdlib	production-observed-source	root:ERX02	Contextual owner families; not proof each duty is implemented or individually security-qualified.
stdlib-export-assembly	stdlib	conditional-production	root:ERX02	Contextual owner families; not proof each duty is implemented or individually security-qualified.
stdlib-packaging	stdlib	production-observed-source	root:ERX02	Contextual owner families; not proof each duty is implemented or individually security-qualified.
testkit-conformance-observers	testkit	test-only-observed-call	root:ERX03	Contextual owner families; not proof each duty is implemented or individually security-qualified.
testkit-fixtures	testkit	test-only-observed-call	root:ERX03	Contextual owner families; not proof each duty is implemented or individually security-qualified.
testkit-journey-fixtures	testkit	test-only-observed-call	root:ERX03	Contextual owner families; not proof each duty is implemented or individually security-qualified.
testkit-loader-smoke	testkit	test-only-observed-call	root:ERX03	Contextual owner families; not proof each duty is implemented or individually security-qualified.
testkit-local-scope	testkit	test-only-observed-call	root:ERX03	Contextual owner families; not proof each duty is implemented or individually security-qualified.
testkit-playback	testkit	test-only-observed-call	root:ERX03	Contextual owner families; not proof each duty is implemented or individually security-qualified.
testkit-public-surface	testkit	test-only-observed-call	root:ERX03	Contextual owner families; not proof each duty is implemented or individually security-qualified.
testkit-report	testkit	test-only-observed-call	root:ERX03	Contextual owner families; not proof each duty is implemented or individually security-qualified.
testkit-runner	testkit	test-only-observed-call	root:ERX03	Contextual owner families; not proof each duty is implemented or individually security-qualified.
ui-browser-bootstrap	ui	generated-staged	root:ERU01,root:ERU02,root:ERU03	Contextual owner families; not proof each duty is implemented or individually security-qualified.
ui-browser-styles	ui	generated-staged	root:ERU01,root:ERU02,root:ERU03	Contextual owner families; not proof each duty is implemented or individually security-qualified.
ui-build-assets	ui	generated-staged	root:ERU01,root:ERU02,root:ERU03	Contextual owner families; not proof each duty is implemented or individually security-qualified.
ui-catalog	ui	conditional-production	root:ERU01,root:ERU02,root:ERU03	Contextual owner families; not proof each duty is implemented or individually security-qualified.
ui-collections	ui	conditional-production	root:ERU01,root:ERU02,root:ERU03	Contextual owner families; not proof each duty is implemented or individually security-qualified.
ui-component-renderers	ui	conditional-production	root:ERU01,root:ERU02,root:ERU03	Contextual owner families; not proof each duty is implemented or individually security-qualified.
ui-csv-client	ui	test-only-observed-call	root:ERU01,root:ERU02,root:ERU03	Contextual owner families; not proof each duty is implemented or individually security-qualified.
ui-csv-grammar	ui	conditional-production	root:ERU01,root:ERU02,root:ERU03	Contextual owner families; not proof each duty is implemented or individually security-qualified.
ui-distribution	ui	generated-staged	root:ERU01,root:ERU02,root:ERU03	Contextual owner families; not proof each duty is implemented or individually security-qualified.
ui-error-client	ui	test-only-observed-call	root:ERU01,root:ERU02,root:ERU03	Contextual owner families; not proof each duty is implemented or individually security-qualified.
ui-escaping	ui	conditional-production	root:ERU01,root:ERU02,root:ERU03	Contextual owner families; not proof each duty is implemented or individually security-qualified.
ui-export-client	ui	test-only-observed-call	root:ERU01,root:ERU02,root:ERU03	Contextual owner families; not proof each duty is implemented or individually security-qualified.
ui-form-client	ui	test-only-observed-call	root:ERU01,root:ERU02,root:ERU03	Contextual owner families; not proof each duty is implemented or individually security-qualified.
ui-forms-projection	ui	conditional-production	root:ERU01,root:ERU02,root:ERU03	Contextual owner families; not proof each duty is implemented or individually security-qualified.
ui-forms-render	ui	conditional-production	root:ERU01,root:ERU02,root:ERU03	Contextual owner families; not proof each duty is implemented or individually security-qualified.
ui-htmx	ui	conditional-production	root:ERU01,root:ERU02,root:ERU03	Contextual owner families; not proof each duty is implemented or individually security-qualified.
ui-message	ui	conditional-production	root:ERU01,root:ERU02,root:ERU03	Contextual owner families; not proof each duty is implemented or individually security-qualified.
ui-policy-review	ui	conditional-production	root:ERU01,root:ERU02,root:ERU03	Contextual owner families; not proof each duty is implemented or individually security-qualified.
ui-print-client	ui	test-only-observed-call	root:ERU01,root:ERU02,root:ERU03	Contextual owner families; not proof each duty is implemented or individually security-qualified.
ui-public-surface	ui	conditional-production	root:ERU01,root:ERU02,root:ERU03	Contextual owner families; not proof each duty is implemented or individually security-qualified.
ui-settings	ui	test-only-observed-call	root:ERU01,root:ERU02,root:ERU03	Contextual owner families; not proof each duty is implemented or individually security-qualified.
ui-shell	ui	conditional-production	root:ERU01,root:ERU02,root:ERU03	Contextual owner families; not proof each duty is implemented or individually security-qualified.
values-array-aggregates	values	production-observed-source	root:ERV01,root:ERV02,root:ERV03,root:ERV04	Contextual owner families; not proof each duty is implemented or individually security-qualified.
values-array-predicates	values	public-api-no-observed-in-repo-call	root:ERV01,root:ERV02,root:ERV03,root:ERV04	Contextual owner families; not proof each duty is implemented or individually security-qualified.
values-array-shape	values	public-api-no-observed-in-repo-call	root:ERV01,root:ERV02,root:ERV03,root:ERV04	Contextual owner families; not proof each duty is implemented or individually security-qualified.
values-backend-ts	values	test-only-observed-call	root:ERV01,root:ERV02,root:ERV03,root:ERV04	Contextual owner families; not proof each duty is implemented or individually security-qualified.
values-backend-wasm	values	conditional-production	root:ERV01,root:ERV02,root:ERV03,root:ERV04	Contextual owner families; not proof each duty is implemented or individually security-qualified.
values-bootstrap	values	conditional-production	root:ERV01,root:ERV02,root:ERV03,root:ERV04	Contextual owner families; not proof each duty is implemented or individually security-qualified.
values-catalog	values	production-observed-source	root:ERV01,root:ERV02,root:ERV03,root:ERV04	Contextual owner families; not proof each duty is implemented or individually security-qualified.
values-currency-generation	values	generated-staged	root:ERV01,root:ERV02,root:ERV03,root:ERV04	Contextual owner families; not proof each duty is implemented or individually security-qualified.
values-decimal-arithmetic	values	production-observed-source	root:ERV01,root:ERV02,root:ERV03,root:ERV04	Contextual owner families; not proof each duty is implemented or individually security-qualified.
values-decimal-representation	values	production-observed-source	root:ERV01,root:ERV02,root:ERV03,root:ERV04	Contextual owner families; not proof each duty is implemented or individually security-qualified.
values-distribution	values	production-observed-source	root:ERV01,root:ERV02,root:ERV03,root:ERV04	Contextual owner families; not proof each duty is implemented or individually security-qualified.
values-equality	values	production-observed-source	root:ERV01,root:ERV02,root:ERV03,root:ERV04	Contextual owner families; not proof each duty is implemented or individually security-qualified.
values-errors	values	production-observed-source	root:ERV01,root:ERV02,root:ERV03,root:ERV04	Contextual owner families; not proof each duty is implemented or individually security-qualified.
values-export-assembly	values	production-observed-source	root:ERV01,root:ERV02,root:ERV03,root:ERV04	Contextual owner families; not proof each duty is implemented or individually security-qualified.
values-generated-binding	values	generated-staged	root:ERV01,root:ERV02,root:ERV03,root:ERV04	Contextual owner families; not proof each duty is implemented or individually security-qualified.
values-icu-descriptors	values	production-observed-source	root:ERV01,root:ERV02,root:ERV03,root:ERV04	Contextual owner families; not proof each duty is implemented or individually security-qualified.
values-icu-render	values	production-observed-source	root:ERV01,root:ERV02,root:ERV03,root:ERV04	Contextual owner families; not proof each duty is implemented or individually security-qualified.
values-int	values	production-observed-source	root:ERV01,root:ERV02,root:ERV03,root:ERV04	Contextual owner families; not proof each duty is implemented or individually security-qualified.
values-kind-references	values	production-observed-source	root:ERV01,root:ERV02,root:ERV03,root:ERV04	Contextual owner families; not proof each duty is implemented or individually security-qualified.
values-kind-scalars	values	production-observed-source	root:ERV01,root:ERV02,root:ERV03,root:ERV04	Contextual owner families; not proof each duty is implemented or individually security-qualified.
values-locale	values	production-observed-source	root:ERV01,root:ERV02,root:ERV03,root:ERV04	Contextual owner families; not proof each duty is implemented or individually security-qualified.
values-money	values	production-observed-source	root:ERV01,root:ERV02,root:ERV03,root:ERV04	Contextual owner families; not proof each duty is implemented or individually security-qualified.
values-native-plan-handles	values	test-only-observed-call	root:ERV01,root:ERV02,root:ERV03,root:ERV04	Contextual owner families; not proof each duty is implemented or individually security-qualified.
values-owned-input	values	test-only-observed-call	root:ERV01,root:ERV02,root:ERV03,root:ERV04	Contextual owner families; not proof each duty is implemented or individually security-qualified.
values-packaging	values	production-observed-source	root:ERV01,root:ERV02,root:ERV03,root:ERV04	Contextual owner families; not proof each duty is implemented or individually security-qualified.
values-prepared-codec	values	test-only-observed-call	root:ERV01,root:ERV02,root:ERV03,root:ERV04	Contextual owner families; not proof each duty is implemented or individually security-qualified.
values-prepared-plan	values	prototype-unadopted	root:ERV01,root:ERV02,root:ERV03,root:ERV04	Contextual owner families; not proof each duty is implemented or individually security-qualified.
values-prepared-trace	values	test-only-observed-call	root:ERV01,root:ERV02,root:ERV03,root:ERV04	Contextual owner families; not proof each duty is implemented or individually security-qualified.
values-prepared-validation	values	test-only-observed-call	root:ERV01,root:ERV02,root:ERV03,root:ERV04	Contextual owner families; not proof each duty is implemented or individually security-qualified.
values-rust-abi	values	conditional-production	root:ERV01,root:ERV02,root:ERV03,root:ERV04	Contextual owner families; not proof each duty is implemented or individually security-qualified.
values-rust-aggregates	values	conditional-production	root:ERV01,root:ERV02,root:ERV03,root:ERV04	Contextual owner families; not proof each duty is implemented or individually security-qualified.
values-rust-arena	values	prototype-unadopted	root:ERV01,root:ERV02,root:ERV03,root:ERV04	Contextual owner families; not proof each duty is implemented or individually security-qualified.
values-rust-codecs	values	conditional-production	root:ERV01,root:ERV02,root:ERV03,root:ERV04	Contextual owner families; not proof each duty is implemented or individually security-qualified.
values-rust-failures	values	conditional-production	root:ERV01,root:ERV02,root:ERV03,root:ERV04	Contextual owner families; not proof each duty is implemented or individually security-qualified.
values-rust-numeric	values	conditional-production	root:ERV01,root:ERV02,root:ERV03,root:ERV04	Contextual owner families; not proof each duty is implemented or individually security-qualified.
values-rust-plans	values	prototype-unadopted	root:ERV01,root:ERV02,root:ERV03,root:ERV04	Contextual owner families; not proof each duty is implemented or individually security-qualified.
values-rust-profile	values	prototype-unadopted	root:ERV01,root:ERV02,root:ERV03,root:ERV04	Contextual owner families; not proof each duty is implemented or individually security-qualified.
values-rust-representations	values	conditional-production	root:ERV01,root:ERV02,root:ERV03,root:ERV04	Contextual owner families; not proof each duty is implemented or individually security-qualified.
values-rust-temporal	values	conditional-production	root:ERV01,root:ERV02,root:ERV03,root:ERV04	Contextual owner families; not proof each duty is implemented or individually security-qualified.
values-rust-transport	values	conditional-production	root:ERV01,root:ERV02,root:ERV03,root:ERV04	Contextual owner families; not proof each duty is implemented or individually security-qualified.
values-schema-facade	values	test-only-observed-call	root:ERV01,root:ERV02,root:ERV03,root:ERV04	Contextual owner families; not proof each duty is implemented or individually security-qualified.
values-schema-normalization	values	test-only-observed-call	root:ERV01,root:ERV02,root:ERV03,root:ERV04	Contextual owner families; not proof each duty is implemented or individually security-qualified.
values-schema-operation	values	test-only-observed-call	root:ERV01,root:ERV02,root:ERV03,root:ERV04	Contextual owner families; not proof each duty is implemented or individually security-qualified.
values-schema-validation	values	test-only-observed-call	root:ERV01,root:ERV02,root:ERV03,root:ERV04	Contextual owner families; not proof each duty is implemented or individually security-qualified.
values-semantic-build	values	conditional-production	root:ERV01,root:ERV02,root:ERV03,root:ERV04	Contextual owner families; not proof each duty is implemented or individually security-qualified.
values-semantic-staging	values	production-observed-source	root:ERV01,root:ERV02,root:ERV03,root:ERV04	Contextual owner families; not proof each duty is implemented or individually security-qualified.
values-stdlib-dispatch	values	conditional-production	root:ERV01,root:ERV02,root:ERV03,root:ERV04	Contextual owner families; not proof each duty is implemented or individually security-qualified.
values-structural-host	values	test-only-observed-call	root:ERV01,root:ERV02,root:ERV03,root:ERV04	Contextual owner families; not proof each duty is implemented or individually security-qualified.
values-temporal-civil	values	production-observed-source	root:ERV01,root:ERV02,root:ERV03,root:ERV04	Contextual owner families; not proof each duty is implemented or individually security-qualified.
values-temporal-duration	values	production-observed-source	root:ERV01,root:ERV02,root:ERV03,root:ERV04	Contextual owner families; not proof each duty is implemented or individually security-qualified.
values-text	values	production-observed-source	root:ERV01,root:ERV02,root:ERV03,root:ERV04	Contextual owner families; not proof each duty is implemented or individually security-qualified.
values-timezone	values	production-observed-source	root:ERV01,root:ERV02,root:ERV03,root:ERV04	Contextual owner families; not proof each duty is implemented or individually security-qualified.
values-types	values	production-observed-source	root:ERV01,root:ERV02,root:ERV03,root:ERV04	Contextual owner families; not proof each duty is implemented or individually security-qualified.
values-url-action-invocation	values	public-api-no-observed-in-repo-call	root:ERV01,root:ERV02,root:ERV03,root:ERV04	Contextual owner families; not proof each duty is implemented or individually security-qualified.
values-wire-decode	values	production-observed-source	root:ERV01,root:ERV02,root:ERV03,root:ERV04	Contextual owner families; not proof each duty is implemented or individually security-qualified.
values-wire-encode	values	production-observed-source	root:ERV01,root:ERV02,root:ERV03,root:ERV04	Contextual owner families; not proof each duty is implemented or individually security-qualified.
values-wire-facade	values	production-observed-source	root:ERV01,root:ERV02,root:ERV03,root:ERV04	Contextual owner families; not proof each duty is implemented or individually security-qualified.
W-dispatch	work	conditional-production	state-work:ESW16,state-work:ESW17,state-work:ESW18,state-work:ESW19,state-work:ESW22,state-work:ESW23	Contextual owner families; not proof each duty is implemented or individually security-qualified.
W-dispatch-commands	work	conditional-production	state-work:ESW16,state-work:ESW17,state-work:ESW18,state-work:ESW19,state-work:ESW22,state-work:ESW23	Contextual owner families; not proof each duty is implemented or individually security-qualified.
W-event	work	test-only-observed-call	state-work:ESW16,state-work:ESW17,state-work:ESW18,state-work:ESW19,state-work:ESW22,state-work:ESW23	Contextual owner families; not proof each duty is implemented or individually security-qualified.
W-every	work	test-only-observed-call	state-work:ESW16,state-work:ESW17,state-work:ESW18,state-work:ESW19,state-work:ESW22,state-work:ESW23	Contextual owner families; not proof each duty is implemented or individually security-qualified.
W-intent	work	test-only-observed-call	state-work:ESW16,state-work:ESW17,state-work:ESW18,state-work:ESW19,state-work:ESW22,state-work:ESW23	Contextual owner families; not proof each duty is implemented or individually security-qualified.
W-observe	work	conditional-production	state-work:ESW16,state-work:ESW17,state-work:ESW18,state-work:ESW19,state-work:ESW22,state-work:ESW23	Contextual owner families; not proof each duty is implemented or individually security-qualified.
W-port-types	work	type-contract	state-work:ESW16,state-work:ESW17,state-work:ESW18,state-work:ESW19,state-work:ESW22,state-work:ESW23	Contextual owner families; not proof each duty is implemented or individually security-qualified.
W-progress	work	test-only-observed-call	state-work:ESW16,state-work:ESW17,state-work:ESW18,state-work:ESW19,state-work:ESW22,state-work:ESW23	Contextual owner families; not proof each duty is implemented or individually security-qualified.
W-recovery	work	conditional-production	state-work:ESW16,state-work:ESW17,state-work:ESW18,state-work:ESW19,state-work:ESW22,state-work:ESW23	Contextual owner families; not proof each duty is implemented or individually security-qualified.
W-retry-lifecycle	work	conditional-production	state-work:ESW16,state-work:ESW17,state-work:ESW18,state-work:ESW19,state-work:ESW22,state-work:ESW23	Contextual owner families; not proof each duty is implemented or individually security-qualified.
W-rows	work	conditional-production	state-work:ESW16,state-work:ESW17,state-work:ESW18,state-work:ESW19,state-work:ESW22,state-work:ESW23	Contextual owner families; not proof each duty is implemented or individually security-qualified.
W-schedule	work	test-only-observed-call	state-work:ESW16,state-work:ESW17,state-work:ESW18,state-work:ESW19,state-work:ESW22,state-work:ESW23	Contextual owner families; not proof each duty is implemented or individually security-qualified.
W-schedule-commands	work	conditional-production	state-work:ESW16,state-work:ESW17,state-work:ESW18,state-work:ESW19,state-work:ESW22,state-work:ESW23	Contextual owner families; not proof each duty is implemented or individually security-qualified.
W-surface	work	type-contract	state-work:ESW16,state-work:ESW17,state-work:ESW18,state-work:ESW19,state-work:ESW22,state-work:ESW23	Contextual owner families; not proof each duty is implemented or individually security-qualified.
W-test-doubles	work	test-only-observed-call	state-work:ESW16,state-work:ESW17,state-work:ESW18,state-work:ESW19,state-work:ESW22,state-work:ESW23	Contextual owner families; not proof each duty is implemented or individually security-qualified.
K-facts	work-kernel	prototype-unadopted	state-work:ESW24	Contextual owner families; not proof each duty is implemented or individually security-qualified.
K-host	work-kernel	prototype-unadopted	state-work:ESW24	Contextual owner families; not proof each duty is implemented or individually security-qualified.
K-native	work-kernel	prototype-unadopted	state-work:ESW24	Contextual owner families; not proof each duty is implemented or individually security-qualified.
K-surface	work-kernel	type-contract	state-work:ESW24	Contextual owner families; not proof each duty is implemented or individually security-qualified.
K-ts-every	work-kernel	prototype-unadopted	state-work:ESW24	Contextual owner families; not proof each duty is implemented or individually security-qualified.
K-ts-lifecycle	work-kernel	prototype-unadopted	state-work:ESW24	Contextual owner families; not proof each duty is implemented or individually security-qualified.
K-ts-linkage	work-kernel	prototype-unadopted	state-work:ESW24	Contextual owner families; not proof each duty is implemented or individually security-qualified.
K-ts-receipt	work-kernel	prototype-unadopted	state-work:ESW24	Contextual owner families; not proof each duty is implemented or individually security-qualified.
K-ts-recovery	work-kernel	prototype-unadopted	state-work:ESW24	Contextual owner families; not proof each duty is implemented or individually security-qualified.
K-ts-retry	work-kernel	prototype-unadopted	state-work:ESW24	Contextual owner families; not proof each duty is implemented or individually security-qualified.
K-ts-rows	work-kernel	prototype-unadopted	state-work:ESW24	Contextual owner families; not proof each duty is implemented or individually security-qualified.
