path	owner	baseline_category	sha256	responsibility_ids	caller_statuses	direct_enforcement_ids	security_signals	coverage_limit
packages/cloudflare/preparation/src/artifact.rs	cloudflare	implementation	f914d433c496f39882ed6c2d3ca1c043780e0f2ff3999a2b41da61ada65d50e9	CF-native-artifact	prototype-unadopted		admission,limits	Inherited responsibility/caller coverage plus named source chains; lexical signals are not vulnerability or all-file-body proof.
packages/cloudflare/preparation/src/compatibility.rs	cloudflare	implementation	cf14e584ecf2216f306fadb61a66e53eb891ac0719fb157d73a14d46a890bb22	CF-native-plan	prototype-unadopted		auth,privacy,limits	Inherited responsibility/caller coverage plus named source chains; lexical signals are not vulnerability or all-file-body proof.
packages/cloudflare/preparation/src/failures.rs	cloudflare	implementation	2176d6b5c0b1701a8397be3ebf32161314b4d0829d46852f5737166b842ed5c4	CF-native-entry	prototype-unadopted		auth,privacy,limits	Inherited responsibility/caller coverage plus named source chains; lexical signals are not vulnerability or all-file-body proof.
packages/cloudflare/preparation/src/input.rs	cloudflare	implementation	c0475ca0c94514e47011e594122ddadf3980232bfbce1e29557077c6f37b8002	CF-native-artifact	prototype-unadopted	services-delivery:E15	auth,admission,limits	Inherited responsibility/caller coverage plus named source chains; lexical signals are not vulnerability or all-file-body proof.
packages/cloudflare/preparation/src/job.rs	cloudflare	implementation	c6e1869e1fae9ae0128023a5211434c70f8e5ef8d012e22a878312074c724b61	CF-native-entry	prototype-unadopted		auth,privacy,admission,limits	Inherited responsibility/caller coverage plus named source chains; lexical signals are not vulnerability or all-file-body proof.
packages/cloudflare/preparation/src/lib.rs	cloudflare	implementation	ed81bd6505722b5f559479423f3a6cf243c9b276c6aec4be8a3f806c60ae7ee2	CF-native-entry	prototype-unadopted			Inherited responsibility/caller coverage plus named source chains; lexical signals are not vulnerability or all-file-body proof.
packages/cloudflare/preparation/src/main.rs	cloudflare	implementation	3bdb8d22d7f1d383597836ce02074c5eac7b9a31cb3788121d3dad634ebf59d0	CF-native-entry	prototype-unadopted		limits	Inherited responsibility/caller coverage plus named source chains; lexical signals are not vulnerability or all-file-body proof.
packages/cloudflare/preparation/src/modules.rs	cloudflare	implementation	51ddde6db165e5feeafdda2b9b8e7969b3e87506def82b734412107c3c205794	CF-native-modules	prototype-unadopted		admission,limits	Inherited responsibility/caller coverage plus named source chains; lexical signals are not vulnerability or all-file-body proof.
packages/cloudflare/preparation/src/plan.rs	cloudflare	implementation	89912255b6f8280240b5b29ba72403e0864fd672e8967e12d83d90cf49750726	CF-native-plan	prototype-unadopted		limits	Inherited responsibility/caller coverage plus named source chains; lexical signals are not vulnerability or all-file-body proof.
packages/cloudflare/preparation/src/protocol.rs	cloudflare	implementation	7c532c8afb1865ce53a4679b75698ff138b46cd5261111bb7fb6cd4f67db182f	CF-native-frame	prototype-unadopted	services-delivery:E15	auth,privacy,admission,limits	Inherited responsibility/caller coverage plus named source chains; lexical signals are not vulnerability or all-file-body proof.
packages/cloudflare/preparation/src/release.rs	cloudflare	implementation	3bae8768bdd18c9a5edcc856008faa35170690ec46969b7d2ea7884a12bfa289	CF-native-integrity	prototype-unadopted		auth,admission,limits	Inherited responsibility/caller coverage plus named source chains; lexical signals are not vulnerability or all-file-body proof.
packages/cloudflare/preparation/src/render.rs	cloudflare	implementation	be9c5592d305fb3f37487f79d0521d1314375a3b5f6607eb9782529934d1a337	CF-native-plan	prototype-unadopted		admission,limits	Inherited responsibility/caller coverage plus named source chains; lexical signals are not vulnerability or all-file-body proof.
packages/cloudflare/preparation/src/review.rs	cloudflare	implementation	60b579e2f414cd181a94318b201a57605bfbbaec6a51823c97a9f8420da7305a	CF-native-plan	prototype-unadopted		admission	Inherited responsibility/caller coverage plus named source chains; lexical signals are not vulnerability or all-file-body proof.
packages/cloudflare/scripts/build-preparation.mjs	cloudflare	build-tooling	04e95cbea4ea0be19a3f6da6aefc2744df2a535650b32e8f44a48e7c923c1981	CF-native-build-tool	conditional-production	services-delivery:E17	admission,limits	Inherited responsibility/caller coverage plus named source chains; lexical signals are not vulnerability or all-file-body proof.
packages/cloudflare/scripts/package-preparation.mjs	cloudflare	build-tooling	7126578ef2cbefbd42d9862485faeca5440cd4718b464eccd21b31803e2e73fb	CF-native-package-tool	conditional-production	services-delivery:E17	admission,limits	Inherited responsibility/caller coverage plus named source chains; lexical signals are not vulnerability or all-file-body proof.
packages/cloudflare/src/cli/docs.ts	cloudflare	implementation	dd15d0f9fbe4a0b4836f371e471d45f35c806f79c90139018a15d50847638bf1	CF-docs	production-observed-source		admission,limits	Inherited responsibility/caller coverage plus named source chains; lexical signals are not vulnerability or all-file-body proof.
packages/cloudflare/src/cli/platform.ts	cloudflare	implementation	b6910c319e7196c585e9613f489f5ecab194483b9c9f9ea71913bfd4e0109e2a	CF-cli	production-observed-source	services-delivery:E07,services-delivery:E14	admission	Inherited responsibility/caller coverage plus named source chains; lexical signals are not vulnerability or all-file-body proof.
packages/cloudflare/src/deploy/activate.ts	cloudflare	implementation	1f39bfea83761034d1f93665c4f2fc80f444d0706148670637f8b1f7eae8db2c	CF-activation	production-observed-source		privacy	Inherited responsibility/caller coverage plus named source chains; lexical signals are not vulnerability or all-file-body proof.
packages/cloudflare/src/deploy/bundle.ts	cloudflare	implementation	7e8ad78a2674120ad59e96dbe2b34ab8923d8418578c015168c2b0ccd1a7a741	CF-asset-bundle,CF-bundle	conditional-production,production-observed-source	services-delivery:E08,services-delivery:E10,services-delivery:E11,services-delivery:E12	auth,privacy,admission,limits	Inherited responsibility/caller coverage plus named source chains; lexical signals are not vulnerability or all-file-body proof.
packages/cloudflare/src/deploy/compat.ts	cloudflare	implementation	f78595dfc66957678a187e78b6fd3bd2ab20ec560c850637d7cb7425bbca2138	CF-compat	production-observed-source		privacy	Inherited responsibility/caller coverage plus named source chains; lexical signals are not vulnerability or all-file-body proof.
packages/cloudflare/src/deploy/installed.ts	cloudflare	implementation	512b47b2785c452ff500e9331783833ed4064bd26c9ffe1dc37f0c34d3ce34b1	CF-installed-runtime	production-observed-source			Inherited responsibility/caller coverage plus named source chains; lexical signals are not vulnerability or all-file-body proof.
packages/cloudflare/src/deploy/module-imports.ts	cloudflare	implementation	13ef57c952c0cadfabf873b49f64917113f2ce6721f941ba4611a95b4b597362	CF-imports	production-observed-source	services-delivery:E08	admission,limits	Inherited responsibility/caller coverage plus named source chains; lexical signals are not vulnerability or all-file-body proof.
packages/cloudflare/src/deploy/module-maps.ts	cloudflare	implementation	e336c88f2ab17acc09bd57713a79d9a19b41c13a6241193edae4ae185aaa4f98	CF-maps	production-observed-source	services-delivery:E09	auth,admission,limits	Inherited responsibility/caller coverage plus named source chains; lexical signals are not vulnerability or all-file-body proof.
packages/cloudflare/src/deploy/package-assets.ts	cloudflare	implementation	878ee72f2d40d5a9ea457836d87934c217132b345ea8af80d9c1a48fe374993f	CF-asset-bundle	conditional-production	services-delivery:E12	admission,limits	Inherited responsibility/caller coverage plus named source chains; lexical signals are not vulnerability or all-file-body proof.
packages/cloudflare/src/deploy/plan.ts	cloudflare	implementation	b3e90850bc619c6f1e8df843f393f639fef7c8dc0e59e3bdeae50eb2ed9ab335	CF-deploy-plan	production-observed-source		auth,admission	Inherited responsibility/caller coverage plus named source chains; lexical signals are not vulnerability or all-file-body proof.
packages/cloudflare/src/deploy/producer-files.ts	cloudflare	implementation	8ac214b19c81f74b9cf3561cf26c4c67a43ca20f28eedc8f94ef58574b72f6ba	CF-producer-lookup	production-observed-source	services-delivery:E10	admission	Inherited responsibility/caller coverage plus named source chains; lexical signals are not vulnerability or all-file-body proof.
packages/cloudflare/src/deploy/render.ts	cloudflare	implementation	75bb7fb5eeb0cebafdf5c31079c12c63075b00d5708edaedf5a7f9c89b5bc980	CF-deploy-plan	production-observed-source		privacy,limits	Inherited responsibility/caller coverage plus named source chains; lexical signals are not vulnerability or all-file-body proof.
packages/cloudflare/src/deploy/review.ts	cloudflare	implementation	7483e3867b3eaf0f7087d5846196512e96707acd6093667227cf78f94c1cbf5a	CF-deploy-review	production-observed-source		admission	Inherited responsibility/caller coverage plus named source chains; lexical signals are not vulnerability or all-file-body proof.
packages/cloudflare/src/dev/local-run.ts	cloudflare	implementation	78e2c5fca805c79003684360de328d793805693620facccb8ff7c8864687433a	CF-local-host	production-observed-source		privacy,admission,limits	Inherited responsibility/caller coverage plus named source chains; lexical signals are not vulnerability or all-file-body proof.
packages/cloudflare/src/dev/row-scope.ts	cloudflare	implementation	e291abb4f1b5d171f9f1949b1e8f30c4590377128c6d069ba56c8db235208183	CF-local-rows	production-observed-source		limits	Inherited responsibility/caller coverage plus named source chains; lexical signals are not vulnerability or all-file-body proof.
packages/cloudflare/src/dev/zero-config.ts	cloudflare	implementation	66cf73a6e9ae19695d652afa9ffee80647cda04a6d3e90ad47a88d67499635fe	CF-local-defaults	production-observed-source		admission	Inherited responsibility/caller coverage plus named source chains; lexical signals are not vulnerability or all-file-body proof.
packages/cloudflare/src/index.ts	cloudflare	implementation	a70f7ed1df1459334d9065428aeb0b2bb00bc94f8d3630a6980c2d54a82665db	CF-exports	production-observed-source			Inherited responsibility/caller coverage plus named source chains; lexical signals are not vulnerability or all-file-body proof.
packages/cloudflare/src/preparation/build-adapter.ts	cloudflare	implementation	ddbd1eb6abc50c1dfa1ccc59cfdd8f3e54cc5d296356004c794f2556f1053383	CF-ts-deploy	production-observed-source	services-delivery:E10	admission,limits	Inherited responsibility/caller coverage plus named source chains; lexical signals are not vulnerability or all-file-body proof.
packages/cloudflare/src/preparation/executable-manifest.ts	cloudflare	implementation	d479c648351dc2b13116d4f96bb83817f80fefbd472a95f24d77bf17048a442e	CF-native-selection	prototype-unadopted	services-delivery:E14,services-delivery:E17	admission,limits	Inherited responsibility/caller coverage plus named source chains; lexical signals are not vulnerability or all-file-body proof.
packages/cloudflare/src/preparation/executable.ts	cloudflare	implementation	a1804c5f4321de86194bcb1338291a3120687bc237505c71f8fd5e6e1934f0e3	CF-native-selection	prototype-unadopted	services-delivery:E14	auth,admission,limits	Inherited responsibility/caller coverage plus named source chains; lexical signals are not vulnerability or all-file-body proof.
packages/cloudflare/src/preparation/host.ts	cloudflare	implementation	ee47c2dd8e45a50bac5dcdbd8592b447069348bdcfdb07e06ea6fe85b679bff1	CF-native-host-protocol,CF-native-selection,CF-ts-build,CF-ts-deploy,CF-ts-host-helpers	production-observed-source,prototype-unadopted	services-delivery:E07,services-delivery:E11,services-delivery:E13,services-delivery:E14	privacy,admission,limits	Inherited responsibility/caller coverage plus named source chains; lexical signals are not vulnerability or all-file-body proof.
packages/cloudflare/src/preparation/inputs.ts	cloudflare	implementation	2d36665b20ff6387557355fe6ca63b11ce1f8c6a293b4c2494862a4b7a8229ac	CF-native-host-protocol	prototype-unadopted	services-delivery:E15	auth,admission,limits	Inherited responsibility/caller coverage plus named source chains; lexical signals are not vulnerability or all-file-body proof.
packages/cloudflare/src/preparation/protocol.ts	cloudflare	implementation	0a8f5477e3ac10bbcacd0c43c467fc95bfaa125dbbd34a67929e1a8a5882ecf8	CF-native-host-protocol	prototype-unadopted	services-delivery:E15	auth,privacy,limits	Inherited responsibility/caller coverage plus named source chains; lexical signals are not vulnerability or all-file-body proof.
packages/cloudflare/src/preparation/publication.ts	cloudflare	implementation	d5a2a0bf875a2305648036cb7cc8c2d827a88980911384ba52d08a892d66a6d8	CF-publication	test-only-observed-call	services-delivery:E16	auth,admission,limits	Inherited responsibility/caller coverage plus named source chains; lexical signals are not vulnerability or all-file-body proof.
packages/cloudflare/src/release/manifest.ts	cloudflare	implementation	0f1253522b0ee681173f788700835facdeb3bd2028daf2a461b75f1dc4c8a48d	CF-dist-integrity	conditional-production	services-delivery:E17	admission,limits	Inherited responsibility/caller coverage plus named source chains; lexical signals are not vulnerability or all-file-body proof.
packages/cloudflare/src/release/stamp.ts	cloudflare	implementation	d731f609c69be92b2fce043e8670b08a40da5c4f23dd72f0647e33d628be6863	CF-ts-build	production-observed-source		admission	Inherited responsibility/caller coverage plus named source chains; lexical signals are not vulnerability or all-file-body proof.
packages/cloudflare/src/runtime/artifact.ts	cloudflare	implementation	e04b6ee1dc35b427d2e70aff35410142c1a1eabcfd73dc9ace973f965a51b04d	CF-artifact	production-observed-source	services-delivery:E07	auth,admission,limits	Inherited responsibility/caller coverage plus named source chains; lexical signals are not vulnerability or all-file-body proof.
packages/cloudflare/src/runtime/context.ts	cloudflare	implementation	9f628244197b61fc376319c9a4fe5aed82fbd04a62b283c96e564f6877a614d8	CF-handler-context	production-observed-source		auth,admission,limits	Inherited responsibility/caller coverage plus named source chains; lexical signals are not vulnerability or all-file-body proof.
packages/cloudflare/src/runtime/env-assembly.ts	cloudflare	implementation	d39b218d24926884b627a30dadb5a1bf46db87cfbc1e6834b6f01ee136b95c25	CF-env-stores	production-observed-source		auth,privacy,admission	Inherited responsibility/caller coverage plus named source chains; lexical signals are not vulnerability or all-file-body proof.
packages/cloudflare/src/runtime/executors.ts	cloudflare	implementation	76d481665ae5c9ada116e797d91b8848fcaa4c2171a5126970f9b83fcf6d33c1	CF-legacy-executors	test-only-observed-call		admission,limits	Inherited responsibility/caller coverage plus named source chains; lexical signals are not vulnerability or all-file-body proof.
packages/cloudflare/src/runtime/grant-route.ts	cloudflare	implementation	523a5446fba7d0080a4572905a72c900ac91ba7c33ffa4508eac5f0e0479293d	CF-grant-route	production-observed-source	identity-files:SE04	auth,privacy,admission,limits	Inherited responsibility/caller coverage plus named source chains; lexical signals are not vulnerability or all-file-body proof.
packages/cloudflare/src/runtime/invoke.ts	cloudflare	implementation	55178802cd4697279491b3997e79eb28b070a4ff580973d4513abdfe5023d2db	CF-canonical-mutation,CF-canonical-policy,CF-canonical-read,CF-diagnostics,CF-dispatch-driver,CF-dispatch-staging,CF-fanout-driving,CF-fanout-staging,CF-selected-receipt	conditional-production,production-observed-source	state-work:ESW09,state-work:ESW10,state-work:ESW12,state-work:ESW17,state-work:ESW18,state-work:ESW20,state-work:ESW21,state-work:ESW22,services-delivery:E09	auth,privacy,admission,limits	Inherited responsibility/caller coverage plus named source chains; lexical signals are not vulnerability or all-file-body proof.
packages/cloudflare/src/runtime/mcp-permissions.ts	cloudflare	implementation	59f0d5aa713c3c114d1426a5e2354aa7f5672fd138276e30242061de13f8f61e	CF-mcp-permissions	production-observed-source		auth	Inherited responsibility/caller coverage plus named source chains; lexical signals are not vulnerability or all-file-body proof.
packages/cloudflare/src/runtime/mcp-registry.ts	cloudflare	implementation	cf8cf482728036635a1d964ab8fc94ff365eb900e3efb0a99d9f9daa69f34c14	CF-mcp-registry	production-observed-source		auth,admission,limits	Inherited responsibility/caller coverage plus named source chains; lexical signals are not vulnerability or all-file-body proof.
packages/cloudflare/src/runtime/modules.ts	cloudflare	implementation	c6297b40cdc68b3065d6dacd7b9a8dd4350ce0c4bcfc7268ee5d2527b6e4eb6d	CF-in-memory-assembly	production-observed-source		admission	Inherited responsibility/caller coverage plus named source chains; lexical signals are not vulnerability or all-file-body proof.
packages/cloudflare/src/runtime/sourcemap.ts	cloudflare	implementation	565f9c8521b6eaed277a65bbb8b82c4edea0c4f67ddada9df071dd16d4199113	CF-diagnostics	conditional-production	services-delivery:E09		Inherited responsibility/caller coverage plus named source chains; lexical signals are not vulnerability or all-file-body proof.
packages/cloudflare/src/runtime/stdlib.ts	cloudflare	implementation	ced1c72a0244f7691471dd2aae3a88a3ae6198f67837af4008549df8bbc1662e	CF-context-stdlib	conditional-production		auth,privacy,admission,limits	Inherited responsibility/caller coverage plus named source chains; lexical signals are not vulnerability or all-file-body proof.
packages/cloudflare/src/upgrade/apply.ts	cloudflare	implementation	167c77f7be30b29a3cbc37125d112208472ccf504a7f70e70e45e9d3aff73cca	CF-apply,CF-upgrade-sequence	production-observed-source,test-only-observed-call	services-delivery:E13	admission,limits	Inherited responsibility/caller coverage plus named source chains; lexical signals are not vulnerability or all-file-body proof.
packages/cloudflare/src/worker/assembly.ts	cloudflare	implementation	489bf7f70fbb692227c9eb0482df42475b87ae2951d60abbc72d782fe2d51628	CF-dispatch-composition,CF-fanout-composition,CF-worker-composition	production-observed-source,test-only-observed-call	state-work:ESW01,identity-files:SE03,identity-files:SE05,identity-files:SE09,identity-files:SE11	auth,admission,limits	Inherited responsibility/caller coverage plus named source chains; lexical signals are not vulnerability or all-file-body proof.
packages/cloudflare/src/worker/entry.ts	cloudflare	implementation	106bfa11b9075dca53d4f4933497e5cb382d317471278d4f90c56402bad1580f	CF-worker-main	production-observed-source	identity-files:SE04		Inherited responsibility/caller coverage plus named source chains; lexical signals are not vulnerability or all-file-body proof.
packages/cloudflare/src/worker/main.ts	cloudflare	implementation	2335ee597c4d053960423baa07d1fb621b2b01e4f065a68881a94292f29a26ba	CF-worker-main	production-observed-source	identity-files:SE04	auth,admission	Inherited responsibility/caller coverage plus named source chains; lexical signals are not vulnerability or all-file-body proof.
packages/contracts/package.json	contracts	metadata	77d6b51fade16c2c304664ec5ee55c820121314e7b6ab8cdca6266ce21c78bf3	contracts-packaging	production-observed-source			Inherited responsibility/caller coverage plus named source chains; lexical signals are not vulnerability or all-file-body proof.
packages/contracts/src/artifact.ts	contracts	implementation	3031c619c79fc6d688667d4a1af07ae7d07863b52c2408c6b96587cc43ccf173	contracts-artifact,contracts-artifact-version	production-observed-source,type-contract		auth,privacy,admission,limits	Inherited responsibility/caller coverage plus named source chains; lexical signals are not vulnerability or all-file-body proof.
packages/contracts/src/deployment-assets.ts	contracts	implementation	6468fd46c8bd0ef40180a337e5c1bd726cf964078521a6b2e420c6ed9c881848	contracts-asset-helpers,contracts-asset-types	production-observed-source,public-api-no-observed-in-repo-call		admission,limits	Inherited responsibility/caller coverage plus named source chains; lexical signals are not vulnerability or all-file-body proof.
packages/contracts/src/deployment.ts	contracts	implementation	66816c21318f0f682ef53483d7901bdc8c0f5cd302151bec1c8e9bc304022696	contracts-deployment	type-contract		auth,privacy,limits	Inherited responsibility/caller coverage plus named source chains; lexical signals are not vulnerability or all-file-body proof.
packages/contracts/src/diagnostic.ts	contracts	implementation	ab935bdd56b01cb3b71f665f4d191d8a2e196b6f1153afdb88d0de5e692c3676	contracts-diagnostic	type-contract		admission,limits	Inherited responsibility/caller coverage plus named source chains; lexical signals are not vulnerability or all-file-body proof.
packages/contracts/src/distribution.ts	contracts	implementation	5e030ded286cf76540d5bbf91f858ed0b2d1c0c5b3ae1c18e8be3bb12ee5b83f	contracts-distribution	production-observed-source			Inherited responsibility/caller coverage plus named source chains; lexical signals are not vulnerability or all-file-body proof.
packages/contracts/src/examples.ts	contracts	implementation	6201cbb10430f8023382888bd3fa0023199eede59db90a49d7d8b6f43eea10e9	contracts-examples	type-contract		auth	Inherited responsibility/caller coverage plus named source chains; lexical signals are not vulnerability or all-file-body proof.
packages/contracts/src/files.ts	contracts	implementation	919549d102b9c30709f292942f327bf3d6cd723e554aa9862750179adda163b0	contracts-files	type-contract		auth,privacy,admission,limits	Inherited responsibility/caller coverage plus named source chains; lexical signals are not vulnerability or all-file-body proof.
packages/contracts/src/identity.ts	contracts	implementation	19816727c6b820ffb5328eeab2e3211390cf91482a592923b2ac87cc4a72c440	contracts-identity,contracts-identity-catalog	public-api-no-observed-in-repo-call,type-contract		auth,privacy,admission	Inherited responsibility/caller coverage plus named source chains; lexical signals are not vulnerability or all-file-body proof.
packages/contracts/src/index.ts	contracts	implementation	c2dbd7e34812c30bfae395918c5f667b53b2c9a0f781ffe2da310c4cd81de5d1	contracts-assembly	production-observed-source			Inherited responsibility/caller coverage plus named source chains; lexical signals are not vulnerability or all-file-body proof.
packages/contracts/src/presentation.ts	contracts	implementation	477ff6afb4793e31c428693145880fba7480b2d074f052d8d6808e5abc79f6fd	contracts-generated-forms,contracts-presentation-components,contracts-presentation-page,contracts-presentation-runtime	production-observed-source,type-contract		auth,privacy,admission,limits	Inherited responsibility/caller coverage plus named source chains; lexical signals are not vulnerability or all-file-body proof.
packages/contracts/src/reference.ts	contracts	implementation	415b46bf968d2b2059cfeb3e86577a1b38b70f130b74bd15d46d169a1212847c	contracts-reference	type-contract		auth,admission	Inherited responsibility/caller coverage plus named source chains; lexical signals are not vulnerability or all-file-body proof.
packages/contracts/src/services.ts	contracts	implementation	91b1580b0b1c884af6ef0c2f162aad0f75cd76d41a369a087ec5310367ee4ebf	contracts-services-descriptors,contracts-services-types	production-observed-source,type-contract	services-delivery:E06	auth,privacy,admission,limits	Inherited responsibility/caller coverage plus named source chains; lexical signals are not vulnerability or all-file-body proof.
packages/contracts/src/state.ts	contracts	implementation	dd9263d8cae2eda4d046678c3d564217c54e0ae77d9b8d2e9b40c213ed588236	contracts-state-execution,contracts-state-migration,contracts-state-storage	type-contract	root:ERX01	auth,privacy,admission,limits	Inherited responsibility/caller coverage plus named source chains; lexical signals are not vulnerability or all-file-body proof.
packages/contracts/src/values.ts	contracts	implementation	162869eb5a7e317238390ad8ab552804afe5e9e712d3beccb6781d31b4dd5c39	contracts-values	type-contract		auth,privacy,admission,limits	Inherited responsibility/caller coverage plus named source chains; lexical signals are not vulnerability or all-file-body proof.
packages/contracts/src/wire.ts	contracts	implementation	bd85ca914bbc8d31fb372dbffa6c0d7176397bf11fa7d02e5b02b6c89fa01ba1	contracts-delivery-leaves,contracts-wire-envelopes,contracts-wire-runtime-policy	production-observed-source,type-contract		auth,privacy,admission,limits	Inherited responsibility/caller coverage plus named source chains; lexical signals are not vulnerability or all-file-body proof.
packages/contracts/src/work.ts	contracts	implementation	c7d674c84f536389398b61b5b23c9c469114e88b5373edf5580136636f009207	contracts-work-fanout,contracts-work-lifecycle,contracts-work-observable-catalog	public-api-no-observed-in-repo-call,type-contract		auth,privacy,admission,limits	Inherited responsibility/caller coverage plus named source chains; lexical signals are not vulnerability or all-file-body proof.
packages/contracts/tsconfig.json	contracts	metadata	9222ec437c1c4b8378784ebceca444214102b64598ff2d611cb4f362d576990d	contracts-packaging	production-observed-source			Inherited responsibility/caller coverage plus named source chains; lexical signals are not vulnerability or all-file-body proof.
packages/files/src/bridge.ts	files	implementation	01c317ba97b23ffb768cdf174f9f8fb1e6589c7695e33c9116233665770cdf3d	files-bridge	test-only-observed-call		auth,privacy,admission,limits	Inherited responsibility/caller coverage plus named source chains; lexical signals are not vulnerability or all-file-body proof.
packages/files/src/catalog.ts	files	implementation	51cfbb1f9435b3bfb33296960f4618ff937cd3a6016baafd44395b3893408923	files-catalog	public-api-no-observed-in-repo-call		auth,privacy	Inherited responsibility/caller coverage plus named source chains; lexical signals are not vulnerability or all-file-body proof.
packages/files/src/distribution.ts	files	implementation	534d191aa4cad70f6e0b0059e26c0aa19117ae6c3dd67887c3c6fe70777273be	files-distribution	generated-staged			Inherited responsibility/caller coverage plus named source chains; lexical signals are not vulnerability or all-file-body proof.
packages/files/src/finalize/index.ts	files	implementation	eba40a06b0bd79ebac016e4f845ed6a9b2301b5de193766ca6ed7a0e4419d74a	files-attachment-read,files-finalization,files-provider-output	conditional-production,test-only-observed-call	identity-files:SE10,identity-files:SE11	auth,admission,limits	Inherited responsibility/caller coverage plus named source chains; lexical signals are not vulnerability or all-file-body proof.
packages/files/src/index.ts	files	implementation	34872aaa3e9f6dc56d091fbc162353b30bd42d21bf8d98f44bf05d8bbfba9570	files-public-surface	public-api-no-observed-in-repo-call			Inherited responsibility/caller coverage plus named source chains; lexical signals are not vulnerability or all-file-body proof.
packages/files/src/ports.ts	files	implementation	2a7cd17c0e3775e3909468eec53aa046a404dcf3d87721c083fb5158a55d7c6b	files-fs-storage,files-port-contract,files-test-doubles	test-only-observed-call,type-contract	identity-files:SE10	auth,admission,limits	Inherited responsibility/caller coverage plus named source chains; lexical signals are not vulnerability or all-file-body proof.
packages/files/src/provenance/index.ts	files	implementation	7441aab94f941b10823134e33b6c11ab48874c20a20bcab9d9c540c3ab164733	files-attachment-read,files-provenance	conditional-production,test-only-observed-call	identity-files:SE11	auth,privacy,admission,limits	Inherited responsibility/caller coverage plus named source chains; lexical signals are not vulnerability or all-file-body proof.
packages/files/src/retention/index.ts	files	implementation	3d953bc857123338cb0b6a999c10e296445c0700f6b4183410e48d7e8a0231bd	files-retention	test-only-observed-call	identity-files:SE10	privacy,limits	Inherited responsibility/caller coverage plus named source chains; lexical signals are not vulnerability or all-file-body proof.
packages/files/src/scenarios.ts	files	implementation	7c93152807b44dd9785d21c3e197a2b41ed1b53d9721e4a6fb0d2412888f6570	files-scenarios	test-only-observed-call		auth,limits	Inherited responsibility/caller coverage plus named source chains; lexical signals are not vulnerability or all-file-body proof.
packages/files/src/upload/fs-blob-store.ts	files	implementation	0c112376b97e30a41ed6db8956b5e003ccc9e16ff4c0386353e04561a504108e	files-fs-storage	test-only-observed-call	identity-files:SE10	admission,limits	Inherited responsibility/caller coverage plus named source chains; lexical signals are not vulnerability or all-file-body proof.
packages/files/src/upload/index.ts	files	implementation	46f566043db6f6292d6a95ae125e0e51c19058cc455f9a68bd4ff56343479ca7	files-upload	conditional-production	identity-files:SE09	auth,privacy,admission,limits	Inherited responsibility/caller coverage plus named source chains; lexical signals are not vulnerability or all-file-body proof.
packages/identity/src/accounts/passwords.ts	identity	implementation	12e9f48e47452ce8af1c6b767bcca69843014290b85472071fea5251e738a969	identity-password	conditional-production	identity-files:SE02	auth,privacy,limits	Inherited responsibility/caller coverage plus named source chains; lexical signals are not vulnerability or all-file-body proof.
packages/identity/src/accounts/recovery.ts	identity	implementation	78c8589260eaea5536b2f90374d004d7664184b664b85135c7a0924da2f5e367	identity-recovery	conditional-production	identity-files:SE02	auth,privacy	Inherited responsibility/caller coverage plus named source chains; lexical signals are not vulnerability or all-file-body proof.
packages/identity/src/accounts/registration.ts	identity	implementation	72de65f3832a562cd8564a11063a1c14ef01e5184e8ac91c6bf22f967e7c898f	identity-account-registration	conditional-production	identity-files:SE01,identity-files:SE02	auth,privacy,limits	Inherited responsibility/caller coverage plus named source chains; lexical signals are not vulnerability or all-file-body proof.
packages/identity/src/authentication/audience.ts	identity	implementation	cd65de45aa5d251df01c39b300e7d783e415d8554ef1bfad8a9be5833c623158	identity-resolution	production-observed-source	identity-files:SE01	auth,privacy,admission	Inherited responsibility/caller coverage plus named source chains; lexical signals are not vulnerability or all-file-body proof.
packages/identity/src/authentication/context.ts	identity	implementation	ff5fd0d20b2751609825e755d113e534a74b8e750600f3395a1e9573cb1dce96	identity-resolution	production-observed-source	identity-files:SE01	auth,privacy	Inherited responsibility/caller coverage plus named source chains; lexical signals are not vulnerability or all-file-body proof.
packages/identity/src/authentication/grants.ts	identity	implementation	56f26d214a51de1caa8cc28b6757d9319c582e26f744cfc9e81e4c1a70418df4	identity-grants	production-observed-source	identity-files:SE01,identity-files:SE04	auth,privacy	Inherited responsibility/caller coverage plus named source chains; lexical signals are not vulnerability or all-file-body proof.
packages/identity/src/authentication/oauth.ts	identity	implementation	c548c8cdc916e4aaed503b3346ab7a4477c22c29d6b9e70c60986ea78daf14be	identity-oauth	conditional-production	identity-files:SE05	auth,privacy,admission,limits	Inherited responsibility/caller coverage plus named source chains; lexical signals are not vulnerability or all-file-body proof.
packages/identity/src/authentication/revocation.ts	identity	implementation	3b18c1865f4f78cfda004b5d2bbb2959910c307c8a6a21c0c5928b15a2e5eb56	identity-live-fence,identity-revoke	conditional-production,production-observed-source	identity-files:SE06,identity-files:SE07	auth,privacy,admission	Inherited responsibility/caller coverage plus named source chains; lexical signals are not vulnerability or all-file-body proof.
packages/identity/src/distribution.ts	identity	implementation	b80bc671dc80c3fbaa1c86dcd920f2347620603d4a18ad012aff5a8d19aae1ee	identity-distribution	generated-staged			Inherited responsibility/caller coverage plus named source chains; lexical signals are not vulnerability or all-file-body proof.
packages/identity/src/index.ts	identity	implementation	05d683037a72bbac78477e7bdd554d0f64769aae36a2ee3ecff704a083472f17	identity-public-surface	production-observed-source		auth,privacy	Inherited responsibility/caller coverage plus named source chains; lexical signals are not vulnerability or all-file-body proof.
packages/identity/src/ports.ts	identity	implementation	6145aef4de7dc0fabeed0a285a3dd8191c8c6f6c37d6554ca0659173a210a1bd	identity-ports	production-observed-source		auth,privacy,admission,limits	Inherited responsibility/caller coverage plus named source chains; lexical signals are not vulnerability or all-file-body proof.
packages/identity/src/sessions/comparison-node.ts	identity	implementation	4ab6f9af09469c5e9c876943867f05e47070519b8bfe820793efe7a637515e37	identity-comparison	conditional-production			Inherited responsibility/caller coverage plus named source chains; lexical signals are not vulnerability or all-file-body proof.
packages/identity/src/sessions/comparison-worker.ts	identity	implementation	d07b396186f6f28dccfe5809b9ee21342d3e51e0e969fe8d028320aa2351ff68	identity-comparison	conditional-production			Inherited responsibility/caller coverage plus named source chains; lexical signals are not vulnerability or all-file-body proof.
packages/identity/src/sessions/comparison.ts	identity	implementation	663079590c9147f2cb6f3de72187afcf84ea185ac3288c946fe05901738901db	identity-comparison	conditional-production		limits	Inherited responsibility/caller coverage plus named source chains; lexical signals are not vulnerability or all-file-body proof.
packages/identity/src/sessions/cookies.ts	identity	implementation	9766cfaa0a78204414f21468a8b1c046cbff7d8713556b49ae8cc235a00db099	identity-cookie	production-observed-source	identity-files:SE03	auth,privacy,admission,limits	Inherited responsibility/caller coverage plus named source chains; lexical signals are not vulnerability or all-file-body proof.
packages/identity/src/sessions/csrf.ts	identity	implementation	b577b2619951a51f1aaccc62ae3db942a7d2237aec5f6d5c2d6d65a815040d60	identity-csrf	production-observed-source	identity-files:SE03	auth,privacy,limits	Inherited responsibility/caller coverage plus named source chains; lexical signals are not vulnerability or all-file-body proof.
packages/identity/src/sessions/presession.ts	identity	implementation	f2c4cc913ea8fc3a70c7688991dd4a0a68cb05682efa433705d1654b3dda213d	identity-login-presession	conditional-production	identity-files:SE03	auth,privacy,admission	Inherited responsibility/caller coverage plus named source chains; lexical signals are not vulnerability or all-file-body proof.
packages/identity/src/sessions/tokens.ts	identity	implementation	d7867041c5c893cabdece58607af646c3468aa9e24a895b8608e8112cc7365fa	identity-credentials	production-observed-source	identity-files:SE01	privacy,admission,limits	Inherited responsibility/caller coverage plus named source chains; lexical signals are not vulnerability or all-file-body proof.
packages/identity/src/storage/d1.ts	identity	implementation	7d25f77228fdd17c2fe49684c8cbefd1f3c50acf621533dc349dedaa66a3f18f	identity-d1	production-observed-source	identity-files:SE02,identity-files:SE06	auth,privacy,admission,limits	Inherited responsibility/caller coverage plus named source chains; lexical signals are not vulnerability or all-file-body proof.
packages/identity/src/teams/invitations.ts	identity	implementation	88eefc9e11d639d1bc701dc72b743aa6db5987ac85abcb189dc872a2d7550c1d	identity-invitations	test-only-observed-call	identity-files:SE06	auth,privacy	Inherited responsibility/caller coverage plus named source chains; lexical signals are not vulnerability or all-file-body proof.
packages/identity/src/teams/membership.ts	identity	implementation	8297f93d24b3062dd25bdc225fb71b8973c2c2551ba307b80becfe97161b334d	identity-membership	test-only-observed-call	identity-files:SE06	auth	Inherited responsibility/caller coverage plus named source chains; lexical signals are not vulnerability or all-file-body proof.
packages/identity/src/teams/roles.ts	identity	implementation	3c7c75a62b8de6e5a61f79c38b1b0a4ee337e15d26fc3e1193d4b93d0b111d0f	identity-roles	test-only-observed-call	identity-files:SE06	auth	Inherited responsibility/caller coverage plus named source chains; lexical signals are not vulnerability or all-file-body proof.
packages/identity/src/teams/selection.ts	identity	implementation	e8acd7d1a8c01bc88bda3f9eefd7e2b8e52283fdc5ad5fb8f5692e9c9b3420f0	identity-team-selection	conditional-production	identity-files:SE06	auth,privacy	Inherited responsibility/caller coverage plus named source chains; lexical signals are not vulnerability or all-file-body proof.
packages/identity/src/testing.ts	identity	implementation	7419c5ca51bd0bc315a75e12b6d9ac06792f3180ae6d8de81dfe84db8db6660b	identity-test-doubles	test-only-observed-call		auth,privacy,admission,limits	Inherited responsibility/caller coverage plus named source chains; lexical signals are not vulnerability or all-file-body proof.
packages/interfaces/src/distribution.ts	interfaces	implementation	b80bc671dc80c3fbaa1c86dcd920f2347620603d4a18ad012aff5a8d19aae1ee	interfaces-distribution	generated-staged			Inherited responsibility/caller coverage plus named source chains; lexical signals are not vulnerability or all-file-body proof.
packages/interfaces/src/docs/reference.ts	interfaces	implementation	e52d702a4391588374160ad7a7d615f1ed23a9d4d8a78d07826a443181f9193f	interfaces-docs	production-observed-source		auth,limits	Inherited responsibility/caller coverage plus named source chains; lexical signals are not vulnerability or all-file-body proof.
packages/interfaces/src/envelope/prepared.ts	interfaces	implementation	b10355f3bf2f3490ba2b62380e8e8e73606e46b934170ece8cb55371ed429f97	interfaces-csv	conditional-production			Inherited responsibility/caller coverage plus named source chains; lexical signals are not vulnerability or all-file-body proof.
packages/interfaces/src/envelope/refs.ts	interfaces	implementation	7eb157fc98859eb94c2532b5f604f5c9c2d235e474b9c51b3f27d1b2361284ba	interfaces-http-operation	production-observed-source	identity-files:SE07	auth,privacy,admission	Inherited responsibility/caller coverage plus named source chains; lexical signals are not vulnerability or all-file-body proof.
packages/interfaces/src/envelope/validate.ts	interfaces	implementation	115b21e75eb724664a2a87eea0434ab792114702e72e97cf8af9e8200d32d1ec	interfaces-http-operation	production-observed-source	state-work:ESW06	auth,privacy,admission	Inherited responsibility/caller coverage plus named source chains; lexical signals are not vulnerability or all-file-body proof.
packages/interfaces/src/envelope/versions.ts	interfaces	implementation	ddcbaba94209a883767e69a28695862c9dfe1edd9d91b13dead869343184cf36	interfaces-version-check	test-only-observed-call		auth,admission	Inherited responsibility/caller coverage plus named source chains; lexical signals are not vulnerability or all-file-body proof.
packages/interfaces/src/errors/envelope.ts	interfaces	implementation	5f2a6e35e023457367716512b6bd62b3dc96fa9dc2dcd09ec792ff054ebd2d1e	interfaces-errors	production-observed-source	identity-files:SE12	auth,privacy,admission	Inherited responsibility/caller coverage plus named source chains; lexical signals are not vulnerability or all-file-body proof.
packages/interfaces/src/errors/logging.ts	interfaces	implementation	8034446eadabb9a19efc3c28db3f4a1b384efe8311f372fb28840cd22e92f6c2	interfaces-errors	production-observed-source	identity-files:SE12	auth,privacy,admission,limits	Inherited responsibility/caller coverage plus named source chains; lexical signals are not vulnerability or all-file-body proof.
packages/interfaces/src/errors/redact.ts	interfaces	implementation	d8c8be62aa982048bdbcbbac0d1760ab32d95c77f21d9b88c01838f17144d31a	interfaces-errors	production-observed-source	identity-files:SE12	auth,privacy,limits	Inherited responsibility/caller coverage plus named source chains; lexical signals are not vulnerability or all-file-body proof.
packages/interfaces/src/errors/safe.ts	interfaces	implementation	37b46335248b06411497584f290d7c338ce010159ee4839147a60375c7240a6b	interfaces-errors	production-observed-source		auth,privacy,admission,limits	Inherited responsibility/caller coverage plus named source chains; lexical signals are not vulnerability or all-file-body proof.
packages/interfaces/src/http/assets.ts	interfaces	implementation	9d42a8d50079e812714c21198d9b73b50d0bbbbfe5d8e8058e1816551ee9c862	interfaces-assets	test-only-observed-call		auth,admission,limits	Inherited responsibility/caller coverage plus named source chains; lexical signals are not vulnerability or all-file-body proof.
packages/interfaces/src/http/auth.ts	interfaces	implementation	5e373e1a88fe8ee36a27d851154e2228491fba588aed207f219ffcf73c380706	interfaces-auth	conditional-production	identity-files:SE02,identity-files:SE03	auth,privacy,admission,limits	Inherited responsibility/caller coverage plus named source chains; lexical signals are not vulnerability or all-file-body proof.
packages/interfaces/src/http/context.ts	interfaces	implementation	12d51336059dd4590fddceb5689d41e42ea1366788d10a457843befb5c1bd2aa	interfaces-http-operation	production-observed-source	identity-files:SE03	auth,privacy,admission,limits	Inherited responsibility/caller coverage plus named source chains; lexical signals are not vulnerability or all-file-body proof.
packages/interfaces/src/http/csv.ts	interfaces	implementation	6025d282f5afb52e127bafc5fa1154935c126dce833b57713310af47d94a3d2e	interfaces-csv	conditional-production	root:ERU01	auth,admission,limits	Inherited responsibility/caller coverage plus named source chains; lexical signals are not vulnerability or all-file-body proof.
packages/interfaces/src/http/export.ts	interfaces	implementation	5da1415db2a27e24a79d045145e1fddf520b9ef525a7bf7ea2b316e1cf1321d3	interfaces-export	conditional-production		auth,privacy,admission,limits	Inherited responsibility/caller coverage plus named source chains; lexical signals are not vulnerability or all-file-body proof.
packages/interfaces/src/http/formErrors.ts	interfaces	implementation	448faeb7d7e4618fbb2bf71fc4691ac8e347429983fede5ec6bdb58effeee45e	interfaces-form-rerender	conditional-production		auth,admission,limits	Inherited responsibility/caller coverage plus named source chains; lexical signals are not vulnerability or all-file-body proof.
packages/interfaces/src/http/fragments.ts	interfaces	implementation	10b3a84f83ef0f3ea2509f2f9d1d68fa14c63ded21f62e5b4de27541c3482019	interfaces-pages	conditional-production			Inherited responsibility/caller coverage plus named source chains; lexical signals are not vulnerability or all-file-body proof.
packages/interfaces/src/http/limits.ts	interfaces	implementation	6a5b2277decf0a79ed7d05acca9fd24afd7df56082a02b8c48cdde3efd503bfc	interfaces-http-limits	production-observed-source	state-work:ESW01,identity-files:SE02	auth,limits	Inherited responsibility/caller coverage plus named source chains; lexical signals are not vulnerability or all-file-body proof.
packages/interfaces/src/http/operations.ts	interfaces	implementation	44f9bc9a95e16867b058c079cb82fbe915274bb166c27fe210906f7dec6ab37a	interfaces-http-operation,interfaces-input-derivation	production-observed-source	state-work:ESW01,state-work:ESW07,identity-files:SE07	auth,privacy,admission,limits	Inherited responsibility/caller coverage plus named source chains; lexical signals are not vulnerability or all-file-body proof.
packages/interfaces/src/http/pages.ts	interfaces	implementation	f0c29777fd6be3be69561e1c309f3feb1ef49a04a1943b983512ad4bdca26238	interfaces-pages	conditional-production		auth,privacy,admission,limits	Inherited responsibility/caller coverage plus named source chains; lexical signals are not vulnerability or all-file-body proof.
packages/interfaces/src/http/presentation.ts	interfaces	implementation	22aeeb257d9e7baf56aa72885f44f437a23d4ca078b3e504da381d6a69eb223a	interfaces-pages	conditional-production		auth,privacy,admission	Inherited responsibility/caller coverage plus named source chains; lexical signals are not vulnerability or all-file-body proof.
packages/interfaces/src/http/print.ts	interfaces	implementation	27445bc9a9b849feffd07b16390c87df265132b1798fe904c05929ad065c298b	interfaces-print	conditional-production		auth,privacy,admission,limits	Inherited responsibility/caller coverage plus named source chains; lexical signals are not vulnerability or all-file-body proof.
packages/interfaces/src/http/routes.ts	interfaces	implementation	e793a0130b30fa115fc5dea091f6300cf52cfc15f095a03f59cd20a9f72b7a42	interfaces-router	test-only-observed-call		auth,privacy,admission,limits	Inherited responsibility/caller coverage plus named source chains; lexical signals are not vulnerability or all-file-body proof.
packages/interfaces/src/index.ts	interfaces	implementation	afa4236f123cfc58cc612dace8e94b3605769c27d0ad924a16b16d6a3cf63ef9	interfaces-public-surface	production-observed-source		auth,privacy,limits	Inherited responsibility/caller coverage plus named source chains; lexical signals are not vulnerability or all-file-body proof.
packages/interfaces/src/ingress/mapping.ts	interfaces	implementation	21a293aaafdeac21b1994293f9b77f2daaa31d0cb7a57eed880ab220a84ac738	interfaces-ingress	conditional-production	identity-files:SE11	auth,admission,limits	Inherited responsibility/caller coverage plus named source chains; lexical signals are not vulnerability or all-file-body proof.
packages/interfaces/src/ingress/routes.ts	interfaces	implementation	29a6b69cecf111282b96eedf2feb41baf6073dbb3aabb98d3cd19d17cb4c61bc	interfaces-ingress	conditional-production	identity-files:SE11,identity-files:SE12	auth,privacy,admission,limits	Inherited responsibility/caller coverage plus named source chains; lexical signals are not vulnerability or all-file-body proof.
packages/interfaces/src/instrumentation/intake.ts	interfaces	implementation	7e300b3969269bac6ea8baa5aaeae9224622ecdeb8ce346dcd839d83763c52bb	interfaces-intake	test-only-observed-call	root:ERU03	auth,privacy,admission,limits	Inherited responsibility/caller coverage plus named source chains; lexical signals are not vulnerability or all-file-body proof.
packages/interfaces/src/mcp/discovery.ts	interfaces	implementation	22e31235937008a445fa5cf227a4041d5761462942e0205833206be3987a2e14	interfaces-mcp	production-observed-source	identity-files:SE07	auth	Inherited responsibility/caller coverage plus named source chains; lexical signals are not vulnerability or all-file-body proof.
packages/interfaces/src/mcp/prepared.ts	interfaces	implementation	229cbc7cfd1f2e136f5014d31041dbca6b3593a64a266f42275d08409ba3c760	interfaces-prepared-mcp	test-only-observed-call		admission	Inherited responsibility/caller coverage plus named source chains; lexical signals are not vulnerability or all-file-body proof.
packages/interfaces/src/mcp/schemas.ts	interfaces	implementation	44e1e8f6df2cddfc3c0a7b0b3f080d74dfe96c53f0d7d0d9420b3a27786f22fb	interfaces-input-derivation	production-observed-source		auth,admission,limits	Inherited responsibility/caller coverage plus named source chains; lexical signals are not vulnerability or all-file-body proof.
packages/interfaces/src/mcp/server.ts	interfaces	implementation	20d68f0cc3a0984f2094dffe971895d789d57ce05c07032e3696dc9fcaf7c8c6	interfaces-mcp	production-observed-source	identity-files:SE01,identity-files:SE06,identity-files:SE07,identity-files:SE08,identity-files:SE12	auth,privacy,admission	Inherited responsibility/caller coverage plus named source chains; lexical signals are not vulnerability or all-file-body proof.
packages/interfaces/src/mcp/tools.ts	interfaces	implementation	daf0aef1e9389011ba530d893b6c0560523e6cfa7cc0ad543d74bd8f5700f582	interfaces-mcp	production-observed-source		auth,admission	Inherited responsibility/caller coverage plus named source chains; lexical signals are not vulnerability or all-file-body proof.
packages/interfaces/src/oauth/metadata.ts	interfaces	implementation	e03072ac1f315b42595ee810575d35b3bfa9de0fc47117fcd7f6fd9f2fb3a651	interfaces-oauth	conditional-production		auth,privacy,admission	Inherited responsibility/caller coverage plus named source chains; lexical signals are not vulnerability or all-file-body proof.
packages/interfaces/src/oauth/routes.ts	interfaces	implementation	19e9318f1dc1d3d30bd3a22f87fdf0499e4237497fd870135ae8314ba58e08ef	interfaces-oauth	conditional-production	identity-files:SE05	auth,privacy,admission,limits	Inherited responsibility/caller coverage plus named source chains; lexical signals are not vulnerability or all-file-body proof.
packages/interfaces/src/ports.ts	interfaces	implementation	b326f155d580543bd83f2aa00b8c1be18a468399474cb957e220d5c32f0c3629	interfaces-contracts	type-contract	identity-files:SE11	auth,privacy,admission,limits	Inherited responsibility/caller coverage plus named source chains; lexical signals are not vulnerability or all-file-body proof.
packages/interfaces/src/projection/project.ts	interfaces	implementation	1c1fbc7123f879c22c8e54737c1d2e4809ed01ee178d7a0c281440e35f649fec	interfaces-projection	test-only-observed-call		auth,privacy,admission,limits	Inherited responsibility/caller coverage plus named source chains; lexical signals are not vulnerability or all-file-body proof.
packages/interfaces/src/testing.ts	interfaces	implementation	97f1d95bc1d69101d48250622e785aaf7b771f8738953299c5920b2ce7b90d88	interfaces-test-doubles	test-only-observed-call		auth,privacy,admission,limits	Inherited responsibility/caller coverage plus named source chains; lexical signals are not vulnerability or all-file-body proof.
packages/interfaces/src/uploads/kernel.ts	interfaces	implementation	b89cfaed78a3e62281a86323b04d2f344f319d60022a4f884b034c9419eec205	interfaces-file-kernel-binding	test-only-observed-call		auth,admission,limits	Inherited responsibility/caller coverage plus named source chains; lexical signals are not vulnerability or all-file-body proof.
packages/interfaces/src/uploads/principals.ts	interfaces	implementation	c758c5cea0a20cba47b257865986bc93b639967d20caef9bfb1210afddcba383	interfaces-uploads	conditional-production	identity-files:SE09		Inherited responsibility/caller coverage plus named source chains; lexical signals are not vulnerability or all-file-body proof.
packages/interfaces/src/uploads/routes.ts	interfaces	implementation	fff8e55fe8aed9cea083b5b3dcd9f8d1ff9cb1072539a2c429176d65132a0e59	interfaces-uploads	conditional-production	identity-files:SE01,identity-files:SE09,identity-files:SE12	auth,privacy,admission,limits	Inherited responsibility/caller coverage plus named source chains; lexical signals are not vulnerability or all-file-body proof.
packages/services/src/catalog.ts	services	implementation	40b36de7ad8c84f1105e2bb274bdfad6ccebaf455c98a8ef7e542813e6a1af30	services-catalog	public-api-no-observed-in-repo-call	services-delivery:E06		Inherited responsibility/caller coverage plus named source chains; lexical signals are not vulnerability or all-file-body proof.
packages/services/src/distribution.ts	services	implementation	534d191aa4cad70f6e0b0059e26c0aa19117ae6c3dd67887c3c6fe70777273be	services-distribution	generated-staged			Inherited responsibility/caller coverage plus named source chains; lexical signals are not vulnerability or all-file-body proof.
packages/services/src/http/client.ts	services	implementation	41b55f0bffee4a85a7a910ae8303da21f21fab010b1db5043a869d13c1a1f034	services-http	conditional-production	services-delivery:E01,services-delivery:E02,services-delivery:E03	auth,admission,limits	Inherited responsibility/caller coverage plus named source chains; lexical signals are not vulnerability or all-file-body proof.
packages/services/src/http/errors.ts	services	implementation	8b97f7d6fe8fdcc0acca684865b1b1591035bd9eb82da1e920f7cf4645890c9b	services-http	conditional-production		privacy,admission,limits	Inherited responsibility/caller coverage plus named source chains; lexical signals are not vulnerability or all-file-body proof.
packages/services/src/http/pagination.ts	services	implementation	c00bb4a1d5b5ac859bf589f67ba33445e5642ce1fcb0b8a9304dd7e774633af5	services-pagination	test-only-observed-call	services-delivery:E06	limits	Inherited responsibility/caller coverage plus named source chains; lexical signals are not vulnerability or all-file-body proof.
packages/services/src/index.ts	services	implementation	40caee729c74d1c744d39f8247885332fbe1cc37ecec9916b9b0db1e96f78135	services-public-surface	public-api-no-observed-in-repo-call		privacy	Inherited responsibility/caller coverage plus named source chains; lexical signals are not vulnerability or all-file-body proof.
packages/services/src/judgments/harness.ts	services	implementation	3ffbed629601d02f6f39519ed75b2da07c76de8b8ec661b82faac68ebf6088e4	services-harness	test-only-observed-call		auth,privacy,admission,limits	Inherited responsibility/caller coverage plus named source chains; lexical signals are not vulnerability or all-file-body proof.
packages/services/src/judgments/systemone.ts	services	implementation	5946aa0c1f863e8a347fdb29de54c0c086db0a4e9fb6a277de93943e21c92ecd	services-judgments	test-only-observed-call	services-delivery:E04	auth,privacy,admission,limits	Inherited responsibility/caller coverage plus named source chains; lexical signals are not vulnerability or all-file-body proof.
packages/services/src/mail/adapter.ts	services	implementation	065462278dfb0fe69fd3e15a18f5b370eb0abaf59766ef44eb1c615ba557f5d0	services-mail	test-only-observed-call	services-delivery:E04	auth,privacy,admission,limits	Inherited responsibility/caller coverage plus named source chains; lexical signals are not vulnerability or all-file-body proof.
packages/services/src/mail/redact.ts	services	implementation	2da0f060f790820db04b783dfc9828dc73c0c7e6db32ed67d9aba5cca01c61c8	services-mail	test-only-observed-call	services-delivery:E04	auth,privacy,limits	Inherited responsibility/caller coverage plus named source chains; lexical signals are not vulnerability or all-file-body proof.
packages/services/src/media/comfyui.ts	services	implementation	694eb7caa69ee4d22af05cdf441fcb68638e33b1a3387191ddfb5e9a93a93f7b	services-media	test-only-observed-call	services-delivery:E05	auth,privacy,admission,limits	Inherited responsibility/caller coverage plus named source chains; lexical signals are not vulnerability or all-file-body proof.
packages/services/src/media/harness.ts	services	implementation	51bd4abae84239b00d9492f24416521d9a4d567a192eaba070a56daa698aa233	services-harness	test-only-observed-call		auth,admission,limits	Inherited responsibility/caller coverage plus named source chains; lexical signals are not vulnerability or all-file-body proof.
packages/services/src/media/mapping.ts	services	implementation	507306b2f97b72ebe5aa4dce54fe0af2164bfd1dcf6604efea6d1b7ccd151da1	services-media	test-only-observed-call	services-delivery:E05	limits	Inherited responsibility/caller coverage plus named source chains; lexical signals are not vulnerability or all-file-body proof.
packages/services/src/models/harness.ts	services	implementation	bf0163984ddd83578f223d58b19f1838938910a0be926d2644df5c7870e287bf	services-harness	test-only-observed-call		auth,admission,limits	Inherited responsibility/caller coverage plus named source chains; lexical signals are not vulnerability or all-file-body proof.
packages/services/src/models/ollama.ts	services	implementation	96c39834af0d132c64d164b0a8d4712fa75c203fb4fa8c4463e0ad8b5907df96	services-model	test-only-observed-call	services-delivery:E03	auth,privacy,admission,limits	Inherited responsibility/caller coverage plus named source chains; lexical signals are not vulnerability or all-file-body proof.
packages/services/src/ports.ts	services	implementation	51d4defdf88217c59674eed1b6a4c6c490237387484eb3d961a91f7bdaa4d410	services-harness,services-port-contract,services-port-test-defaults	conditional-production,test-only-observed-call		auth,privacy,admission,limits	Inherited responsibility/caller coverage plus named source chains; lexical signals are not vulnerability or all-file-body proof.
packages/services/src/scenarios.ts	services	implementation	0cca83df6c4dbd91a345c744e00eb005e9b17a4620770df572f0e14b4ee35aec	services-scenarios	test-only-observed-call		auth,privacy,admission,limits	Inherited responsibility/caller coverage plus named source chains; lexical signals are not vulnerability or all-file-body proof.
packages/state/src/catalog.ts	state	implementation	2506d2a1af527c3cee434efb842f81f466624731e010587ad69a3447f2f0a668	S-surface	type-contract			Inherited responsibility/caller coverage plus named source chains; lexical signals are not vulnerability or all-file-body proof.
packages/state/src/distribution.ts	state	implementation	534d191aa4cad70f6e0b0059e26c0aa19117ae6c3dd67887c3c6fe70777273be	S-surface	type-contract			Inherited responsibility/caller coverage plus named source chains; lexical signals are not vulnerability or all-file-body proof.
packages/state/src/effects/staging.ts	state	implementation	e5526973013ddefe2dbe19baafd3f8c20b00378258eea0a84482265ae73313c7	S-effects	production-observed-source	state-work:ESW13	admission,limits	Inherited responsibility/caller coverage plus named source chains; lexical signals are not vulnerability or all-file-body proof.
packages/state/src/errors.ts	state	implementation	43badb7a7a5f4567d6ff7fdc63ad7a93013720fd38e6788d125e56b639ece387	S-invoke	production-observed-source		admission	Inherited responsibility/caller coverage plus named source chains; lexical signals are not vulnerability or all-file-body proof.
packages/state/src/fanout/cohort.ts	state	implementation	2b4c324a68e83a412a0abbb082e4ad9a01e214ae7588dd79eab851ccaba05ed0	S-fanout-shape	conditional-production		auth	Inherited responsibility/caller coverage plus named source chains; lexical signals are not vulnerability or all-file-body proof.
packages/state/src/fanout/lifecycle.ts	state	implementation	451e1c290611b80f28692cf4873d03897881b7f3e14c399d8a8b140c1a4f0f78	S-fanout-lifecycle	conditional-production	state-work:ESW21	auth	Inherited responsibility/caller coverage plus named source chains; lexical signals are not vulnerability or all-file-body proof.
packages/state/src/fanout/membership.ts	state	implementation	2b92b84a6e9bb37b27df64278b6c62985145d3589b9af150852cb2ab2a8e50f8	S-fanout-freeze	conditional-production	state-work:ESW20	auth,admission,limits	Inherited responsibility/caller coverage plus named source chains; lexical signals are not vulnerability or all-file-body proof.
packages/state/src/fanout/outcome.ts	state	implementation	cc319f783b6621ccfe2079eb41ec94b436e1e64c9330afd36b7f0df1f7b457af	S-fanout-lifecycle	conditional-production		auth,admission,limits	Inherited responsibility/caller coverage plus named source chains; lexical signals are not vulnerability or all-file-body proof.
packages/state/src/fanout/progress.ts	state	implementation	a63bd42cd0d882b864b79124fb16aeca895cde234d6faff579ddb0aa92cd51a6	S-fanout-progress	conditional-production	state-work:ESW21	auth,limits	Inherited responsibility/caller coverage plus named source chains; lexical signals are not vulnerability or all-file-body proof.
packages/state/src/fanout/tables.ts	state	implementation	f97acf5b3d38c7ace87f0cc38c1712e533d856fb4c4affb733efb7588ea1f0ae	S-fanout-shape	conditional-production		auth,limits	Inherited responsibility/caller coverage plus named source chains; lexical signals are not vulnerability or all-file-body proof.
packages/state/src/index.ts	state	implementation	26eaa810cc9a1558393f4c948d3ac09095b24e8d452bc460d4d2af524a1d8f25	S-surface	type-contract		auth	Inherited responsibility/caller coverage plus named source chains; lexical signals are not vulnerability or all-file-body proof.
packages/state/src/internal/json.ts	state	implementation	dd16c61167cee0a9a8d22cbe5037715b9c6bf574b17f433342f6ba700e90ae73	S-invoke	production-observed-source	state-work:ESW13		Inherited responsibility/caller coverage plus named source chains; lexical signals are not vulnerability or all-file-body proof.
packages/state/src/invocation/admission.ts	state	implementation	c83e7b06b932e7e16402f0c815121a917f7b63daa90e4000fd822d16b1fc1ba6	S-fence,S-invoke	production-observed-source	state-work:ESW02,state-work:ESW04,state-work:ESW05,state-work:ESW07,state-work:ESW12	auth,privacy,admission,limits	Inherited responsibility/caller coverage plus named source chains; lexical signals are not vulnerability or all-file-body proof.
packages/state/src/invocation/context.ts	state	implementation	5c894dc055c26df2723f5d2f38f16be5bd83e3e361595c1a91de03dda6c2292f	S-invoke	production-observed-source	state-work:ESW02	auth	Inherited responsibility/caller coverage plus named source chains; lexical signals are not vulnerability or all-file-body proof.
packages/state/src/invocation/index.ts	state	implementation	450f0636c41b1ab50a519511c01363fd02d19a7867c4ba1e634d240005afbedd	S-surface	type-contract			Inherited responsibility/caller coverage plus named source chains; lexical signals are not vulnerability or all-file-body proof.
packages/state/src/invocation/invoke.ts	state	implementation	37f76500d8b0ed9959cf0110c70b0750263b9c0134fc19194229db1924ca4670	S-fanout-lifecycle,S-fence,S-invoke,S-read-invoke	conditional-production,production-observed-source	state-work:ESW06,state-work:ESW07,state-work:ESW08	auth,admission,limits	Inherited responsibility/caller coverage plus named source chains; lexical signals are not vulnerability or all-file-body proof.
packages/state/src/invocation/prepared-inputs.ts	state	implementation	3dad1154a046905899d87197fbe8f0ea77a397552348fc80d105fb81a769f6b6	S-descriptors	production-observed-source		auth,admission	Inherited responsibility/caller coverage plus named source chains; lexical signals are not vulnerability or all-file-body proof.
packages/state/src/invocation/registry.ts	state	implementation	38f59e468f47bf4e065ce23865ba57c72cdf4d9bce145cbd11a3eac084ca79c0	S-descriptors	production-observed-source	state-work:ESW10	auth,privacy,admission,limits	Inherited responsibility/caller coverage plus named source chains; lexical signals are not vulnerability or all-file-body proof.
packages/state/src/invocation/replay.ts	state	implementation	a33bf620e893569a9f8c710615e7fe7bc8a207c2f4a8c017e9942e0f6783cc36	S-invoke	production-observed-source	state-work:ESW05	limits	Inherited responsibility/caller coverage plus named source chains; lexical signals are not vulnerability or all-file-body proof.
packages/state/src/migration/activate.ts	state	implementation	e53bdba577d705b228244aedab4f9a2000e40e53b8eb748ec196e4aec4b1bee4	S-migration-lifecycle	test-only-observed-call		auth,admission,limits	Inherited responsibility/caller coverage plus named source chains; lexical signals are not vulnerability or all-file-body proof.
packages/state/src/migration/index.ts	state	implementation	f307483b18eac6f740a5273a868bd961a5f35e1435a2d96b95cdd3f4c5563660	S-migration-lifecycle	test-only-observed-call		admission	Inherited responsibility/caller coverage plus named source chains; lexical signals are not vulnerability or all-file-body proof.
packages/state/src/migration/mapper.ts	state	implementation	7be3710379be7232dbcef1143db0724d7c8dc93e51cad88d75a4ab226c283899	S-migration-stage	test-only-observed-call			Inherited responsibility/caller coverage plus named source chains; lexical signals are not vulnerability or all-file-body proof.
packages/state/src/migration/recover.ts	state	implementation	bbea00e7662a56971795a85eaa0fa871b6d1fd25279e25c54243d05bd9188153	S-migration-failure	test-only-observed-call		admission,limits	Inherited responsibility/caller coverage plus named source chains; lexical signals are not vulnerability or all-file-body proof.
packages/state/src/migration/retain.ts	state	implementation	80118be1886eb28093ac9c6532995163d2bb47191404951a4580e9ab32158f09	S-migration-plan	test-only-observed-call			Inherited responsibility/caller coverage plus named source chains; lexical signals are not vulnerability or all-file-body proof.
packages/state/src/migration/stage.ts	state	implementation	3d23206dd84067e06fdd16fff4d2ab80d6e9977f9a035444b92dc305a824e138	S-migration-stage	test-only-observed-call		auth,limits	Inherited responsibility/caller coverage plus named source chains; lexical signals are not vulnerability or all-file-body proof.
packages/state/src/migration/transition.ts	state	implementation	ad67c951008bdc1a34ccb15175e6d3d9bc5059641789de62300d0ad0037a5b0b	S-migration-plan	test-only-observed-call		auth,admission	Inherited responsibility/caller coverage plus named source chains; lexical signals are not vulnerability or all-file-body proof.
packages/state/src/migration/validate.ts	state	implementation	65b91401233df5f87035dfa41253f28915c826062c66abd45a750438fbe5066d	S-migration-validation	test-only-observed-call		auth,admission,limits	Inherited responsibility/caller coverage plus named source chains; lexical signals are not vulnerability or all-file-body proof.
packages/state/src/mutation/crud.ts	state	implementation	194bdcb9341aadd9bd21af141efc635853f05773c1c742b1a1f64fdbde202952	S-models-crud	production-observed-source	state-work:ESW11	auth,limits	Inherited responsibility/caller coverage plus named source chains; lexical signals are not vulnerability or all-file-body proof.
packages/state/src/mutation/index.ts	state	implementation	9fdfad0ea2817933cbaac186ab3731bae31708cb149c701a147c3c78400d90be	S-surface	type-contract			Inherited responsibility/caller coverage plus named source chains; lexical signals are not vulnerability or all-file-body proof.
packages/state/src/mutation/models.ts	state	implementation	32c6be1480bc4141375a8f134afee865650a2f0b722829664e326b6985996151	S-models-crud,S-pipeline	production-observed-source		auth,privacy,admission	Inherited responsibility/caller coverage plus named source chains; lexical signals are not vulnerability or all-file-body proof.
packages/state/src/mutation/pipeline.ts	state	implementation	1160f08db792ebe64c1c48829e6e3be8df436c3019fb47e87746c9e5ac3c39b9	S-fence,S-pipeline	production-observed-source	state-work:ESW11	auth,privacy,admission,limits	Inherited responsibility/caller coverage plus named source chains; lexical signals are not vulnerability or all-file-body proof.
packages/state/src/mutation/t18-shop.artifact.ts	state	test-code	99cc2da1ba5eda202e456ff6a2f671eb1a8e1f5c8037fbe22dd98a15bb5073a4	S-public-T18-fixture	generated-staged		privacy,admission,limits	Inherited responsibility/caller coverage plus named source chains; lexical signals are not vulnerability or all-file-body proof.
packages/state/src/policy/grants.ts	state	implementation	a52233ca9198d1d7364f528d783456d1877d48db0f1feb43b8bfb561e5614cd9	S-authority	production-observed-source	state-work:ESW08	auth,privacy,admission,limits	Inherited responsibility/caller coverage plus named source chains; lexical signals are not vulnerability or all-file-body proof.
packages/state/src/policy/roles.ts	state	implementation	77bc09d257a5a69e40f5464c6f815730b7a065907e0bb4e4f71837ea1a68fe94	S-authority	production-observed-source	state-work:ESW03	auth	Inherited responsibility/caller coverage plus named source chains; lexical signals are not vulnerability or all-file-body proof.
packages/state/src/ports/index.ts	state	implementation	89298c48d5b2373e1cf5eb63d5c905c7f2deab65ca38ecf9d23b46e89bae087d	S-surface	type-contract			Inherited responsibility/caller coverage plus named source chains; lexical signals are not vulnerability or all-file-body proof.
packages/state/src/ports/read.ts	state	implementation	a69f85d0095ea1f55711a72b30e419449bb13bba452d949a6a5182ec0b3863e9	S-query-other	test-only-observed-call	state-work:ESW09	auth,admission	Inherited responsibility/caller coverage plus named source chains; lexical signals are not vulnerability or all-file-body proof.
packages/state/src/ports/system.ts	state	implementation	85a496859cf838ed2fb24439d1679e799f6e898dfad13d8e59577626418428f7	S-system	conditional-production	state-work:ESW14	auth	Inherited responsibility/caller coverage plus named source chains; lexical signals are not vulnerability or all-file-body proof.
packages/state/src/ports/transact.ts	state	implementation	20ebcc4792bc145d60d16210d19dfec45bb6a1d0961b86973d3bea6b6a01a902	S-child-join,S-dispatch-join,S-read-invoke,S-transact-wrappers	conditional-production,production-observed-source,test-only-observed-call		auth,admission	Inherited responsibility/caller coverage plus named source chains; lexical signals are not vulnerability or all-file-body proof.
packages/state/src/query/engine.ts	state	implementation	9d8b5f499dd04f72a71511af3761c53051f2df5476174e40627eb91ada337a83	S-query-other,S-query-records	production-observed-source,test-only-observed-call	state-work:ESW08,state-work:ESW09	auth,privacy,admission,limits	Inherited responsibility/caller coverage plus named source chains; lexical signals are not vulnerability or all-file-body proof.
packages/state/src/query/index.ts	state	implementation	6243a30fd117105999189bfe346204e42aa48905ffcbe5b7fc76269c051f35a2	S-query-records	production-observed-source		auth	Inherited responsibility/caller coverage plus named source chains; lexical signals are not vulnerability or all-file-body proof.
packages/state/src/receipt/grants.ts	state	implementation	e67bcc93376bfd614374a07937b59c5e577b1260c7b2f293c2aa0773569c2a6f	S-receipt-read	conditional-production	state-work:ESW22	auth,admission	Inherited responsibility/caller coverage plus named source chains; lexical signals are not vulnerability or all-file-body proof.
packages/state/src/receipt/index.ts	state	implementation	b1f45fe74896ed2af14701a9a4cb9915281ee302b14cde80e862e22919143881	S-surface	type-contract			Inherited responsibility/caller coverage plus named source chains; lexical signals are not vulnerability or all-file-body proof.
packages/state/src/receipt/join.ts	state	implementation	1246a8fa0aac1f4b53512050d8e32c33cae98b843717e7de92fac3b71dc6471d	S-receipt-read	conditional-production	state-work:ESW22	auth,admission	Inherited responsibility/caller coverage plus named source chains; lexical signals are not vulnerability or all-file-body proof.
packages/state/src/receipt/observer-loader.ts	state	implementation	add53ef3e6b23068e20a8b51d39c8150a1d0cd78d782cbcd3b2d2816159e1523	S-receipt-probe	production-observed-source			Inherited responsibility/caller coverage plus named source chains; lexical signals are not vulnerability or all-file-body proof.
packages/state/src/receipt/tables.ts	state	implementation	d9d6ec727d3ee80bc7b2036c934ad75df6a58afabeb6fa9e428b21705136230d	S-receipt-read,S-receipt-write	conditional-production,test-only-observed-call		admission	Inherited responsibility/caller coverage plus named source chains; lexical signals are not vulnerability or all-file-body proof.
packages/state/src/storage/d1.ts	state	implementation	b702d004e8f231c568cfffbaaff1a9bdb0e208b33d90be2e480f472a4fcd0e45	S-d1-core,S-d1-work,S-storage-migration	conditional-production,production-observed-source,test-only-observed-call	state-work:ESW06,state-work:ESW07,state-work:ESW15	admission,limits	Inherited responsibility/caller coverage plus named source chains; lexical signals are not vulnerability or all-file-body proof.
packages/state/src/storage/durable-object.ts	state	implementation	8c64da34e972c1e66bf4ccf46ea062ac160d44cedc99aba436af4b53d8d60956	S-DO,S-storage-migration	test-only-observed-call	state-work:ESW07,state-work:ESW15	admission,limits	Inherited responsibility/caller coverage plus named source chains; lexical signals are not vulnerability or all-file-body proof.
packages/state/src/storage/index.ts	state	implementation	130cd154e62d9e525b1b3e410e461d7bb513fe1d5cc4c00535f4519f15221734	S-storage-contract	production-observed-source		limits	Inherited responsibility/caller coverage plus named source chains; lexical signals are not vulnerability or all-file-body proof.
packages/state/src/storage/memory.ts	state	implementation	89ba826037d7162e8f642a4bb97de3d07eca04b2ae00c14969746567643b94f8	S-memory,S-storage-migration	test-only-observed-call		admission,limits	Inherited responsibility/caller coverage plus named source chains; lexical signals are not vulnerability or all-file-body proof.
packages/state/src/storage/port.ts	state	implementation	4b82b567fee3816ce96630475a70f654d89200eed888acb53d3a76a242ea807b	S-d1-core,S-storage-contract	production-observed-source			Inherited responsibility/caller coverage plus named source chains; lexical signals are not vulnerability or all-file-body proof.
packages/state/src/storage/schema.ts	state	implementation	2a64ec108ea971c72be75c7c7bc1c8a16566bdcb81cf75178fb564a490468520	S-d1-core	production-observed-source			Inherited responsibility/caller coverage plus named source chains; lexical signals are not vulnerability or all-file-body proof.
packages/state/test/fanout/test-driver.ts	state	test-code	2e722d3b7c34b285c7753998ad23a3f7f1b85468c4284a937eb101eba3f61353	S-public-fanout-support	test-only-observed-call		auth	Inherited responsibility/caller coverage plus named source chains; lexical signals are not vulnerability or all-file-body proof.
packages/state/test/invocation/fixtures.ts	state	test-code	ed2af768151ca32d5c358863de39357c8ec3e9381c47361ee94f8237330ad417	S-public-invocation-fixtures	test-only-observed-call		auth,admission,limits	Inherited responsibility/caller coverage plus named source chains; lexical signals are not vulnerability or all-file-body proof.
packages/state/test/mutation/fixtures.ts	state	test-code	652c02d93e15106df62ce2e9a0c8934f6a5585b7cebb01103bec876a53f9aac1	S-public-mutation-fixtures	test-only-observed-call		auth,admission,limits	Inherited responsibility/caller coverage plus named source chains; lexical signals are not vulnerability or all-file-body proof.
packages/state/test/query/fixtures.ts	state	test-code	83119604622629eb29ef85defaac609c318618d118ee5ffbee025c4770627068	S-public-query-fixtures	test-only-observed-call		auth,privacy,admission,limits	Inherited responsibility/caller coverage plus named source chains; lexical signals are not vulnerability or all-file-body proof.
packages/state/test/storage/do-test-worker.js	state	test-code	922910c5e7e3692137827d0db5510c5d94300690c98eef1147442a49ea378b7a	S-public-DO-test-worker	test-only-observed-call		admission	Inherited responsibility/caller coverage plus named source chains; lexical signals are not vulnerability or all-file-body proof.
packages/stdlib/package.json	stdlib	metadata	1f5dda9a1bc0390590943772e7665e357e1337e705bb15c825c40eb2fcf5883b	stdlib-packaging	production-observed-source			Inherited responsibility/caller coverage plus named source chains; lexical signals are not vulnerability or all-file-body proof.
packages/stdlib/src/distribution.ts	stdlib	implementation	5e030ded286cf76540d5bbf91f858ed0b2d1c0c5b3ae1c18e8be3bb12ee5b83f	stdlib-distribution	production-observed-source	root:ERX02		Inherited responsibility/caller coverage plus named source chains; lexical signals are not vulnerability or all-file-body proof.
packages/stdlib/src/index.ts	stdlib	implementation	6cdeadfd7ee2ffed08b80196a3bfe5e98236b02af95f8fa2028c1214cb210cee	stdlib-export-assembly	conditional-production	root:ERX02	limits	Inherited responsibility/caller coverage plus named source chains; lexical signals are not vulnerability or all-file-body proof.
packages/stdlib/tsconfig.json	stdlib	metadata	10c8857bb83e8748e7984da09bb1a42cb984b22ba334d8587df61a3a9e92ca2a	stdlib-packaging	production-observed-source			Inherited responsibility/caller coverage plus named source chains; lexical signals are not vulnerability or all-file-body proof.
packages/testkit/conformance/ports/loader-smoke/host.mjs	testkit	test-code	c6e44d105b22e736d6419245bcf2410fa73cb6e3e1178fd91d15281c0b6caf3a	testkit-loader-smoke	test-only-observed-call		admission,limits	Inherited responsibility/caller coverage plus named source chains; lexical signals are not vulnerability or all-file-body proof.
packages/testkit/conformance/ports/loader-smoke/src/lib.rs	testkit	test-code	45c84e5e3724ca6f5b5f85c0f00908feae53730ad8dfc211d2328d88ac9801f3	testkit-loader-smoke	test-only-observed-call			Inherited responsibility/caller coverage plus named source chains; lexical signals are not vulnerability or all-file-body proof.
packages/testkit/conformance/ports/loader-smoke/workerd.mjs	testkit	test-code	0fa1fe506f8903b61029ddd102dd97f1920824a3af7f99ef04e23b19286dc328	testkit-loader-smoke	test-only-observed-call		admission,limits	Inherited responsibility/caller coverage plus named source chains; lexical signals are not vulnerability or all-file-body proof.
packages/testkit/conformance/ports/observations.mjs	testkit	test-code	8b8449cfdda125f9ec74d381894fabf199c1a1bcc6851f273a4ea451e2e56d4b	testkit-conformance-observers	test-only-observed-call		admission,limits	Inherited responsibility/caller coverage plus named source chains; lexical signals are not vulnerability or all-file-body proof.
packages/testkit/conformance/ports/transport-vectors.mjs	testkit	test-code	48a126755895aee7dca3c5dcb81450098dd9ac65866c3e6cf211b656108817cc	testkit-conformance-observers	test-only-observed-call		auth,privacy,limits	Inherited responsibility/caller coverage plus named source chains; lexical signals are not vulnerability or all-file-body proof.
packages/testkit/src/assertions/equal.ts	testkit	implementation	d12014e23815bf21c0df9f6323e3c217d26ac5b0a9b5cacad04411cb78db7496	testkit-runner	test-only-observed-call		admission	Inherited responsibility/caller coverage plus named source chains; lexical signals are not vulnerability or all-file-body proof.
packages/testkit/src/fixtures/accounts.ts	testkit	test-code	dc7fbff4e16d9d839618da8e8c7d44e4bfed6c4e30665e29178df2108becb84f	testkit-fixtures	test-only-observed-call		auth	Inherited responsibility/caller coverage plus named source chains; lexical signals are not vulnerability or all-file-body proof.
packages/testkit/src/fixtures/b2-delivery.ts	testkit	test-code	fa16bdda78f8f75c5c75942824da3f0800f483fd669bc1497a999e25b9d670d2	testkit-journey-fixtures	test-only-observed-call		privacy,admission,limits	Inherited responsibility/caller coverage plus named source chains; lexical signals are not vulnerability or all-file-body proof.
packages/testkit/src/fixtures/b2-revocation.ts	testkit	test-code	c4fb925c4d982205d822b3b6bb893677bfa9679a4608254a560e738ffaf9fa4d	testkit-journey-fixtures	test-only-observed-call		auth,privacy,limits	Inherited responsibility/caller coverage plus named source chains; lexical signals are not vulnerability or all-file-body proof.
packages/testkit/src/fixtures/b2-storage.ts	testkit	test-code	dd0f0578bf462394929746eb2cfbae20cfbdb73fcc8eeb1524bb10db3f84a8eb	testkit-journey-fixtures	test-only-observed-call		admission	Inherited responsibility/caller coverage plus named source chains; lexical signals are not vulnerability or all-file-body proof.
packages/testkit/src/fixtures/playback-worker.ts	testkit	test-code	9aaaabd548925d8cc6c707a1af438859613fa02d5c5178511b12d873e4ecd88b	testkit-playback	test-only-observed-call		admission	Inherited responsibility/caller coverage plus named source chains; lexical signals are not vulnerability or all-file-body proof.
packages/testkit/src/fixtures/playback.ts	testkit	test-code	2f0805a6c150aafb900c4d296e5cee5b3c97996c338a4339a70e83235166617d	testkit-playback	test-only-observed-call		auth,admission,limits	Inherited responsibility/caller coverage plus named source chains; lexical signals are not vulnerability or all-file-body proof.
packages/testkit/src/fixtures/recipes.ts	testkit	test-code	3744f19bb8b0667e2228e19ed2e6e88ab65f2f7fa4bf095484a3a0be5c4c0cb5	testkit-fixtures	test-only-observed-call		auth,admission	Inherited responsibility/caller coverage plus named source chains; lexical signals are not vulnerability or all-file-body proof.
packages/testkit/src/fixtures/seeds.ts	testkit	test-code	fddf70cd6f6c1a1a509b6bb5e6532d3e6323314bc826cccadcbca9c31ba49555	testkit-fixtures	test-only-observed-call		auth	Inherited responsibility/caller coverage plus named source chains; lexical signals are not vulnerability or all-file-body proof.
packages/testkit/src/index.ts	testkit	implementation	b4e4e93083bb5ca0032b2474222d6d5dc34aa94152c8c8c6e57ccc33fae93c95	testkit-public-surface	test-only-observed-call			Inherited responsibility/caller coverage plus named source chains; lexical signals are not vulnerability or all-file-body proof.
packages/testkit/src/reporting/report.ts	testkit	implementation	79cbbfce42ed673196b6f0d2b32d567a3d302e4b8104429119bfd52a6ae6bcd1	testkit-report	test-only-observed-call			Inherited responsibility/caller coverage plus named source chains; lexical signals are not vulnerability or all-file-body proof.
packages/testkit/src/runner/dispatch.ts	testkit	implementation	0582467fbaaf52bc8b5b6aedfdf35d609091ed50785ff05c5ce3340516d1e13f	testkit-runner	test-only-observed-call			Inherited responsibility/caller coverage plus named source chains; lexical signals are not vulnerability or all-file-body proof.
packages/testkit/src/runner/loader.ts	testkit	implementation	571912f1495932351ac116f4a40c42617076d9b16f15b29d4c9d26d7afd6efb0	testkit-runner	test-only-observed-call	root:ERX03	admission	Inherited responsibility/caller coverage plus named source chains; lexical signals are not vulnerability or all-file-body proof.
packages/testkit/src/runner/steps.ts	testkit	implementation	10a8355fc800383051f4ec80841681e0622c669a96f30050c2340fad92b45ec8	testkit-runner	test-only-observed-call		auth	Inherited responsibility/caller coverage plus named source chains; lexical signals are not vulnerability or all-file-body proof.
packages/testkit/src/runner/table.ts	testkit	implementation	b714b1150c8b0b9b32e641e4fb3bd2056b5d0c065948533827f001e4670f67dd	testkit-runner	test-only-observed-call		auth,privacy,admission	Inherited responsibility/caller coverage plus named source chains; lexical signals are not vulnerability or all-file-body proof.
packages/testkit/src/scopes/local.ts	testkit	implementation	3980344ee616cf90b8c2ebb387208946cfcd015a9e167e453f376b143d9ded40	testkit-local-scope	test-only-observed-call			Inherited responsibility/caller coverage plus named source chains; lexical signals are not vulnerability or all-file-body proof.
packages/ui/scripts/build-browser.mjs	ui	build-tooling	c0cb5e7e1ae2dfae3285813546ca613e3b84f7335fe0b453b25bb0cb3536ee0f	ui-build-assets	generated-staged		admission,limits	Inherited responsibility/caller coverage plus named source chains; lexical signals are not vulnerability or all-file-body proof.
packages/ui/src/appearance.ts	ui	implementation	ece7d62ee0cc16688c06cd9d32155c56c25d377b4540b9003eb80d169b94b95c	ui-component-renderers	conditional-production		privacy	Inherited responsibility/caller coverage plus named source chains; lexical signals are not vulnerability or all-file-body proof.
packages/ui/src/browser/bootstrap.ts	ui	implementation	fd2653db365a154785a2d8e8677b3213e41aff2d493d3d6346c7e103cf5f4fda	ui-browser-bootstrap	generated-staged		limits	Inherited responsibility/caller coverage plus named source chains; lexical signals are not vulnerability or all-file-body proof.
packages/ui/src/browser/export.ts	ui	implementation	9c85f8b85632ef10383eaffba1b0aea12c48302effc0a5d609c22a0c85070e63	ui-export-client	test-only-observed-call		auth,privacy,admission,limits	Inherited responsibility/caller coverage plus named source chains; lexical signals are not vulnerability or all-file-body proof.
packages/ui/src/browser/instrumentation.ts	ui	implementation	17c3f2325b9933220beedb44f7921ba765b67628693340f17473cb6d543e8b50	ui-error-client	test-only-observed-call	root:ERU03	auth,limits	Inherited responsibility/caller coverage plus named source chains; lexical signals are not vulnerability or all-file-body proof.
packages/ui/src/browser/polling.ts	ui	implementation	ad1128ee754ce52073bc539dcc508016751f6851dffcf1f2d78b50d6d17da88c	ui-browser-bootstrap	generated-staged		auth,limits	Inherited responsibility/caller coverage plus named source chains; lexical signals are not vulnerability or all-file-body proof.
packages/ui/src/browser/print.ts	ui	implementation	5568e1f1e1daf62bcf50de5332e6bc935171b51a8f5f21deffcf1192919f51e2	ui-print-client	test-only-observed-call		admission,limits	Inherited responsibility/caller coverage plus named source chains; lexical signals are not vulnerability or all-file-body proof.
packages/ui/src/browser/style.css	ui	asset	1f1129862e404bf44ac56378802c01b13f4786ece8f9f2b592133fcd4540e7fb	ui-browser-styles	generated-staged		auth,privacy,limits	Inherited responsibility/caller coverage plus named source chains; lexical signals are not vulnerability or all-file-body proof.
packages/ui/src/catalog.ts	ui	implementation	6fd37786692fdf2932aa5cd5e04a75156695e1db8f26f9677d22654392d1dc01	ui-catalog	conditional-production		auth,privacy,admission	Inherited responsibility/caller coverage plus named source chains; lexical signals are not vulnerability or all-file-body proof.
packages/ui/src/client.ts	ui	implementation	11a100466b0cb9d591d7ae8bfc0611ead3bb9396b20a75582406d992902ac6db	ui-form-client	test-only-observed-call		auth,privacy,admission,limits	Inherited responsibility/caller coverage plus named source chains; lexical signals are not vulnerability or all-file-body proof.
packages/ui/src/collections.ts	ui	implementation	c9568ffd924ba2ba842c776adb1cf75cbb5df7af73702d12fe3718d572bde3ab	ui-collections	conditional-production		auth,privacy,admission,limits	Inherited responsibility/caller coverage plus named source chains; lexical signals are not vulnerability or all-file-body proof.
packages/ui/src/components.ts	ui	implementation	aac65d11bf63110625f10ab3428186770a1954e2f3b992f08894b6bd435ecc7c	ui-component-renderers	conditional-production		auth	Inherited responsibility/caller coverage plus named source chains; lexical signals are not vulnerability or all-file-body proof.
packages/ui/src/controls.ts	ui	implementation	ddf2dc4c1a098bcbf2f2beb92e2df551ffc09843b84bafd7ffdc4d9bbd56ccd8	ui-component-renderers	conditional-production		auth,privacy,admission,limits	Inherited responsibility/caller coverage plus named source chains; lexical signals are not vulnerability or all-file-body proof.
packages/ui/src/csv/confirm.ts	ui	implementation	58b9c1bcb9ad935b57c50a038bed8d6c7448f1bc740798630fa6827696864d1e	ui-csv-client	test-only-observed-call		auth,privacy,admission,limits	Inherited responsibility/caller coverage plus named source chains; lexical signals are not vulnerability or all-file-body proof.
packages/ui/src/csv/grammar.ts	ui	implementation	436633fe44c678cb6fc3cb88e45c7ad98df695690005e8e7d3a8aec771557efc	ui-csv-grammar	conditional-production	root:ERU01	auth,limits	Inherited responsibility/caller coverage plus named source chains; lexical signals are not vulnerability or all-file-body proof.
packages/ui/src/csv/parse.ts	ui	implementation	fb90f43c82a24932e6ae0c0332dbe3b53cbfeaf9e00bac41daa79c830c352af9	ui-csv-client	test-only-observed-call		auth,privacy,admission,limits	Inherited responsibility/caller coverage plus named source chains; lexical signals are not vulnerability or all-file-body proof.
packages/ui/src/csv/preview.ts	ui	implementation	87c9f661f0b0df1830892981b103b2e43098053a89b41afe97eadd07434719e7	ui-csv-client	test-only-observed-call	root:ERU02	auth,privacy,admission,limits	Inherited responsibility/caller coverage plus named source chains; lexical signals are not vulnerability or all-file-body proof.
packages/ui/src/distribution.ts	ui	implementation	e8c9fc9c6c413a64fcbc088d69661c4dcce0b68286c1acadc1e36aa8e3f33194	ui-distribution	generated-staged			Inherited responsibility/caller coverage plus named source chains; lexical signals are not vulnerability or all-file-body proof.
packages/ui/src/escape.ts	ui	implementation	6408018844f663e1d644821c9884a9089ba26cad38b170d2d751ced4dc71b65c	ui-escaping	conditional-production	root:ERU02		Inherited responsibility/caller coverage plus named source chains; lexical signals are not vulnerability or all-file-body proof.
packages/ui/src/forms.ts	ui	implementation	8c4e1890c0d7a52bf6e91be83b26f2d40f675bed8bfab222797f19eaf4b67f71	ui-forms-projection,ui-forms-render	conditional-production		auth,privacy,admission,limits	Inherited responsibility/caller coverage plus named source chains; lexical signals are not vulnerability or all-file-body proof.
packages/ui/src/groups.ts	ui	implementation	a9c4b976518a73c5905480ab86352b02f794db161335c0129f47dde1b3ea5e0f	ui-component-renderers	conditional-production		auth,privacy	Inherited responsibility/caller coverage plus named source chains; lexical signals are not vulnerability or all-file-body proof.
packages/ui/src/htmx.ts	ui	implementation	7b5378a412be129b256b234dca1bd87b086f73397dd2e80c5229d05223c4419f	ui-htmx	conditional-production		auth,limits	Inherited responsibility/caller coverage plus named source chains; lexical signals are not vulnerability or all-file-body proof.
packages/ui/src/index.ts	ui	implementation	e84a76c8b9585f03d5c87288a8d0e6d2ce2418146c65759e14e9c8be33e50369	ui-public-surface	conditional-production			Inherited responsibility/caller coverage plus named source chains; lexical signals are not vulnerability or all-file-body proof.
packages/ui/src/leaves.ts	ui	implementation	7b6adec794d80689be67a03993632d8ef9fa107b266ae613c3f8bc58d5051e4e	ui-component-renderers	conditional-production		auth,privacy	Inherited responsibility/caller coverage plus named source chains; lexical signals are not vulnerability or all-file-body proof.
packages/ui/src/media.ts	ui	implementation	22de7f0408016471ec6d84ca62498a59c2ee7e6732a5ff866321008fa1f43a52	ui-component-renderers	conditional-production		auth,privacy,limits	Inherited responsibility/caller coverage plus named source chains; lexical signals are not vulnerability or all-file-body proof.
packages/ui/src/messages.ts	ui	implementation	d731b8a2b2cd57d03be0a8f3b12c55e48cdcac498eb167b5f2a0707e360eeac5	ui-message	conditional-production			Inherited responsibility/caller coverage plus named source chains; lexical signals are not vulnerability or all-file-body proof.
packages/ui/src/navigation.ts	ui	implementation	b361c673d0cef45297673394e08679f8f55d5458bbff2a0847f5f40ed244e869	ui-shell	conditional-production		auth,privacy,admission	Inherited responsibility/caller coverage plus named source chains; lexical signals are not vulnerability or all-file-body proof.
packages/ui/src/overlays.ts	ui	implementation	125ddc7c0d491a9056b55db5e4fd8d14dbd69e156b995f5fb3d3d9769ade4b4c	ui-component-renderers	conditional-production		auth,privacy	Inherited responsibility/caller coverage plus named source chains; lexical signals are not vulnerability or all-file-body proof.
packages/ui/src/panels.ts	ui	implementation	3d8bd4461930b48e326ec2f733f7d95acb5e01b52dc3a4fe8097e51fbdd7838e	ui-component-renderers	conditional-production		auth,privacy,admission	Inherited responsibility/caller coverage plus named source chains; lexical signals are not vulnerability or all-file-body proof.
packages/ui/src/policyPage.ts	ui	implementation	1cc2f7ee2fe273154cb2fc637ac841e23e6e63053b258f67b822cd2b1c10e1e7	ui-policy-review	conditional-production		auth,privacy,admission	Inherited responsibility/caller coverage plus named source chains; lexical signals are not vulnerability or all-file-body proof.
packages/ui/src/review.ts	ui	implementation	b01e6fa2923dae76cbd4e743b9618d891cfd07dc79060e77bec2c04d381bcfea	ui-policy-review	conditional-production		privacy	Inherited responsibility/caller coverage plus named source chains; lexical signals are not vulnerability or all-file-body proof.
packages/ui/src/settings.ts	ui	implementation	f82458311f13871649ff392368efb17fc85c17250eede1153450b5f509b8136f	ui-settings	test-only-observed-call		auth,privacy,admission	Inherited responsibility/caller coverage plus named source chains; lexical signals are not vulnerability or all-file-body proof.
packages/ui/src/shell.ts	ui	implementation	9a123b4ca0affe2503045fd8d6e16f415c5c7beaa0588b334276dc8a751f8f30	ui-shell	conditional-production		auth,privacy,admission	Inherited responsibility/caller coverage plus named source chains; lexical signals are not vulnerability or all-file-body proof.
packages/ui/themes.css	ui	asset	680544edee41636d66e353706c107fe6b6b7c684e21fe968c6781031820d440f	ui-build-assets	generated-staged		privacy,limits	Inherited responsibility/caller coverage plus named source chains; lexical signals are not vulnerability or all-file-body proof.
packages/values/Cargo.lock	values	metadata	653260b64e40898068cfed2728bb348d26284fe5af983ab3bf38d9d2aa57ebbe	values-semantic-build	conditional-production			Inherited responsibility/caller coverage plus named source chains; lexical signals are not vulnerability or all-file-body proof.
packages/values/Cargo.toml	values	metadata	083c91d33d9cf5c36b0c61e0e8f86b80bf1208bcf3202d681a77a52939e6efee	values-semantic-build	conditional-production			Inherited responsibility/caller coverage plus named source chains; lexical signals are not vulnerability or all-file-body proof.
packages/values/bindings/Cargo.toml	values	metadata	1da63f3a022cc9f7b1ff4d4255a49f7da8ddac5b8d6196b608be262bdd224450	values-semantic-build	conditional-production		admission	Inherited responsibility/caller coverage plus named source chains; lexical signals are not vulnerability or all-file-body proof.
packages/values/bindings/backend.ts	values	implementation	bf1263532c90d0cdf64da032dd20040952682fb1f5f00c4a2daefa1f7f4304a3	values-backend-ts,values-backend-wasm	conditional-production,test-only-observed-call		admission	Inherited responsibility/caller coverage plus named source chains; lexical signals are not vulnerability or all-file-body proof.
packages/values/bindings/bootstrap.ts	values	implementation	39f2b698fd3b131451b2153adc2ab8050dc6cc0939814450b0e1161493796b5c	values-bootstrap	conditional-production		limits	Inherited responsibility/caller coverage plus named source chains; lexical signals are not vulnerability or all-file-body proof.
packages/values/bindings/carriers.ts	values	implementation	657f643c92fefe1d4303f609748860ed7c496544093fb57e5ea9fd7063fca3d0	values-backend-wasm	conditional-production	root:ERV02	admission	Inherited responsibility/caller coverage plus named source chains; lexical signals are not vulnerability or all-file-body proof.
packages/values/bindings/generated/BUILD.json	values	generated	9b8f162a8906180e83e7f2faa6a148bafc4a4a040af89400fdf1a4b8cd80b161	values-generated-binding	generated-staged		admission,limits	Inherited responsibility/caller coverage plus named source chains; lexical signals are not vulnerability or all-file-body proof.
packages/values/bindings/generated/values_semantics.d.ts	values	generated	b4fcaa531c8b9d9c0277854fb12e4b484194c7fda8e3cc55d563b9286d4f6848	values-generated-binding	generated-staged		admission,limits	Inherited responsibility/caller coverage plus named source chains; lexical signals are not vulnerability or all-file-body proof.
packages/values/bindings/generated/values_semantics.js	values	generated	f369c7d79e367a15f1bdb12a7a5401dd4efc4648a8021845d2e613bf66d9b1f0	values-generated-binding	generated-staged		admission,limits	Inherited responsibility/caller coverage plus named source chains; lexical signals are not vulnerability or all-file-body proof.
packages/values/bindings/generated/values_semantics_bg.wasm	values	generated	f5870905f915ae63e267ad917a44940bdb851e9434168974e8787a6cebca5c81	values-generated-binding	generated-staged		admission,limits	Inherited responsibility/caller coverage plus named source chains; lexical signals are not vulnerability or all-file-body proof.
packages/values/bindings/generated/values_semantics_bg.wasm.d.ts	values	generated	9ac2938ac3d66379be0cf16f70c1d889be8c06b0e15e634407b94e2770fc7932	values-generated-binding	generated-staged		limits	Inherited responsibility/caller coverage plus named source chains; lexical signals are not vulnerability or all-file-body proof.
packages/values/bindings/owned-input.ts	values	implementation	a39c26c6e3b4a397a5be6d360e628e61c32edb02b758d902b121e2a608816139	values-owned-input	test-only-observed-call	root:ERV01	privacy,admission,limits	Inherited responsibility/caller coverage plus named source chains; lexical signals are not vulnerability or all-file-body proof.
packages/values/bindings/plans.ts	values	implementation	a611f1dbb44c14afc5a213b5ee664db486c83676fccf83a0344043d1464d4274	values-native-plan-handles	test-only-observed-call		admission	Inherited responsibility/caller coverage plus named source chains; lexical signals are not vulnerability or all-file-body proof.
packages/values/bindings/src/exact.rs	values	implementation	179c5201b342eb7578d18795b0d1935023b22820174477aef0ffe9c66318a423	values-rust-abi	conditional-production			Inherited responsibility/caller coverage plus named source chains; lexical signals are not vulnerability or all-file-body proof.
packages/values/bindings/src/lib.rs	values	implementation	3b1f7fefefd13438a04afa5b288600c590fba65e14dc8961f2fcff999e830ca6	values-rust-abi	conditional-production			Inherited responsibility/caller coverage plus named source chains; lexical signals are not vulnerability or all-file-body proof.
packages/values/bindings/src/validation.rs	values	implementation	74cc0b5d9ab028d3a859534cee5d1288f7a3e0b9ff8ca43fa7e9b95fdca62eff	values-rust-abi	conditional-production			Inherited responsibility/caller coverage plus named source chains; lexical signals are not vulnerability or all-file-body proof.
packages/values/bindings/validation.ts	values	implementation	604bb55a4e60ea58b3d8c9cc8657b9a0256f7f45ebf9ce64256c2f55df44820f	values-structural-host	test-only-observed-call			Inherited responsibility/caller coverage plus named source chains; lexical signals are not vulnerability or all-file-body proof.
packages/values/conformance/v1/values.json	values	fixture-data	7b352f68235ce03c834b44f5cf0345e362ff43140280b77db6c42a269af52b37	values-packaging	production-observed-source		privacy,admission,limits	Inherited responsibility/caller coverage plus named source chains; lexical signals are not vulnerability or all-file-body proof.
packages/values/package.json	values	metadata	e542125300e2ee229f96bd37cc66af50c8982e588c26c9ba6cf363640688618f	values-packaging	production-observed-source			Inherited responsibility/caller coverage plus named source chains; lexical signals are not vulnerability or all-file-body proof.
packages/values/scripts/build-semantics.mjs	values	build-tooling	d458ab84db7ef0c97945bd361d4ad961d52e947af546fd2c1bbb84644f5a9a71	values-semantic-build	conditional-production		admission,limits	Inherited responsibility/caller coverage plus named source chains; lexical signals are not vulnerability or all-file-body proof.
packages/values/scripts/emit-catalog.mjs	values	build-tooling	45c5d3d3be91e85574949939a55e19b06de1e8a5d6f3c1025f3edf07d87b221d	values-catalog	production-observed-source		auth,admission	Inherited responsibility/caller coverage plus named source chains; lexical signals are not vulnerability or all-file-body proof.
packages/values/scripts/emit-semantics-inputs.mjs	values	build-tooling	209f2de86240cca25a238bb87e4419e41d60674fdcf19c15ea03bdb95db253f8	values-currency-generation	generated-staged		admission	Inherited responsibility/caller coverage plus named source chains; lexical signals are not vulnerability or all-file-body proof.
packages/values/scripts/stage-semantics.mjs	values	build-tooling	7103d8d25dd579eef418420a427d1acb8ab444aceeaf24cc4f0a1d3f41c486a8	values-semantic-staging	production-observed-source		admission,limits	Inherited responsibility/caller coverage plus named source chains; lexical signals are not vulnerability or all-file-body proof.
packages/values/semantics/Cargo.toml	values	metadata	288e98e5ff913d884cb0c298afab590ff3b71b8c140ae38ab9134f03c4ed9a6a	values-semantic-build	conditional-production		admission	Inherited responsibility/caller coverage plus named source chains; lexical signals are not vulnerability or all-file-body proof.
packages/values/semantics/currency-facts.json	values	generated	cea5c560989f960835332fd5e21d47ea0816e39a86b9113ae9f0bf840bd5bcf3	values-currency-generation	generated-staged			Inherited responsibility/caller coverage plus named source chains; lexical signals are not vulnerability or all-file-body proof.
packages/values/semantics/src/aggregates/decimal.rs	values	implementation	5bb363c93fd640aa16b64ab83520169dee7d2e4d548275f54b0d8fc03c717313	values-rust-aggregates	conditional-production			Inherited responsibility/caller coverage plus named source chains; lexical signals are not vulnerability or all-file-body proof.
packages/values/semantics/src/aggregates/integer.rs	values	implementation	fd7feb03a1148a4912dcf40e049b7428aaa3a828e072a2d3564485b1834c148c	values-rust-aggregates	conditional-production			Inherited responsibility/caller coverage plus named source chains; lexical signals are not vulnerability or all-file-body proof.
packages/values/semantics/src/aggregates/mod.rs	values	implementation	561bee0d2993130b272568ea1b51e41700d8f99a08745c2ec0049c2fde169c9c	values-rust-aggregates	conditional-production			Inherited responsibility/caller coverage plus named source chains; lexical signals are not vulnerability or all-file-body proof.
packages/values/semantics/src/aggregates/money.rs	values	implementation	60736655950fabdc910bb145118ca4e185880074ddf2b18dec0525400532cb0e	values-rust-aggregates	conditional-production		admission	Inherited responsibility/caller coverage plus named source chains; lexical signals are not vulnerability or all-file-body proof.
packages/values/semantics/src/aggregates/numeric.rs	values	implementation	a26631e1b77338b20c44ee20ec61265be433f81ad0c9220d5d7376f11e0559b4	values-rust-aggregates	conditional-production			Inherited responsibility/caller coverage plus named source chains; lexical signals are not vulnerability or all-file-body proof.
packages/values/semantics/src/codecs/mod.rs	values	implementation	4c8b202d2524e440fc9979aa01245da7adbdfbabc24506e8ed75a84e1ceacf20	values-rust-codecs	conditional-production			Inherited responsibility/caller coverage plus named source chains; lexical signals are not vulnerability or all-file-body proof.
packages/values/semantics/src/codecs/numeric.rs	values	implementation	6f06587f264ae4365739c7fbbbb9e2fe9e3b4319c5cc6fc71e056594dc740217	values-rust-codecs	conditional-production		admission,limits	Inherited responsibility/caller coverage plus named source chains; lexical signals are not vulnerability or all-file-body proof.
packages/values/semantics/src/currency_facts.rs	values	generated	48e84ddf56c44e698e5d382e68736877b32c3773c56b8421ebe3b8893ed40c3f	values-currency-generation	generated-staged			Inherited responsibility/caller coverage plus named source chains; lexical signals are not vulnerability or all-file-body proof.
packages/values/semantics/src/failures.rs	values	implementation	28dca38a0670f354a25e5a9ab6e531c216f161c929413adc9c7276cddb51fc07	values-rust-failures	conditional-production		limits	Inherited responsibility/caller coverage plus named source chains; lexical signals are not vulnerability or all-file-body proof.
packages/values/semantics/src/input.rs	values	implementation	120a0a4aa36f2944b5cc14e70e690ad38d981fa072dad841795a89fec9903b1b	values-rust-arena	prototype-unadopted	root:ERV03	admission,limits	Inherited responsibility/caller coverage plus named source chains; lexical signals are not vulnerability or all-file-body proof.
packages/values/semantics/src/lib.rs	values	implementation	63a800b7809ddc932331343e17cae24ad2eb18ea5f4a2a44d70e81bceb6275de	values-rust-abi	conditional-production			Inherited responsibility/caller coverage plus named source chains; lexical signals are not vulnerability or all-file-body proof.
packages/values/semantics/src/numeric/decimal.rs	values	implementation	53040e3de46f5e17d8c5025928bdb3ef2047e88d6fd488821686dcfbd026ade6	values-rust-numeric	conditional-production		auth,limits	Inherited responsibility/caller coverage plus named source chains; lexical signals are not vulnerability or all-file-body proof.
packages/values/semantics/src/numeric/integer.rs	values	implementation	9f9c5c5deee443593d126dfdf03a8b7f00d1ce01b52becbe08f872242c0962ae	values-rust-numeric	conditional-production			Inherited responsibility/caller coverage plus named source chains; lexical signals are not vulnerability or all-file-body proof.
packages/values/semantics/src/numeric/mod.rs	values	implementation	93ea4c83e9d8abae1d96bb4e4b2c93930f81c542893152705b9933845e0cae92	values-rust-numeric	conditional-production			Inherited responsibility/caller coverage plus named source chains; lexical signals are not vulnerability or all-file-body proof.
packages/values/semantics/src/numeric/money.rs	values	implementation	5ab02d498fcc7031c079f5af884cbe2e5d3c2e7810127f012d928bb8c0516dad	values-rust-numeric	conditional-production		auth	Inherited responsibility/caller coverage plus named source chains; lexical signals are not vulnerability or all-file-body proof.
packages/values/semantics/src/numeric/rounding.rs	values	implementation	a224bb2805d8192a2a26b5452284a708ee3c2a8a04bc6076f9611d2d200533cd	values-rust-numeric	conditional-production			Inherited responsibility/caller coverage plus named source chains; lexical signals are not vulnerability or all-file-body proof.
packages/values/semantics/src/plans.rs	values	implementation	a273a9ae85ffb1492f3780713774a01722f2b9cd0db2740ffe5e81f10ded4a7c	values-rust-plans	prototype-unadopted		privacy,admission	Inherited responsibility/caller coverage plus named source chains; lexical signals are not vulnerability or all-file-body proof.
packages/values/semantics/src/profiles.rs	values	implementation	6f98f6f6d90be53ad32ac539331a9e421e5743c0db8bc0e7253f28e1191db625	values-rust-profile	prototype-unadopted	root:ERV03	privacy,admission,limits	Inherited responsibility/caller coverage plus named source chains; lexical signals are not vulnerability or all-file-body proof.
packages/values/semantics/src/representations/mod.rs	values	implementation	fce7ed1dc892ccd4c8377b6c69fdfb19d6901793709da60a833cc27b6314b830	values-rust-representations	conditional-production			Inherited responsibility/caller coverage plus named source chains; lexical signals are not vulnerability or all-file-body proof.
packages/values/semantics/src/representations/numeric.rs	values	implementation	c012805095152f62168db2b00fa6c7a2ebc741f526f2e68a004bcfe3d149f13c	values-rust-representations	conditional-production		auth,limits	Inherited responsibility/caller coverage plus named source chains; lexical signals are not vulnerability or all-file-body proof.
packages/values/semantics/src/temporal/civil.rs	values	implementation	b2d0314f8255e64c64360de880992963818c59affe6ad866360af1f3eca9241d	values-rust-temporal	conditional-production		admission,limits	Inherited responsibility/caller coverage plus named source chains; lexical signals are not vulnerability or all-file-body proof.
packages/values/semantics/src/temporal/duration.rs	values	implementation	b60a0dcce415800705d5220454c6eed3ac43f19bf681f9bf2d1f82ceb08e2e39	values-rust-temporal	conditional-production			Inherited responsibility/caller coverage plus named source chains; lexical signals are not vulnerability or all-file-body proof.
packages/values/semantics/src/temporal/instant.rs	values	implementation	96125d312a877c10d1547dcf9731b4481ffc9b70f0d9733a1c10e946b890f61c	values-rust-temporal	conditional-production		limits	Inherited responsibility/caller coverage plus named source chains; lexical signals are not vulnerability or all-file-body proof.
packages/values/semantics/src/temporal/mod.rs	values	implementation	08df69e5fb8c6a9a9d3c6a2d655648da3d3d9ad1e5a72bbf74a9c81f4c6ead28	values-rust-temporal	conditional-production			Inherited responsibility/caller coverage plus named source chains; lexical signals are not vulnerability or all-file-body proof.
packages/values/semantics/src/transport/exact.rs	values	implementation	7c2f5600bf4c72b5ccfef82500113e28f1fc3131a0f818dff8e205b802142817	values-rust-transport	conditional-production	root:ERV02	admission,limits	Inherited responsibility/caller coverage plus named source chains; lexical signals are not vulnerability or all-file-body proof.
packages/values/semantics/src/transport/mod.rs	values	implementation	fb7a358c36dd919ccba66c2a290c1e7ea6af0e50dbfe64353daae13cde3c10f6	values-rust-transport	conditional-production			Inherited responsibility/caller coverage plus named source chains; lexical signals are not vulnerability or all-file-body proof.
packages/values/src/array.ts	values	implementation	bb40eb50b65fef0d7313b8a6f39d82f8c01f659b11c5598fe79a37e217d690f4	values-array-aggregates,values-array-predicates,values-array-shape	production-observed-source,public-api-no-observed-in-repo-call		admission,limits	Inherited responsibility/caller coverage plus named source chains; lexical signals are not vulnerability or all-file-body proof.
packages/values/src/catalog.ts	values	implementation	443ec55fb59c161a2984850d058f39925e930591b194bd85090776b8557098eb	values-catalog	production-observed-source		auth,privacy,admission,limits	Inherited responsibility/caller coverage plus named source chains; lexical signals are not vulnerability or all-file-body proof.
packages/values/src/currency-data.ts	values	runtime-data	a2e9aae51760cf23a76f3bd73a3caea3dfa2bc5d76b69020baf84c2f7f008c48	values-money	production-observed-source			Inherited responsibility/caller coverage plus named source chains; lexical signals are not vulnerability or all-file-body proof.
packages/values/src/decimal.ts	values	implementation	e4056e2849f928106b36f534ee72f3416fed9550c19da914dc9e02d4c14f592e	values-decimal-arithmetic,values-decimal-representation	production-observed-source		admission,limits	Inherited responsibility/caller coverage plus named source chains; lexical signals are not vulnerability or all-file-body proof.
packages/values/src/distribution.ts	values	implementation	d42f490fe465f366cef6be65adc2514bcf6e7a0e3ff6c5a3bc85cb03cdae94fb	values-distribution	production-observed-source			Inherited responsibility/caller coverage plus named source chains; lexical signals are not vulnerability or all-file-body proof.
packages/values/src/equality.ts	values	implementation	3903807b4dc38bc5777e7a2758bc351041820d20bd500bb0100dfe411943fafb	values-equality	production-observed-source		auth,privacy,limits	Inherited responsibility/caller coverage plus named source chains; lexical signals are not vulnerability or all-file-body proof.
packages/values/src/errors.ts	values	implementation	a9a518f181e92d3b69be7ef8bb36d7e1001e276849a5ff9e976eef81fee569e8	values-errors	production-observed-source		limits	Inherited responsibility/caller coverage plus named source chains; lexical signals are not vulnerability or all-file-body proof.
packages/values/src/icu.ts	values	implementation	07a1cfc94cf0a0a338cf1a7307648db211479a9da0a3b4cae7d5d99030a9b70e	values-icu-descriptors,values-icu-render	production-observed-source		auth,admission,limits	Inherited responsibility/caller coverage plus named source chains; lexical signals are not vulnerability or all-file-body proof.
packages/values/src/index.ts	values	implementation	d92ac7192a8739ddbfaf32ccc64e0aeba7fb30726e7bf40d7e81eb9a239d61c4	values-export-assembly	production-observed-source			Inherited responsibility/caller coverage plus named source chains; lexical signals are not vulnerability or all-file-body proof.
packages/values/src/int.ts	values	implementation	e85ea2cf5d6dc70793ed1347676b935f07c9650747eaf4a5006ea0adbf3e496d	values-int	production-observed-source			Inherited responsibility/caller coverage plus named source chains; lexical signals are not vulnerability or all-file-body proof.
packages/values/src/internal/schema-core.ts	values	implementation	a8b147e6c4c63f3bd9cc0d1c55a2fad582effaf2d18dde4394c0d30345963792	values-schema-normalization,values-schema-operation,values-schema-validation	test-only-observed-call		auth,admission	Inherited responsibility/caller coverage plus named source chains; lexical signals are not vulnerability or all-file-body proof.
packages/values/src/internal/wire-core.ts	values	implementation	2c940525ff289d3154dca0db754f99eca480c67992e8e180aee2a97ddddec059	values-wire-decode,values-wire-encode	production-observed-source	root:ERV04	auth,privacy,admission,limits	Inherited responsibility/caller coverage plus named source chains; lexical signals are not vulnerability or all-file-body proof.
packages/values/src/kinds.ts	values	implementation	35cf9ba2ccadb5157d66423530af9c9eca9def2d74df3b43dd0d318d5427b0e7	values-kind-references,values-kind-scalars	production-observed-source		auth	Inherited responsibility/caller coverage plus named source chains; lexical signals are not vulnerability or all-file-body proof.
packages/values/src/locale.ts	values	implementation	fa3e48d0b786eeb787353a83be37b750c274eadb092b9aa8616fcf0cf00c288e	values-locale	production-observed-source		auth	Inherited responsibility/caller coverage plus named source chains; lexical signals are not vulnerability or all-file-body proof.
packages/values/src/money.ts	values	implementation	ba36dc577c4e13a88366e56acb6127c2635dbb91d968655d3913e3decf8e7824	values-money	production-observed-source		auth	Inherited responsibility/caller coverage plus named source chains; lexical signals are not vulnerability or all-file-body proof.
packages/values/src/prepared/codec.ts	values	implementation	57c424874fab4ec899a2ebc3306c53fc123a70167a97859b352398c7ca52a56e	values-prepared-codec	test-only-observed-call		privacy,admission,limits	Inherited responsibility/caller coverage plus named source chains; lexical signals are not vulnerability or all-file-body proof.
packages/values/src/prepared/plan.ts	values	implementation	31cc0a8a09774f5a6754372700b41269cd3df73de4171574053fbab661faa0d4	values-prepared-plan	prototype-unadopted		auth,privacy,admission,limits	Inherited responsibility/caller coverage plus named source chains; lexical signals are not vulnerability or all-file-body proof.
packages/values/src/prepared/validation.ts	values	implementation	3faa71c0be5d2e0c9fc61678761dcb2d8fad564f5dd0e4485a2b14ea91120e36	values-prepared-trace,values-prepared-validation	test-only-observed-call		admission,limits	Inherited responsibility/caller coverage plus named source chains; lexical signals are not vulnerability or all-file-body proof.
packages/values/src/schema.ts	values	implementation	2de2fddbc23f38b9347054ba0de2be709fca3028fd29f46ee144272d2e57cd9b	values-schema-facade	test-only-observed-call		admission	Inherited responsibility/caller coverage plus named source chains; lexical signals are not vulnerability or all-file-body proof.
packages/values/src/stdlib-pure.ts	values	implementation	9bc0c180f1468efbcb1a054c2a23c587e7fef3e3b1fc33abd750d96e74652eff	values-array-aggregates,values-stdlib-dispatch,values-url-action-invocation	conditional-production,production-observed-source,public-api-no-observed-in-repo-call		auth,privacy,admission,limits	Inherited responsibility/caller coverage plus named source chains; lexical signals are not vulnerability or all-file-body proof.
packages/values/src/temporal.ts	values	implementation	53619b5bc448c4c32b2980643c8eccf36bf43bc34d8a26e70fd39adc2e83d35e	values-temporal-civil,values-temporal-duration	production-observed-source		admission,limits	Inherited responsibility/caller coverage plus named source chains; lexical signals are not vulnerability or all-file-body proof.
packages/values/src/text.ts	values	implementation	64e39e7522af1b301c964337addbb61cf199192b1aa340c3a0ce308c322510e1	values-text	production-observed-source			Inherited responsibility/caller coverage plus named source chains; lexical signals are not vulnerability or all-file-body proof.
packages/values/src/timezone.ts	values	implementation	fb3946b521ceadcb5639118aa62862f073e62362220e425e917c250bb271427d	values-timezone	production-observed-source		auth	Inherited responsibility/caller coverage plus named source chains; lexical signals are not vulnerability or all-file-body proof.
packages/values/src/types.ts	values	implementation	58eaa879279ed42da2379a480d6a9cfc16780fc93e3986778fcb4651c4a4cd9a	values-types	production-observed-source		auth,privacy,admission	Inherited responsibility/caller coverage plus named source chains; lexical signals are not vulnerability or all-file-body proof.
packages/values/src/wire.ts	values	implementation	0313cb7b43eecd4b61470ff279a18627e0e7c2abd239fe200497144afb86e842	values-wire-facade	production-observed-source		admission	Inherited responsibility/caller coverage plus named source chains; lexical signals are not vulnerability or all-file-body proof.
packages/values/tsconfig.json	values	metadata	ec1f36490ca95056639fee4dbc7d6240e5d8370fd2bded3eb3547770ff95722e	values-packaging	production-observed-source			Inherited responsibility/caller coverage plus named source chains; lexical signals are not vulnerability or all-file-body proof.
packages/work-kernel/bindings/host-values.ts	work-kernel	implementation	2a37bcc479bf53ec0a6e0f68a1a8fb6b14fd6a05217abcd93c1dcf51a4da3b26	K-host	prototype-unadopted		privacy,admission	Inherited responsibility/caller coverage plus named source chains; lexical signals are not vulnerability or all-file-body proof.
packages/work-kernel/decisions/every.rs	work-kernel	implementation	9d25cc9b22d28fe2e8c6cd31b18d5605649d15f4c1b70d46ab6860caf79def23	K-native	prototype-unadopted		auth,admission,limits	Inherited responsibility/caller coverage plus named source chains; lexical signals are not vulnerability or all-file-body proof.
packages/work-kernel/decisions/lib.rs	work-kernel	implementation	712d5421c60a117a0ca36c27a7f6e466cb5932f54ad52ff1560d81766bd64509	K-native	prototype-unadopted	state-work:ESW24	auth,admission	Inherited responsibility/caller coverage plus named source chains; lexical signals are not vulnerability or all-file-body proof.
packages/work-kernel/decisions/lifecycle.rs	work-kernel	implementation	70af017dd928e49f0528a6a2a88df913c6ff3f3c8dcb47294b2781953c9f1342	K-native	prototype-unadopted		auth,admission,limits	Inherited responsibility/caller coverage plus named source chains; lexical signals are not vulnerability or all-file-body proof.
packages/work-kernel/decisions/linkage.rs	work-kernel	implementation	2b88e65cd8f0183629bdf00e2ad97a0b6930e03b0bc3d546e6a367de813ab94c	K-native	prototype-unadopted		privacy,admission,limits	Inherited responsibility/caller coverage plus named source chains; lexical signals are not vulnerability or all-file-body proof.
packages/work-kernel/decisions/numeric_text.rs	work-kernel	implementation	e7b2326766bd664c5e50edf882ecbf4027558a503dfb000ab3ea5890867a9c00	K-native	prototype-unadopted		privacy	Inherited responsibility/caller coverage plus named source chains; lexical signals are not vulnerability or all-file-body proof.
packages/work-kernel/decisions/receipt.rs	work-kernel	implementation	2f2b048b40913632954ce74e2a27e785cb9a6968796fc6d155bda9b9dccf222d	K-native	prototype-unadopted		auth,privacy,admission,limits	Inherited responsibility/caller coverage plus named source chains; lexical signals are not vulnerability or all-file-body proof.
packages/work-kernel/decisions/recovery.rs	work-kernel	implementation	8b9c7de1e678c8da1bf34181da1c3acea4eded6e4cb01ef57ed20c2e23249068	K-native	prototype-unadopted		auth,admission,limits	Inherited responsibility/caller coverage plus named source chains; lexical signals are not vulnerability or all-file-body proof.
packages/work-kernel/decisions/retry.rs	work-kernel	implementation	f2d2ee809e2fa112a67de4c699361e214b49885a9b24a02849df80c1903c11cb	K-native	prototype-unadopted		auth,admission,limits	Inherited responsibility/caller coverage plus named source chains; lexical signals are not vulnerability or all-file-body proof.
packages/work-kernel/decisions/rows.rs	work-kernel	implementation	b2e4420da4e98bb575f23eef2033985d5f18ed1c3b2a41c442cd98a461770c13	K-native	prototype-unadopted		auth,privacy,admission,limits	Inherited responsibility/caller coverage plus named source chains; lexical signals are not vulnerability or all-file-body proof.
packages/work-kernel/rust/lib.rs	work-kernel	implementation	46a4c32e6615c9b0cbe7758461fd71f72a790af2c71a0fb11de08e054abb681d	K-native	prototype-unadopted		admission	Inherited responsibility/caller coverage plus named source chains; lexical signals are not vulnerability or all-file-body proof.
packages/work-kernel/src/distribution.ts	work-kernel	implementation	b80bc671dc80c3fbaa1c86dcd920f2347620603d4a18ad012aff5a8d19aae1ee	K-surface	type-contract			Inherited responsibility/caller coverage plus named source chains; lexical signals are not vulnerability or all-file-body proof.
packages/work-kernel/src/every.ts	work-kernel	implementation	1996c7e3e1ca693024df3a07033f7248b0cb8afdeb0b17e4826c3b45589ee3dd	K-ts-every	prototype-unadopted		admission,limits	Inherited responsibility/caller coverage plus named source chains; lexical signals are not vulnerability or all-file-body proof.
packages/work-kernel/src/facts.ts	work-kernel	implementation	d10518896028ef5243d066fab4938fcb3657b0b85a90feea680a9dfdaeb6c61a	K-facts	prototype-unadopted	state-work:ESW24	auth,privacy,admission	Inherited responsibility/caller coverage plus named source chains; lexical signals are not vulnerability or all-file-body proof.
packages/work-kernel/src/index.ts	work-kernel	implementation	19d90ce21117e04456f95e44d5d51f7303fd9b17cbf236813b673173eedc4c49	K-surface	type-contract	state-work:ESW24		Inherited responsibility/caller coverage plus named source chains; lexical signals are not vulnerability or all-file-body proof.
packages/work-kernel/src/lifecycle.ts	work-kernel	implementation	9262f69b01c7c0b4d00b7968439bc25dd4c05426008e9362836161d13c82d71c	K-ts-lifecycle	prototype-unadopted		admission,limits	Inherited responsibility/caller coverage plus named source chains; lexical signals are not vulnerability or all-file-body proof.
packages/work-kernel/src/linkage.ts	work-kernel	implementation	ecc6c6cee42a14e7b012ef47875553d51207902d2498b0adef935a8555a047d4	K-ts-linkage	prototype-unadopted		admission	Inherited responsibility/caller coverage plus named source chains; lexical signals are not vulnerability or all-file-body proof.
packages/work-kernel/src/receipt.ts	work-kernel	implementation	3442bd7a14dab43caa296e03c3575e777856d5003f8365a1cd1c9fe0eb027a4f	K-ts-receipt	prototype-unadopted		auth,privacy,admission	Inherited responsibility/caller coverage plus named source chains; lexical signals are not vulnerability or all-file-body proof.
packages/work-kernel/src/recovery.ts	work-kernel	implementation	c65cda6a6898cbfff2f0df57f2e1a67c312da6f4123b4c364a482b5f417d0cf6	K-ts-recovery	prototype-unadopted		auth,admission,limits	Inherited responsibility/caller coverage plus named source chains; lexical signals are not vulnerability or all-file-body proof.
packages/work-kernel/src/retry.ts	work-kernel	implementation	2f95964c9e809ff62b628733e1c9c89c89d65df82ef5f633ca2f86b5896044e4	K-ts-retry	prototype-unadopted		auth,admission	Inherited responsibility/caller coverage plus named source chains; lexical signals are not vulnerability or all-file-body proof.
packages/work-kernel/src/rows.ts	work-kernel	implementation	5267d759fcb0f17cae6cd9ea864783cc16e793fe0ac6658f4e0d1dbf6d0e0c4d	K-ts-rows	prototype-unadopted		auth,admission,limits	Inherited responsibility/caller coverage plus named source chains; lexical signals are not vulnerability or all-file-body proof.
packages/work/src/catalog.ts	work	implementation	d3dd8f7ce8b66d728cf50d60246f3981330ff0246f171c6b47781bb9c3ba6bfb	W-surface	type-contract			Inherited responsibility/caller coverage plus named source chains; lexical signals are not vulnerability or all-file-body proof.
packages/work/src/dispatch/index.ts	work	implementation	aca8c5b3b72dfca2c7b7085bbb7d0d8d8fd6e3836b88813d1ea76e730b94bfb7	W-dispatch	conditional-production	state-work:ESW17	auth,admission,limits	Inherited responsibility/caller coverage plus named source chains; lexical signals are not vulnerability or all-file-body proof.
packages/work/src/distribution.ts	work	implementation	534d191aa4cad70f6e0b0059e26c0aa19117ae6c3dd67887c3c6fe70777273be	W-surface	type-contract			Inherited responsibility/caller coverage plus named source chains; lexical signals are not vulnerability or all-file-body proof.
packages/work/src/event/index.ts	work	implementation	25114e4933a6850f5f5cc623ce243d10d250c2a5c3623343ff6780b551229d6c	W-event	test-only-observed-call	state-work:ESW23	auth	Inherited responsibility/caller coverage plus named source chains; lexical signals are not vulnerability or all-file-body proof.
packages/work/src/index.ts	work	implementation	fae16a63bb36b3a55f0272518d139077751b819f68e6c36043c258594e6248e3	W-surface	type-contract			Inherited responsibility/caller coverage plus named source chains; lexical signals are not vulnerability or all-file-body proof.
packages/work/src/intent/index.ts	work	implementation	d1d81a088df85d848eed4bc67ac810d50b2a13961693579b8dcacd2933646995	W-intent	test-only-observed-call	state-work:ESW16	admission	Inherited responsibility/caller coverage plus named source chains; lexical signals are not vulnerability or all-file-body proof.
packages/work/src/kernel/commands.ts	work	implementation	3638d31b51317dd3b3fdd2a2935e21044c82ef1a9b63afd6dbfdebe65b3b3c7c	W-dispatch-commands,W-schedule-commands	conditional-production	state-work:ESW19	auth,admission,limits	Inherited responsibility/caller coverage plus named source chains; lexical signals are not vulnerability or all-file-body proof.
packages/work/src/kernel/tables.ts	work	implementation	10bde1f6281574b277fa6b795157c72c40471a12e46c32490b4774e1aea220e7	W-rows	conditional-production		auth,admission,limits	Inherited responsibility/caller coverage plus named source chains; lexical signals are not vulnerability or all-file-body proof.
packages/work/src/observation/association.ts	work	implementation	1f655e8417cbe636764e01dd01f85b122560cb4cad867c6d0658486224fca67f	W-observe,W-progress	conditional-production,test-only-observed-call		admission	Inherited responsibility/caller coverage plus named source chains; lexical signals are not vulnerability or all-file-body proof.
packages/work/src/observation/observation.ts	work	implementation	9ea46b591b0854146d3df0c9676b689ccde1d8df7349d745b4100d9325292a03	W-observe,W-progress	conditional-production,test-only-observed-call	state-work:ESW22	auth	Inherited responsibility/caller coverage plus named source chains; lexical signals are not vulnerability or all-file-body proof.
packages/work/src/observation/ports.ts	work	implementation	23061afc6796d81c60d56013ff396ef8235d777a6aa34e8dbf95adbc48a73740	W-port-types,W-test-doubles	test-only-observed-call,type-contract		auth,limits	Inherited responsibility/caller coverage plus named source chains; lexical signals are not vulnerability or all-file-body proof.
packages/work/src/ports.ts	work	implementation	70a65508156c6c01ce9aa09341036f92274bbe9bdc122390751bd0d2d59c44fe	W-port-types,W-test-doubles	test-only-observed-call,type-contract		auth,admission,limits	Inherited responsibility/caller coverage plus named source chains; lexical signals are not vulnerability or all-file-body proof.
packages/work/src/receipt/index.ts	work	implementation	9d51ff1a4bf0bd4ec2368aa0e2d094c72b3a1ef85c939526e0110bd05f058816	W-observe,W-retry-lifecycle	conditional-production	state-work:ESW18	auth,privacy,admission,limits	Inherited responsibility/caller coverage plus named source chains; lexical signals are not vulnerability or all-file-body proof.
packages/work/src/recovery/index.ts	work	implementation	870fed2d65118b4b77ce42df4bf0ef655d93ab9a062eff25761bb4df07e3e67f	W-progress,W-recovery	conditional-production,test-only-observed-call		auth,admission,limits	Inherited responsibility/caller coverage plus named source chains; lexical signals are not vulnerability or all-file-body proof.
packages/work/src/schedule/every.ts	work	implementation	1f9757d565c93384b12757e86fce184e603062aba8c8e6be0c940219fd700b30	W-every	test-only-observed-call	state-work:ESW23		Inherited responsibility/caller coverage plus named source chains; lexical signals are not vulnerability or all-file-body proof.
packages/work/src/schedule/index.ts	work	implementation	85fc30267d72ce6aa442f18192d0817f028fd6cbc7e32047b46f3bb96a2eaf78	W-schedule	test-only-observed-call	state-work:ESW23	auth,admission	Inherited responsibility/caller coverage plus named source chains; lexical signals are not vulnerability or all-file-body proof.
