   Compiling canlang-compiler v0.1.0 (/Users/vince/Projects/canlang/compiler)
    Finished `test` profile [unoptimized + debuginfo] target(s) in 21.52s
     Running unittests src/lib.rs (compiler/target/debug/deps/canlang_compiler-8bc9585627feb9a7)

running 129 tests
test analysis::catalog::t13a_tests::version_stamps_match_frozen_producers ... ok
test analysis::catalog::t13a_tests::nominal_types_are_the_accepted_t13a_set ... ok
test analysis::catalog::t13a_tests::errors_v1_report_shape_is_exact ... ok
test analysis::catalog::t13a_tests::email_v1_is_send_only_with_required_attachments ... ok
test analysis::catalog::t13a_tests::capability_set_is_exactly_the_three_frozen_contracts ... ok
test analysis::catalog::t13b_tests::mailbox_ops_and_received_event_are_exact ... ok
test analysis::catalog::t13b_tests::capability_set_is_exactly_the_three_frozen_t13b_contracts ... ok
test analysis::catalog::t13b_tests::images_ops_are_exact ... ok
test analysis::catalog::t13a_tests::payments_v1_ops_and_changed_event_are_exact ... ok
test analysis::catalog::t13a_tests::handbook_interface_has_no_schemas_e3019_preserved ... ok
test analysis::catalog::t13b_tests::delivery_observables_cover_exactly_the_ten_send_targets ... ok
test analysis::catalog::t13b_tests::nominal_types_are_the_accepted_t13b_set ... ok
test analysis::catalog::t13a_tests::delivery_observables_cover_exactly_the_six_send_targets ... ok
test analysis::catalog::t13b_tests::text_generation_ops_are_exact ... ok
test analysis::catalog::t13b_tests::version_stamps_match_frozen_producers ... ok
test analysis::catalog::t13c_tests::handbook_ts_only_and_unknown_names_have_no_leaf_schemas ... ok
test analysis::catalog::t13c_tests::t13a_acceptance_leaves_are_exact ... ok
test analysis::catalog::t13c_tests::t13a_common_leaves_are_exact ... ok
test analysis::catalog::t13c_tests::t13a_payment_state_matches_producer_and_changed ... ok
test analysis::catalog::t13c_tests::leaf_key_sets_equal_accepted_nominal_sets ... ok
test analysis::catalog::t13c_tests::t13b_mailbox_judgment_knowledge_leaves_are_exact ... ok
test analysis::catalog::t13c_tests::t13b_text_leaves_are_exact ... ok
test analysis::catalog::t13c_tests::t13b_workflow_and_image_leaves_are_exact ... ok
test analysis::migrate_check::tests::missing_from_is_e6010 ... ok
test analysis::migrate_check::tests::non_before_source_is_e6009 ... ok
test analysis::migrate_check::tests::empty_invalidate_is_e6009 ... ok
test analysis::migrate_check::tests::targetless_rename_is_e6009 ... ok
test analysis::migrate_check::tests::unknown_owner_stands_down_existence_but_keeps_exactly_once ... ok
test cli::tests::docs_help_names_modes_and_refusal ... ok
test cli::replacement_tests::concurrent_content_change_is_not_overwritten ... ok
test cli::replacement_tests::concurrent_creation_is_not_overwritten_and_staging_is_removed ... ok
test cli::tests::docs_requires_operands ... ok
test cli::replacement_tests::concurrent_permission_change_is_not_reverted ... ok
test cli::replacement_tests::persist_failure_keeps_directory_and_cleans_up ... ok
test cli::tests::locale_and_out_are_docs_only ... ok
test cli::replacement_tests::stale_format_input_is_rejected_before_staging ... ok
test cli::replacement_tests::partial_staging_write_failure_keeps_destination_and_cleans_up ... ok
test cli::tests::out_refuses_can_sources_before_any_input_read ... ok
test cli::replacement_tests::symlink_target_permission_change_is_not_reverted ... ok
test cli::replacement_tests::replacement_inode_is_detected_with_equal_bytes_mode_and_mtime ... ok
test cli::tests::format_json_shapes_diagnostics_not_markdown ... ok
test cli::tests::diagnostics_fail_with_no_spawn_and_no_file_write ... ok
test cli::tests::out_refuses_to_overwrite_input_files ... ok
test cli::tests::stderr_tail_caps_and_names_absence ... ok
test cli::tests::stub_backend_reports_needs_pipeline_before_spawn ... ok
test codegen::bdd::string_tests::fixed_string_bytes_cover_every_control_and_unicode ... ok
test codegen::ir::string_payload_tests::c01_literal_string_distinguishes_empty_null_and_missing_payload ... ok
test codegen::js::string_tests::fixed_string_bytes_cover_every_control_unicode_and_quotes ... ok
test codegen::sourcemap::tests::compatibility_rows_and_unsorted_segments_remain_in_authored_order ... ok
test codegen::sourcemap::tests::duplicate_paths_keep_snapshot_ids_and_byte_columns ... ok
test codegen::sourcemap::tests::empty_and_missing_sources_keep_names_and_generated_rows ... ok
test codegen::sourcemap::tests::malformed_numeric_and_delta_overflow_return_errors ... ok
test codegen::sourcemap::tests::ordered_serializer_uses_shared_escaping_and_null_contents ... ok
test cli::tests::missing_platform_binary_is_e7004 ... ok
test diagnostic::tests::json_escapes_control_chars ... ok
test diagnostic::tests::finish_sorts_by_file_start_code ... ok
test diagnostic::tests::text_rendering_points_at_source ... ok
test docs::lexical_path_tests::lexical_normalize_preserves_leading_parents ... ok
test diagnostic::tests::json_is_deterministic ... ok
test docs::lexical_path_tests::lexical_normalize_preserves_literal_parents_above_absolute_root ... ok
test explain::tests::catalog_is_sorted_unique_and_covers_policy_ranges ... ok
test explain::tests::json_shape_has_all_fields ... ok
test explain::tests::lookup_normalizes_case_and_whitespace ... ok
test json::input_tests::native_error_anchors_count_utf8_bytes_newlines_and_eof ... ok
test json::input_tests::ignoring_numbers_never_ignores_marker_objects_or_unicode ... ok
test json::input_tests::nested_error_anchors_survive_container_cleanup_and_eof ... ok
test json::input_tests::reader_limits_bulk_requests_and_depth_stops_before_the_tail ... ok
test lsp::output::tests::action_groups_keep_versions_order_and_optional_edits ... ok
test json::input_tests::numeric_source_spans_cover_all_seed_origins_and_eof ... ok
test lsp::output::tests::plain_edit_keeps_authored_uri_and_group_order ... ok
test lsp::output::tests::typed_envelope_keeps_id_and_all_control_escapes ... ok
test lsp::output::tests::uri_outputs_keep_original_spelling_on_both_paths ... ok
test lsp::server::tests::completion_kind_names_map_to_lsp_integers ... ok
test lsp::server::tests::exit_without_shutdown_is_an_error ... ok
test lsp::server::tests::completion_response_carries_integer_kinds ... ok
test lsp::server::tests::identical_content_change_keeps_version_semantics ... ok
test lsp::server::tests::lifecycle_gates_requests_and_exit_codes ... ok
test lsp::server::tests::invalid_notifications_and_initialize_leave_state_unchanged ... ok
test lsp::server::tests::requests_after_shutdown_are_invalid ... ok
test lsp::server::tests::out_of_range_positions_are_invalid_params ... ok
test lsp::server::tests::uri_to_path_decodes_file_uris ... ok
test lsp::server::tests::stub_requests_answer_empty ... ok
test lsp::transport::tests::envelopes_reject_reserved_duplicates_and_preserve_safe_correlation ... ok
test lsp::transport::tests::exact_lsp_integers_accept_decimal_equivalents_without_rounding ... ok
test lsp::transport::tests::framing_counts_multibyte_unicode_as_bytes ... ok
test lsp::transport::tests::framing_errors_are_invalid_data ... ok
test lsp::transport::tests::framing_preserves_the_bare_lf_compatibility_extension ... ok
test lsp::transport::tests::framing_round_trip_with_split_reads ... ok
test lsp::transport::tests::framing_preserves_malformed_utf8_and_the_next_frame ... ok
test lsp::transport::tests::incomplete_utf8_sequence_stops_at_the_body_boundary ... ok
test lsp::transport::tests::json_round_trip_with_escapes_and_unicode ... ok
test lsp::transport::tests::malformed_content_length_values_rejected ... ok
test lsp::transport::tests::malformed_json_rejected ... ok
test lsp::transport::tests::rpc_builders_shape ... ok
test lsp::transport::tests::surrogate_pairs_decode_and_lone_surrogates_fail ... ok
test lsp::uri::tests::nonfile_and_unsupported_forms_keep_authored_identity ... ok
test lsp::uri::tests::unix_file_authority_and_exact_unicode_projection ... ok
test lsp::transport::tests::large_multibyte_string_parses_in_linear_time ... ok
test policy::tests::minimal_source_dump_reports_every_surface ... ok
test source::tests::line_index_lf_crlf ... ok
test source::tests::line_index_lsp_utf16 ... ok
test policy::tests::golden_expenseflow_policy_dump ... ok
test source::tests::sha256_preserves_exact_bytes_and_hex_contract ... ok
test source::tests::sha256_vectors ... ok
test source::tests::source_db_ids_stable ... ok
test syntax::cst::tests::coverage_detects_gaps_and_overlaps ... ok
test syntax::cst::tests::traversal_visits_preorder ... ok
test syntax::layout::tests::blank_and_comment_lines_emit_nothing ... ok
test syntax::layout::tests::brackets_join_without_blocks ... ok
test syntax::layout::tests::ineligible_heads_rejected ... ok
test syntax::layout::tests::mismatched_and_unclosed_delimiters ... ok
test syntax::layout::tests::one_space_indent_and_dedent ... ok
test syntax::layout::tests::prose_attaches_at_same_column ... ok
test syntax::layout::tests::ref_rules_and_suffix_rules ... ok
test syntax::lexer::tests::crlf_ok_bare_cr_rejected ... ok
test syntax::lexer::tests::inline_hash_and_backslash_continuation_rejected ... ok
test syntax::lexer::tests::longest_match_punctuation ... ok
test syntax::lexer::tests::numeric_units_and_adjacency ... ok
test syntax::lexer::tests::strings_decode_json_escapes ... ok
test syntax::lexer::tests::tabs_prose_ok_code_rejected ... ok
test source::tests::sha256_padding_and_large_input ... ok
test cli::tests::renders_without_locale_omits_the_flag ... ok
test cli::tests::failed_renderer_input_terminates_and_reaps_the_child ... ok
test cli::tests::renderer_failure_reports_producer_detail_as_e7004 ... ok
test cli::tests::unwritable_out_is_e7007 ... ok
test cli::tests::renders_to_stdout_with_fixed_argv_and_stdin_payload ... ok
test cli::tests::out_writes_the_file_and_stays_silent ... ok
test cli::tests::renderer_output_is_drained_while_its_input_is_written ... ok
test cli::tests::empty_and_non_utf8_output_are_e7004 ... ok

test result: ok. 129 passed; 0 failed; 0 ignored; 0 measured; 0 filtered out; finished in 0.28s

     Running unittests src/main.rs (compiler/target/debug/deps/can-7fdba0986254811e)

running 0 tests

test result: ok. 0 passed; 0 failed; 0 ignored; 0 measured; 0 filtered out; finished in 0.00s

     Running tests/analysis.rs (compiler/target/debug/deps/analysis-33fe4504353b37c5)

running 37 tests
test cli_catalog_flag_rejections ... ok
test duplicates ... ok
test catalog_missing_unavailable_and_helper_misuse ... ok
test call_on_action_reports_missing ... ok
test cli_real_pipeline_exit_codes_and_discipline ... ok
test c01_invalid_delivery_status_keeps_payload_diagnostics ... ok
test cli_catalog_flag_forms ... ok
test fixture_mime_and_quoted_locale_keys ... ok
test imports_and_visibility ... ok
test e3009_entry_names_ctor_code ... ok
test invalid_app_header_suite_does_not_reserve_module_identity ... ok
test explain_round_trip_loader_codes ... ok
test c01_decoded_strings_reach_analysis_callers ... ok
test c01_invalid_strings_do_not_fabricate_values_or_hide_siblings ... ok
test invocation_type_position ... ok
test invocation_result_type_and_call ... ok
test malformed_owner_headers_still_suppress_body_cascades ... ok
test lane05_component_shape ... ok
test malformed_declaration_preserves_independent_sibling_diagnostics ... ok
test misplaced_body_line_preserves_independent_sibling_diagnostics ... ok
test invocation_constructor_complete_inputs ... ok
test read_scenarios_rejected_as_action_targets ... ok
test real_catalog_end_to_end ... ok
test message_calls_against_real_catalog ... ok
test lane05_component_shape_gaps ... ok
test operator_matrix ... ok
test suffix_bang_and_default_order ... ok
test expense_flow_checks_clean_with_implemented_sum ... ok
test ui_row_enum_cases_claim ... ok
test unknown_names_and_cascade_suppression ... ok
test c03_url_owner_admission_and_source_anchors ... ok
test ui_transparent_groups_resolve ... ok
test signature_shape_gaps ... ok
test team_tasks_checks_clean ... ok
test valid_corpus_checks_clean ... ok
test explain_round_trip_source_codes ... ok
test draft_outcome_table ... ok

test result: ok. 37 passed; 0 failed; 0 ignored; 0 measured; 0 filtered out; finished in 1.68s

     Running tests/authoring.rs (compiler/target/debug/deps/authoring-d007f01d6ce3750e)

running 30 tests
test cli_fmt_missing_file_is_tool_failure ... ok
test cli_every_subcommand_answers_help ... ok
test cli_format_flag_rejected_where_it_does_nothing ... ok
test cli_check_rejects_missing_operand_and_unreadable_file ... ok
test cli_compile_with_stub_reports_e7001 ... ok
test cli_explain_json_shape_and_unknown_code ... ok
test cli_help_and_version ... ok
test cli_check_like_commands_emit_envelope_json ... ok
test cli_lsp_returns_stdio_flag ... ok
test cli_check_like_commands_exit_10_on_errors ... ok
test cli_fmt_parse_failure_reports_envelope_and_writes_nothing ... ok
test cli_thin_entries_report_missing_producer ... ok
test cli_lint_operand_errors_are_tool_failures ... ok
test cli_unknown_command_with_help_is_still_a_tool_failure ... ok
test cli_unknown_command_and_flags_are_tool_failures ... ok
test cli_fmt_rewrites_files_in_place ... ok
test cli_fmt_check_clean_and_drift ... ok
test server_ignores_incremental_only_changes ... ok
test server_publishes_nothing_after_close ... ok
test explain_e1xxx_valid_examples_parse_clean ... ok
test server_reports_method_not_found ... ok
test transport_framing_round_trip_with_split_reads ... ok
test cli_lint_clean_file_reports_empty_envelope ... ok
test transport_json_values_round_trip ... ok
test server_publishes_only_current_versions ... ok
test cli_lint_analysis_errors_exit_10_without_findings ... ok
test cli_lint_reports_findings_and_exits_zero ... ok
test cli_compile_teamtasks_reports_emission_diagnostics ... ok
test cli_thin_entries_passthrough_args_and_exit_codes ... ok
test explain_round_trips_every_emitted_code ... ok

test result: ok. 30 passed; 0 failed; 0 ignored; 0 measured; 0 filtered out; finished in 0.24s

     Running tests/b1_join.rs (compiler/target/debug/deps/b1_join-b34516eeaf75961f)

running 2 tests
test b1_teamtasks_artifact ... ok
test b2_expenseflow_artifact ... ok

test result: ok. 2 passed; 0 failed; 0 ignored; 0 measured; 0 filtered out; finished in 0.04s

     Running tests/b3_authoring_join.rs (compiler/target/debug/deps/b3_authoring_join-8f3fe800ff8e1939)

running 3 tests
test fixture_parses_clean_in_process ... ok
test authoring_join_demo_empty_catalog ... ok
test authoring_join_demo ... ok

test result: ok. 3 passed; 0 failed; 0 ignored; 0 measured; 0 filtered out; finished in 0.35s

     Running tests/b3_i5.rs (compiler/target/debug/deps/b3_i5-e6d4ba7280ffffd1)

running 4 tests
test plain_snippet_emits_no_forms_or_policy_members ... ok
test b7_canapp_policy_with_public_provenance ... ok
test b7_ops_public_spelling_unchanged ... ok
test gated_snippet_emits_forms_and_policy_members ... ok

test result: ok. 4 passed; 0 failed; 0 ignored; 0 measured; 0 filtered out; finished in 0.01s

     Running tests/b3_migrate.rs (compiler/target/debug/deps/b3_migrate-b715bd29fc9cd09d)

running 9 tests
test invalid_migration_lowers_nothing ... ok
test valid_model_rename_lowers ... ok
test valid_field_directives_and_backfill_lower ... ok
test artifact_carries_migration_registry ... ok
test predecessor_problems_are_e6010 ... ok
test body_digest_is_deterministic ... ok
test valid_drop_model_invalidate_and_owner_drop_lower ... ok
test violations_emit_no_e6008 ... ok
test exactly_once_violations_are_e6009 ... ok

test result: ok. 9 passed; 0 failed; 0 ignored; 0 measured; 0 filtered out; finished in 0.01s

     Running tests/b3_s4.rs (compiler/target/debug/deps/b3_s4-8fb5aec04ae0981a)

running 4 tests
test stale_reapply_reports_both_hashes_as_json ... ok
test lint_without_fix_has_no_fixes_key ... ok
test lsp_driver_code_action_roundtrip_through_real_binary ... ok
test fix_json_is_deterministic_across_reruns ... ok

test result: ok. 4 passed; 0 failed; 0 ignored; 0 measured; 0 filtered out; finished in 0.02s

     Running tests/b4_check.rs (compiler/target/debug/deps/b4_check-e34b2a9598cb6027)

running 281 tests
test a5_s1_ui_columns_accept_id_version ... ok
test a5_s4_ui_columns_reference_interior_e4012 ... ok
test a5_s4_ui_filter_reserved_reference_e4012 ... ok
test a3_page_title_missing_e1204 ... ok
test a3_order_key_nullable_datetime_clean ... ok
test a5_s3_opaque_known_leaf_nonterminal_e2013 ... ok
test a3_page_title_present_clean ... ok
test a5_s1_id_version_descent_rejected ... ok
test a3_order_key_ordered_clean ... ok
test a3_order_key_unordered_e3006 ... ok
test d02b_attached_hash_feeds_slot ... ok
test d02b_dynamic_stays_parse_only ... ok
test d02b_bad_locale_rejected ... ok
test d02b_attached_reference_resolves ... ok
test auth_no_narrowing_by_public ... ok
test auth_narrowing_by_role ... ok
test d02b_inline_empty_is_present ... ok
test auth_narrowing_policy_where ... ok
test d02b_inline_variants_ordered ... ok
test d02b_label_after_desc_still_decodes ... ok
test d02b_legacy_annotation_adapts ... ok
test d02b_inline_plain_on_field_and_param ... ok
test d02b_member_past_message_rejected ... ok
test d02b_parameterized_call_stays_parse_only ... ok
test d02b_message_reference_resolves_wording ... ok
test d02b_non_message_reference_rejected ... ok
test d02b_record_query_stays_parse_only ... ok
test d02b_message_reference_cross_module_lang ... ok
test d02b_parameterized_message_rejected ... ok
test d02b_unresolved_reference_rejected ... ok
test d02b_source_repeat_rejected ... ok
test delivery_leaf_in_policy_fields ... ok
test delivery_leaf_in_ui_columns ... ok
test delivery_leaf_descent_past_leaf_errors ... ok
test format_descriptor_with_null_locale ... ok
test local_capability_receipt_clean ... ok
test empty_array_unifies ... ok
test derived_field_not_required ... ok
test opaque_receipt_fixture ... ok
test local_event_payload_typed ... ok
test local_event_unknown_member_errors ... ok
test opaque_receipt_send ... ok
test t05_approve_and_send_when ... ok
test explain_e3019_round_trip ... ok
test t05_affiliate_if_else ... ok
test t05_check_require_lookup ... ok
test t05_chat_require_chain ... ok
test t05_decl_alias_separation ... ok
test recovered_siblings_preserve_module_source_language ... ok
test t05_catch_or_chain_require ... ok
test t05_contract_invariant_or ... ok
test t05_ic2_earlier_conjunct ... ok
test t05_ic1_unguarded_member ... ok
test t05_ic1_nullable_arg ... ok
test t05_decl_shadow_separation ... ok
test t05_ic2_read_before_guard ... ok
test t05_ic3_or_null_arm ... ok
test t05_ic4_send_invalidates_path ... ok
test t05_ic5_contradictory_branches ... ok
test t05_ic3_or_sibling_no_leak ... ok
test t05_ic5_post_join_no_fact ... ok
test t05_ic7_safe_access_eq_null ... ok
test t05_ic7_safe_access_null_test ... ok
test t05_ic6_nullable_domain ... ok
test t05_ic4_set_invalidates_path ... ok
test t05_ic7_safe_access_eq_value ... ok
test t05_ic6_body_fact_no_escape ... ok
test t05_presence_other_subject_no_actor ... ok
test t06_by_or_of_roles_admits ... ok
test t05_shorthand_reads_fact ... ok
test t06_by_not_public_admits ... ok
test t05_presence_sibling_no_leak ... ok
test t05_ic8_cross_scenario_no_leak ... ok
test t05_nested_and_or ... ok
test t06_bounded_read_stays_gated ... ok
test t06_composite_policy_or_admits_where ... ok
test t06_if_branch_admits ... ok
test t06_crud_public_when_rejected ... ok
test t05_reversed_parens_not ... ok
test t06_composite_policy_and_admits ... ok
test t06_crud_by_to_when_admits ... ok
test t06_composite_policy_nested_admits_where ... ok
test t06_no_leak_by_role_on_other_subject ... ok
test t06_no_leak_derive_call_never_admits ... ok
test t06_no_leak_require_role_on_other_subject ... ok
test t06_preauthorization_default_rejected ... ok
test t06_role_call_on_caller_admits_body ... ok
test t06_require_carries_admission ... ok
test t06_require_chain_admits ... ok
test t06_public_guard_use_rejected ... ok
test t06_or_with_public_rejected ... ok
test t07_alias_second_handle_keeps_no_facts ... ok
test t06_trusted_actor_stays_null ... ok
test nullable_array_elements_are_order_independent ... ok
test t07_for_body_set_drops_item_fact ... ok
test t07_for_select_blocks_item_remap ... ok
test t07_list_body_names_alias ... ok
test t07_for_item_inherits_where ... ok
test t07_table_row_inherits_where ... ok
test t07_where_narrows_select_element ... ok
test t07_where_narrows_select_deref ... ok
test t07_outer_require_flows_into_select ... ok
test t07_where_or_carries_nothing ... ok
test t07_nested_inner_keeps_no_outward_facts ... ok
test t07_outer_where_flows_into_nested_select ... ok
test t07_sibling_child_keeps_no_facts ... ok
test t07_table_select_blocks_row_remap ... ok
test t07_table_select_keeps_alias_facts ... ok
test t07_where_safe_access_grants_nothing ... ok
test t08_nullable_money_intermediate ... ok
test t08_error_base_suppresses_selector_cascade ... ok
test t08_opaque_interior_defers ... ok
test t08_metadata_write_still_rejected ... ok
test t08_crud_metadata_input_still_e2013 ... ok
test t08_import_alias_delivery_leaf ... ok
test t08_parent_in_lock_fields ... ok
test t08_parent_without_containment_still_e2013 ... ok
test t08_parent_metadata_value_in_ui ... ok
test t08_parent_interior_still_e2013 ... ok
test t08_parent_metadata_value_in_policy_fields ... ok
test t08_unknown_leaf_still_e2013 ... ok
test t08_user_id_member ... ok
test t08_selector_grants_no_fact ... ok
test t08_scalar_leaf_descent_still_e2013 ... ok
test t08_user_email_disclosure_still_e2013 ... ok
test t08_reference_interior_still_e2013 ... ok
test t09_ordinary_array_create_omission_accepted ... ok
test t08_typed_delivery_leaf_scope_preserved ... ok
test t09_ordinary_array_fixture_omission_accepted ... ok
test t10_cross_enum_comparison_rejected ... ok
test t10_create_nested_literal_accepted ... ok
test t09_required_array_create_omission_rejected ... ok
test t09_required_array_fixture_omission_rejected ... ok
test t10_examples_event_claims_nested_cases ... ok
test t10_fixture_nested_literal_accepted ... ok
test t09_required_scalar_fixture_omission_rejected ... ok
test t10_missing_nested_required_rejected ... ok
test t10_literal_supplied_server_field_accepted ... ok
test t10_send_request_literal_accepted ... ok
test t10_nested_array_of_contracts_accepted ... ok
test t10_literal_for_delivery_rejected ... ok
test t10_recipe_request_literal_accepted ... ok
test t10_null_for_nonnull_nested_rejected ... ok
test t11_big_integral_beyond_i64_accepted ... ok
test t10_unknown_nested_key_rejected ... ok
test t10_wrong_nested_enum_case_rejected ... ok
test t10_literal_for_model_ref_rejected ... ok
test t11_call_result_stays_rejected ... ok
test t10_wrong_nested_scalar_rejected ... ok
test t10_set_nullable_literal_accepted ... ok
test t11_decimal_bounds_accept_integral ... ok
test t11_fixture_accepts_integral ... ok
test t11_int_bound_rejects_decimal ... ok
test t11_call_input_accepts_integral ... ok
test t11_create_accepts_integral ... ok
test t11_derive_arg_accepts_integral ... ok
test t11_decimal_default_accepts_integral ... ok
test t11_money_bound_rejects_integral ... ok
test t11_mixed_array_stays_rejected ... ok
test t11_negative_integral_accepted ... ok
test t11_out_of_range_integral_rejected ... ok
test t11_int_variable_stays_rejected ... ok
test t11_min_exceeds_max_still_checked ... ok
test t11_overload_exact_int_wins ... ok
test t11_nullable_decimal_accepts_integral ... ok
test t11_structural_literal_accepts_integral ... ok
test t11_member_access_stays_rejected ... ok
test t11_overload_result_never_inhabits ... ok
test t14a_std_recipe_failed_envelope ... ok
test t14a_std_recipe_missing_required ... ok
test t14a_std_delivery_known_silent ... ok
test t14a_std_delivery_wrong_op ... ok
test t14a_std_recipe_payments_reconcile ... ok
test t14a_std_recipe_type_mismatch ... ok
test t14a_std_recipe_unknown_input ... ok
test t14a_std_recipe_mail_clean ... ok
test t14a_std_send_consent_omitted ... ok
test t14a_std_send_errors_report_passthrough ... ok
test t14a_std_send_attachments_text_rejected ... ok
test t14a_std_recipe_wrong_op ... ok
test t14a_std_send_mail_clean ... ok
test t14a_std_send_mail_with_attachments ... ok
test t14a_std_send_missing_required ... ok
test t14a_std_send_payments_collect ... ok
test t14a_std_send_unknown_input ... ok
test t14a_std_send_type_mismatch ... ok
test t14b_b11_bound_nominal_type_position ... ok
test t14b_b1_mixed_line_binds_known_rejects_unknown ... ok
test t14b_b1_unbound_nominal_type_position ... ok
test t14a_std_send_wrong_op ... ok
test t14b_b1_nominal_fixture_flow_surfaces_e3015 ... ok
test t14a_std_unknown_member_stays_e3019 ... ok
test t14b_b1_unbound_capability_resolves ... ok
test t14b_b1_unbound_unknown_member ... ok
test t14b_b1_nonstd_unbound_provider_stays_e2005 ... ok
test t14b_b1_unbound_nominal_construct ... ok
test t14b_handbook_send_stays_e3019 ... ok
test t14b_std_recipe_images_wrong_op ... ok
test t14b_std_recipe_post_reply_unknown_input ... ok
test t14b_std_recipe_images_validate_clean ... ok
test t14b_std_send_images_inspect_graph_text ... ok
test t14b_std_recipe_llm_generate_clean ... ok
test t14b_std_delivery_t13b_known_silent ... ok
test t14b_std_recipe_post_reconcile_clean ... ok
test t14b_std_delivery_llm_wrong_op ... ok
test t14b_std_send_images_wrong_op ... ok
test t14b_std_send_images_submit_clean ... ok
test t14b_std_send_images_inspect_clean ... ok
test t14b_std_send_llm_generate_clean ... ok
test t14b_std_send_llm_cancel_clean ... ok
test t14b_std_send_llm_cancel_missing_revision ... ok
test t14c_std_delivery_field_must_be_nullable ... ok
test t14b_std_send_post_reply_clean ... ok
test t14b_std_send_post_reconcile_with_revision ... ok
test t14c_std_delivery_same_target_assign_accepts ... ok
test t14c_std_delivery_cross_target_assign_rejects ... ok
test t14b_std_send_post_reconcile_clean ... ok
test t14b_std_send_llm_cancel_revision_text ... ok
test t14c_std_receipt_cross_target_compare_rejects ... ok
test t14c_std_receipt_result_accepts ... ok
test t14c_std_receipt_known_leaves_accept ... ok
test t14c_std_receipt_same_target_compares ... ok
test t14d_handbook_result_stays_opaque ... ok
test t14d_error_accepted_reference ... ok
test t14c_std_receipt_wrong_leaf_rejects ... ok
test t14c_std_unknown_receipt_stays_opaque ... ok
test t14d_email_accepted_reference ... ok
test t14d_leaves_do_not_leak_across_nominals ... ok
test t14d_mail_reply_outcome_leaves ... ok
test t14d_nominal_value_position_stays_opaque ... ok
test t14d_nullable_leaf_into_required_input_rejects ... ok
test t14d_image_run_named_ref_nesting ... ok
test t14d_workflow_validation_leaves ... ok
test t14d_wrong_leaf_narrowed_rejects ... ok
test t14d_payment_state_enum_leaf ... ok
test t14d_workflow_inspection_fields_opaque ... ok
test t14d_wrong_result_leaf_rejects ... ok
test t29_cross_package_cycle_rejected ... ok
test t14d_payment_state_refinement ... ok
test t29_external_parent_rejected ... ok
test t29_bound_parent_rejected ... ok
test t14d_same_target_leaf_compares ... ok
test t14d_text_run_leaves ... ok
test t29_imported_child_create_requires_parent ... ok
test t30_after_outside_hook_rejected ... ok
test t29_imported_non_model_rejected ... ok
test t29_plain_imported_parent_accepted ... ok
test t30_delete_hook_cannot_adjust ... ok
test t30_delete_via_reference_matches_alias ... ok
test t30_param_named_event_mutable ... ok
test t30_opaque_payload_fail_closed ... ok
test t30_before_parent_row_mutable ... ok
test t30_hook_after_typed ... ok
test t30_reference_value_data_readonly ... ok
test t30_pending_delete_rejected ... ok
test t30_nullable_event_path_rejected ... ok
test t30_hook_before_typed ... ok
test t30_set_param_event_drops_param_facts ... ok
test t30_whole_payload_readonly ... ok
test t30_snapshot_before_readonly ... ok
test t30_param_rename_invariance ... ok
test t35r23_bound_import_gets_no_alias ... ok
test t30_verified_reference_write_accepted ... ok
test t35r23_boundary_same_shape_owner_posture ... ok
test t35r23_disabled_delete_stays_rejected ... ok
test t35r25_malformed_head_fallback_still_rejected ... ok
test t35r25_nested_select_plural_clean ... ok
test t35r23_disabled_update_stays_rejected ... ok
test t35r23_imported_update_resolves ... ok
test t35r25_plural_literal_bodies_clean ... ok
test t35r23_imported_delete_resolves ... ok
test t35r23_no_crud_declaration_stays_rejected ... ok
test t35r25_unknown_in_variant_still_rejected ... ok
test t35r25_select_literal_bodies_clean ... ok
test t35r25_typed_simple_forms_clean ... ok
test t35r25_unknown_nested_in_branch_still_rejected ... ok
test t35r25_unknown_selector_arg_still_rejected ... ok
test t35r25_unknown_top_level_still_rejected ... ok
test t35r23_imported_create_resolves ... ok
test t35r23_private_model_stays_unavailable ... ok
test timeline_slot_binds_row ... ok

test result: ok. 281 passed; 0 failed; 0 ignored; 0 measured; 0 filtered out; finished in 0.05s

     Running tests/b4_examples.rs (compiler/target/debug/deps/b4_examples-d17d793d1dc0add8)

running 25 tests
test t02_completion_body_sees_typed_envelope ... ok
test header_enum_case_elides_like_fixture ... ok
test t02_derive_pure_accepted ... ok
test header_non_case_still_e2001 ... ok
test t02_preferences_invariant_nullable_actor_rejected ... ok
test t02_preferences_invariant_guarded_actor_accepted ... ok
test minimal_table_rows_emit_expected_and_error ... ok
test t35r24_completion_result_version_observable ... ok
test t35r24_event_value_version_observable ... ok
test t02_derive_state_read_builtin_rejected ... ok
test t35r24_contained_parent_rejected ... ok
test t35r24_event_value_id_observable ... ok
test t35r24_parent_midpath_navigates ... ok
test t35r24_provenance_key_payload_vs_stored ... ok
test t35r24_provenance_key_parent ... ok
test t35r24_stored_created_rejected ... ok
test t35r24_stored_id_rejected ... ok
test t35r24_stored_version_rejected ... ok
test canfeedback_176_planned_elides ... ok
test t36_report_parent_override_resolved ... ok
test t35r24_desk139_value_id_observable ... ok
test caninbox_header_routine_parity ... ok
test canfeedback_tables_row_parity ... ok
test caninbox_tables_row_parity ... ok
test t35r24_propose_result_and_value_version_observable ... ok

test result: ok. 25 passed; 0 failed; 0 ignored; 0 measured; 0 filtered out; finished in 0.29s

     Running tests/b4_parse.rs (compiler/target/debug/deps/b4_parse-7718c8ea814570c6)

running 20 tests
test desc_message_path ... ok
test desc_dynamic_rejected ... ok
test desc_hash_plus_compact_rejected ... ok
test desc_duplicate_compact_rejected ... ok
test desc_legacy_annotation_still_parses ... ok
test desc_compact_plus_legacy_rejected ... ok
test desc_delimits_default_bounds_label ... ok
test desc_hash_plus_legacy_rejected ... ok
test desc_parameterized_rejected ... ok
test desc_record_query_rejected ... ok
test desc_variant_duplicate_rejected ... ok
test desc_plain_string_on_field_and_param ... ok
test desc_with_variants ... ok
test each_keeps_e1203_without_error_node ... ok
test form_import_review_parse ... ok
test each_package_body_still_checked ... ok
test each_event_path_parses ... ok
test delivery_invocation_type_positions_parse ... ok
test page_refresh_parses ... ok
test crud_expose_parses ... ok

test result: ok. 20 passed; 0 failed; 0 ignored; 0 measured; 0 filtered out; finished in 0.01s

     Running tests/b4_resolve.rs (compiler/target/debug/deps/b4_resolve-6a0f6f63d06da789)

running 11 tests
test t35r23_alias_targets_owner_operation ... ok
test t35r23_disabled_operation_has_no_alias ... ok
test t35r23_self_import_leaves_canonical_untouched ... ok
test failed_trusted_handler_builtin_name_keeps_event ... ok
test judgment_duplicate_is_e2002 ... ok
test judgment_import_undeclared_still_e2004 ... ok
test failed_plain_scenario_stays_untrusted ... ok
test failed_trusted_handler_keeps_event ... ok
test set_parent_target_parity ... ok
test judgment_registers_and_self_import_resolves ... ok
test t35r23_ambiguous_model_names_have_no_alias ... ok

test result: ok. 11 passed; 0 failed; 0 ignored; 0 measured; 0 filtered out; finished in 0.01s

     Running tests/b4_setparent.rs (compiler/target/debug/deps/b4_setparent-37197124c8416f7a)

running 4 tests
test set_parent_resolves_like_expression ... ok
test set_parent_bad_value_still_errors ... ok
test set_parent_enum_value_elides ... ok
test set_parent_phantom_member_still_e2013 ... ok

test result: ok. 4 passed; 0 failed; 0 ignored; 0 measured; 0 filtered out; finished in 0.00s

     Running tests/b4_witness.rs (compiler/target/debug/deps/b4_witness-f18ea044fe0f7220)

running 8 tests
test corpus_declaration_checks_clean ... ok
test runtime_choice_map_nonempty_and_unique ... ok
test runtime_choice_count_unenforced_gap ... ok
test gallery_image_required ... ok
test gallery_image_target_unvalidated_gap ... ok
test progressed_event_unvalidated_gap ... ok
test corpus_query_members_unvalidated_gap ... ok
test progress_member_unimplemented_gap ... ok

test result: ok. 8 passed; 0 failed; 0 ignored; 0 measured; 0 filtered out; finished in 0.00s

     Running tests/bdd_binding_runtime.rs (compiler/target/debug/deps/bdd_binding_runtime-7f66ea5153eb937e)

running 1 test
BDD bindings: reserved/context recipes, Unicode payloads, suite paths and progressive sequence property/Map reads executed
test fixture_bindings_and_suite_paths_execute_through_testkit ... ok

test result: ok. 1 passed; 0 failed; 0 ignored; 0 measured; 0 filtered out; finished in 0.25s

     Running tests/bdd_checked_facts.rs (compiler/target/debug/deps/bdd_checked_facts-afeefbf791508b04)

running 2 tests
test header_fixture_scope_and_runner_error_ownership_remain_distinct ... ok
test original_expenseflow_publishes_bdd_calls_and_sequence_observation_types ... ok

test result: ok. 2 passed; 0 failed; 0 ignored; 0 measured; 0 filtered out; finished in 0.01s

     Running tests/catalog_input_contract.rs (compiler/target/debug/deps/catalog_input_contract-831670dfb8969426)

running 6 tests
PROFILE packages/values/src/catalog.ts: bytes=18748 sha256=443ec55fb59c161a2984850d058f39925e930591b194bd85090776b8557098eb
PROFILE packages/values/scripts/emit-catalog.mjs: bytes=2518 sha256=45c5d3d3be91e85574949939a55e19b06de1e8a5d6f3c1025f3edf07d87b221d
PROFILE packages/values/dist/src/catalog.js: bytes=18732 sha256=1b5a52a148437ee7301cff8a68efa439448b7304b4ff85f6189ecaf75ad8925f
PROFILE packages/values/dist/src/index.js: bytes=630 sha256=51bbc15972a6836a4e1b4cebf6b2bd5b48e34405ff7f09062ad65b449dc1093c
PROFILE packages/values/dist/catalog.json: bytes=22290 sha256=cd984f375e0d6cbcc2bc6aca5ad5ea5b1b3d3ba9cd17b15ab94e4b15e74ced62
test catalog_invalid_utf8_bytes_keep_catalog_code_and_source_primary ... ok
test loader_and_cli_retain_first_decoded_member_and_ignore_unknown_extras ... ok
test available_producer_catalog_loads_without_rebuilding_packages ... ok
test syntax_envelope_entry_and_signature_failures_keep_codes_and_source_anchor ... ok
test catalog_unknown_value_depth_counts_from_envelope_root ... ok
test ignored_catalog_extras_still_require_strict_complete_json ... ok

test result: ok. 6 passed; 0 failed; 0 ignored; 0 measured; 0 filtered out; finished in 0.05s

     Running tests/catalog_producer_runtime.rs (compiler/target/debug/deps/catalog_producer_runtime-0c29ccdbf308106b)

running 1 test
PROFILE packages/values/src/catalog.ts: bytes=18748 sha256=443ec55fb59c161a2984850d058f39925e930591b194bd85090776b8557098eb
PROFILE packages/values/scripts/emit-catalog.mjs: bytes=2518 sha256=45c5d3d3be91e85574949939a55e19b06de1e8a5d6f3c1025f3edf07d87b221d
PROFILE packages/values/dist/src/catalog.js: bytes=18732 sha256=1b5a52a148437ee7301cff8a68efa439448b7304b4ff85f6189ecaf75ad8925f
PROFILE packages/values/dist/src/index.js: bytes=630 sha256=51bbc15972a6836a4e1b4cebf6b2bd5b48e34405ff7f09062ad65b449dc1093c
PROFILE packages/values/dist/catalog.json: bytes=22290 sha256=cd984f375e0d6cbcc2bc6aca5ad5ea5b1b3d3ba9cd17b15ab94e4b15e74ced62
PROFILE Node v24.21.0
EXECUTED source-built equality; actual runtime trim; entries=59
EXECUTED catalog 0.1.0-lane02-draft: 59 entries, 15 features -> dist/catalog.json
PROFILE fresh isolated dist/catalog.json: bytes=22290 sha256=cd984f375e0d6cbcc2bc6aca5ad5ea5b1b3d3ba9cd17b15ab94e4b15e74ced62
EXECUTED actual catalog loader and fresh CLI check: complete=true diagnostics=[]
test unchanged_catalog_producer_matches_authored_source_and_feeds_real_consumers ... ok

test result: ok. 1 passed; 0 failed; 0 ignored; 0 measured; 0 filtered out; finished in 0.16s

     Running tests/check.rs (compiler/target/debug/deps/check-303aec0da8e456d7)

running 37 tests
test error_code_vocabulary_is_closed ... ok
test dedup_keeps_first_across_passes ... ok
test example_tables_carry_all_families ... ok
test e5001_create_header_skips_derived_fields ... ok
test disabled_crud_operation_rejects_examples ... ok
test broken_import_caller_and_crud_head_stay_quiet ... ok
test icu_number_style_and_source_anchor ... ok
test e5001_create_header_still_requires_writable_fields ... ok
test expected_error_codes ... ok
test fixture_overrides ... ok
test delivery_recipe_selectors ... ok
test icu_numeric_type_matrix ... ok
test icu_profile_violations ... ok
test message_signatures ... ok
test readiness_gate ... ok
test imported_wrong_kind_names_fire ... ok
test missing_required_input ... ok
test icu_selector_types ... ok
test seed_rejects_catalog_names ... ok
test sequence_caller_names_known_wrong_kinds ... ok
test parent_selectors ... ok
test sort_matches_check_program_key ... ok
test sequence_bindings_and_results ... ok
test observation_roots ... ok
test trusted_handlers_take_no_as ... ok
test sequences_call_their_enclosing_scenario ... ok
test unresolved_imports_stay_quiet ... ok
test request_selectors ... ok
test warnings_never_block ... ok
test overlapping_selectors ... ok
test table_callers ... ok
test sequence_call_targets ... ok
test sequence_callers_arguments_and_envelopes ... ok
test unknown_binding_and_seed_shape ... ok
test unknown_selectors ... ok
test shipped_examples_are_e5xxx_clean ... ok
test shipped_examples_are_e5xxx_clean_through_check_program ... ok

test result: ok. 37 passed; 0 failed; 0 ignored; 0 measured; 0 filtered out; finished in 0.03s

     Running tests/checked_cohort.rs (compiler/target/debug/deps/checked_cohort-71a015d860e3fdcb)

running 8 tests
test originally_nonexistent_selected_id_cannot_become_checked_by_append ... ok
test catalog_absence_is_part_of_the_checked_owner_contract ... ok
test owned_control_and_foreign_equal_ids_spans_or_hashes ... ok
test swapped_source_numbering_refuses_and_rechecking_restores_ownership ... ok
test complete_gate_and_test_only_acknowledgment_are_separate_from_cohort ... ok
test selected_nonzero_sources_and_caller_order_are_preserved ... ok
test owner_moves_catalog_clone_and_immutable_append_preserve_old_semantics_and_inventory ... ok
test changed_or_independently_reloaded_catalog_requires_rechecking ... ok

test result: ok. 8 passed; 0 failed; 0 ignored; 0 measured; 0 filtered out; finished in 0.01s

     Running tests/codegen.rs (compiler/target/debug/deps/codegen-05d37f97ce2b7725)

running 117 tests
test a2b_require_desugars_to_admit_and_gate ... ok
test a2a_derive_call_lowers_to_awaited_named_fn ... ok
test a2b_composite_unique_emits_sparse_member_and_registry_rule ... ok
test a2a_action_external_targets_lower_to_schema ... ok
test a2b_named_args_lower_positionally_in_signature_order ... ok
test a2a_for_limit_checks_length_then_loops ... ok
test a2a_page_poll_refresh_lower_to_descriptor ... ok
test a2b_ui_profiles_lower_to_factories ... ok
test construct_defaults ... ok
test construct_delivery ... ok
test construct_effects ... ok
test construct_guards ... ok
test construct_fixtures_and_recipes ... ok
test construct_messages_and_format ... ok
test construct_models_and_grants ... ok
test construct_page_admit_returns_preference_defaults ... ok
test construct_page_preferences_preamble_reads_bindings ... ok
test construct_pages_admit_render ... ok
test construct_sequences ... ok
test construct_tables ... ok
test construct_ui_factories ... ok
test construct_scalars_per_op ... ok
test construct_ui_gate_ternary ... ok
test construct_value_query ... ok
test catalog_factories_lower_from_source ... ok
test catalog_profile_violations_stay_loud ... ok
test d03_empty_desc_stays_present ... ok
test d03_attached_and_legacy_feed_same_slot ... ok
test d03_message_reference_resolves_to_source ... ok
test d03_undescribed_inputs_omit_member ... ok
test d03_inline_param_desc_reaches_mcp_source ... ok
test d03_inline_field_variants_emit_source_only ... ok
test f6_invalid_cohort_emits_no_descriptor ... ok
test derive_result_resolves_from_symbol_results ... ok
test f6_no_cohort_emits_no_member ... ok
test gap_helper_add_decimal ... ok
test gap_helper_divide_decimal_shapes ... ok
test gap_helper_divide_money ... ok
test f6_missing_bind_emits_null ... ok
test gap_helper_multiply_decimal ... ok
test gap_helper_negate_decimal ... ok
test gap_helper_scalar_money_product ... ok
test gap_helper_subtract_decimal ... ok
test f6_both_spellings_emit_cohort_descriptors ... ok
test form_fields_unknown_op_stays_loud ... ok
test omission_marker_flows_from_spelling_to_descriptor ... ok
test requires_pins_catalog_and_families ... ok
test c01_lexer_strings_reach_literal_metadata_and_message_lowering ... ok
test sourcemap_emitted_fixture_plain_snippet ... ok
test sourcemap_mappings_round_trip ... ok
test sequence_as_binding_decodes ... ok
test t15a_callable_identity ... ok
test t15a_field_default_mapping ... ok
test refuses_incomplete_analysis_without_ack ... ok
test t15a_literal_json_exactness ... ok
test t15a_model_field_tags ... ok
test t15a_negative_duplicate_record_name ... ok
test awaited_follows_catalog_effects ... ok
test form_fields_default_to_model_schema ... ok
test t15a_negative_exotic_omits_operation_only ... ok
test t15a_ownership_and_recursion ... ok
test t15a_operation_inputs_carry_arrays_defaults_nullable ... ok
test t15a_parent_path_extraction ... ok
test t15a_models_shape_end_to_end ... ok
test t15a_negative_kinds_closed ... ok
test t15a_structural_literal_default ... ok
test t15b_delivery_descriptor_helper ... ok
test t15b_model_delivery_end_to_end ... ok
test t15b_no_regress_t15a_mixed ... ok
test t15b_closed_kinds_with_delivery ... ok
test t15a_parent_defaults_delete_modes_derived ... ok
test t15b_operation_input_delivery_end_to_end ... ok
test t15b_std_delivery_model_tags ... ok
test t15b_recipe_join_negatives_stay_shelled ... ok
test t15a_example_separation ... ok
test t18_child_create_parent_input ... ok
test t18_server_init_mapping ... ok
test t18_r27_server_owned_checker ... ok
test t15b_recipe_join_std ... ok
test t31_before_delete_rejected_once ... ok
test t31_before_after_reads_legal ... ok
test t31_delete_hook_after_adjust_rejected ... ok
test t31_cross_model_staging_legal ... ok
test t31_before_snapshot_write_rejected ... ok
test t31_delete_hook_create_barred ... ok
test t31_delete_hook_cancel_barred ... ok
test t31_delete_hook_require_read_legal ... ok
test t18_server_init_end_to_end ... ok
test t31_delete_hook_schedule_barred ... ok
test t31_delete_hook_same_model_order ... ok
test t31_delete_outside_hook_legal ... ok
test t31_delete_hook_set_barred ... ok
test t31_hook_decimal_eq_unsupported ... ok
test t31_hook_emit_unsupported ... ok
test t31_hook_expr_gaps ... ok
test t31_hook_query_unsupported ... ok
test b4g_hook_team_operation_unchanged ... ok
test b4g_operation_id_lowers_through_c ... ok
test t31_hook_stmt_backstops ... ok
test t31_pending_delete_rejected_once ... ok
test t31_nested_same_model_barred ... ok
test t31_same_model_create_barred ... ok
test t31_same_model_set_barred ... ok
test b4g_team_id_lowers_through_c ... ok
test t31_verified_ref_set_outside_hook_legal ... ok
test t31_staged_delete_barred ... ok
test unavailable_capability_errors ... ok
test unsupported_schema_positions_error ... ok
test value_queries_lower_from_source ... ok
test t31_hook_delete_op_registry ... ok
test t31_hook_run_shape ... ok
test t31_plain_schedule_lowers ... ok
test t21l1_single_app_crud_entry_imports_and_executes ... ok
test t31_e2e_staged_failure_names_hook ... ok
test t31_e2e_emitted_hook_drives_engine ... ok
test golden_teamtasks_structure ... ok
test golden_expenseflow_structure ... ok

test result: ok. 117 passed; 0 failed; 0 ignored; 0 measured; 0 filtered out; finished in 0.24s

     Running tests/completion_contract.rs (compiler/target/debug/deps/completion_contract-93abd0692b448ebb)

running 2 tests
test embedded_scripts_match_and_fish_declares_lint_fix ... ok
test actual_completion_engines ... ok

test result: ok. 2 passed; 0 failed; 0 ignored; 0 measured; 0 filtered out; finished in 20.15s

     Running tests/cycle_witness.rs (compiler/target/debug/deps/cycle_witness-8e0e4a902291acbc)

running 11 tests
test fresh_process_child ... ok
test rejected_trusted_handler_call_does_not_install_a_cycle_edge ... ok
test diamond_keeps_distinct_path_vertex_sets_inside_one_scc ... ok
test standalone_derive_cycles_do_not_become_static_call_cycles ... ok
test upstream_and_overlapping_cycles_have_exact_witnesses ... ok
test independent_self_and_duplicate_closing_edges_keep_vertex_set_dedup ... ok
test acyclic_scenario_derive_crud_and_capability_calls_are_leaves ... ok
test declaration_permutations_deliberately_follow_index_order ... ok
test containment_composition_and_fixture_seed_order_keep_their_own_policies ... ok
test check_file_permutations_follow_index_order_even_for_duplicate_paths ... ok
test identical_input_is_exact_across_fresh_processes ... ok

test result: ok. 11 passed; 0 failed; 0 ignored; 0 measured; 0 filtered out; finished in 0.10s

     Running tests/delimiter_recovery.rs (compiler/target/debug/deps/delimiter_recovery-1fa2f579667a247e)

running 6 tests
test deeper_unfinished_continuations_remain_in_the_failed_join ... ok
test balanced_continuations_ignore_same_and_dedented_columns ... ok
test mismatched_closer_before_eof_replay_is_reported_once ... ok
test replay_keeps_balanced_subjoin_and_description_comment_ownership ... ok
test eof_unclosed_schema_keeps_later_module_and_nested_machine_workflow ... ok
test eof_unclosed_declarations_keep_independent_type_and_name_findings ... ok

test result: ok. 6 passed; 0 failed; 0 ignored; 0 measured; 0 filtered out; finished in 0.01s

     Running tests/docs.rs (compiler/target/debug/deps/docs-6f724f8354ff893d)

running 30 tests
test available_shape_conforms_when_constructed ... ok
test app_default_locale_follows_the_single_app_module ... ok
test declaration_descriptions_attach_from_hash_sets ... ok
test extracts_owners_declarations_and_fields ... ok
test extracts_user_operations_without_authorization ... ok
test dotted_message_references_stay_unresolved ... ok
test app_default_locale_prefers_the_checked_default_over_source ... ok
test missing_relative_roots_preserve_external_leading_parents ... ok
test imported_bare_message_wording_resolves ... ok
test message_reference_descriptions_resolve ... ok
test app_default_locale_falls_back_to_first_module ... ok
test field_type_nullability_requiredness_defaults_constraints ... ok
test field_and_param_descriptions_use_checked_seam ... ok
test mixed_table_and_sequence_examples_merge_in_source_order ... ok
test moved_checkout_identity_covers_every_spelling ... ok
test availability_is_unknown_and_catalog_version_nullable ... ok
test relative_symlink_spellings_match_their_target ... ok
test required_array_spelling_is_preserved ... ok
test fixtures_become_labeled_declaration_examples ... ok
test external_inputs_are_marked_and_stable ... ok
test same_external_file_agrees_through_relative_and_absolute ... ok
test operation_sequences_become_authored_source_examples ... ok
test sequence_fixture_checks_fully_clean ... ok
test unavailable_requested_locale_falls_back_through_default_to_source ... ok
test operation_tables_become_labeled_row_examples ... ok
test moved_checkout_equivalence ... ok
test v1_json_conforms_to_reference_ts ... ok
test relative_vs_absolute_spellings_are_identical ... ok
test output_is_deterministic ... ok
test all_spellings_of_one_input_are_identical ... ok

test result: ok. 30 passed; 0 failed; 0 ignored; 0 measured; 0 filtered out; finished in 0.02s

     Running tests/effects.rs (compiler/target/debug/deps/effects-904d5d38a6756069)

running 46 tests
test backfill_tables ... ok
test cross_package_rule ... ok
test cross_package_crud ... ok
test containment_cycle_terminates ... ok
test delete_disabled ... ok
test bound_crud_call_exempt ... ok
test call_remote_target ... ok
test cross_package_mutation ... ok
test app_scope_needs_policy ... ok
test cross_package_member_mutation ... ok
test f6_bounded_loop_rules_retained ... ok
test f6_anchored_misuse_diagnosed ... ok
test f6_bare_model_checks_with_only_the_standing_e1203 ... ok
test f6_cross_owner_cohort_diagnosed ... ok
test f6_anchored_collection_checks_with_only_the_standing_e1203 ... ok
test f6_uncontained_child_diagnosed ... ok
test f6_committed_trigger_bare_model_checks ... ok
test f6_missing_as_binding_accepted ... ok
test emission_table_shapes ... ok
test f6_unknown_collection_hop_diagnosed ... ok
test hook_on_disabled_op ... ok
test heterogeneous_action_call ... ok
test f6_undecoded_trigger_stands_down ... ok
test hook_tables ... ok
test f6_unknown_model_diagnosed ... ok
test migration_tables ... ok
test f6_unsupported_forms_diagnosed ... ok
test mixed_handler_scope ... ok
test secret_field_grant ... ok
test nullable_secret_grant ... ok
test redundant_actor_subject ... ok
test t25_l1_embedded_value_leaves_stay_clean ... ok
test secret_return ... ok
test t25_l1_unknown_leaves_stay_e2013_only ... ok
test t25_l1_user_traversal_is_e4012 ... ok
test t25_l1_valid_leaf_grants_stay_clean ... ok
test t25_l1_member_traversal_is_e4012 ... ok
test t25_l1_unsupported_traversal_stays_e2013 ... ok
test unreachable_after_return ... ok
test write_only_handler_scope ... ok
test transitive_handler_scope ... ok
test recovered_declarations_keep_independent_effects_and_policies ... ok
test expenseflow_stays_e4_clean ... ok
test teamtasks_stays_e4_clean ... ok
test every_scope_follows_only_bound_reachable_derives ... ok
test f6_draft_bodies_accepted_without_trimming ... ok

test result: ok. 46 passed; 0 failed; 0 ignored; 0 measured; 0 filtered out; finished in 0.09s

     Running tests/email_admission.rs (compiler/target/debug/deps/email_admission-4dc316eb696174b8)

running 1 test
{
  "vectors": 113,
  "publicDirections": 226,
  "publicAccepted": 29,
  "compilerAccepted": 29,
  "mismatches": [],
  "generated": 29,
  "generatedImported": 29,
  "node": "v24.21.0",
  "icu": "78.3",
  "compiler": "/Users/vince/Projects/canlang/compiler/target/debug/can",
  "compilerHash": "ffb1770e3bc9887e5ff2a2e747ba5b4425c3720b5950403f11c2572b576d2c0c",
  "limits": "Current CLI, generated metadata modules and actual installed public values exports; metadata execution only, not application invocation, DNS, deliverability or auth."
}
test email_admission_matches_public_codecs_and_production_metadata ... ok

test result: ok. 1 passed; 0 failed; 0 ignored; 0 measured; 0 filtered out; finished in 1.23s

     Running tests/exe.rs (compiler/target/debug/deps/exe-edca8108075ad88b)

running 11 tests
test forced_internal_error_is_e7005_exit_2_without_trace ... ok
test docs_help_golden_names_flags_and_exits ... ok
test docs_broken_source_exits_10_without_writing ... ok
test docs_out_refuses_can_sources_before_any_work ... ok
test version_golden_has_versions_and_commit ... ok
test lsp_eof_and_shutdown_exit_cleanly ... ok
test help_golden_documents_everything ... ok
test completions_snapshot_matches_shipped_scripts ... ok
test exit_codes_are_stable ... ok
test compile_twice_is_byte_identical ... ok
test help_alias_matches_flag_form ... ok

test result: ok. 11 passed; 0 failed; 0 ignored; 0 measured; 0 filtered out; finished in 0.19s

     Running tests/file_ownership.rs (compiler/target/debug/deps/file_ownership-cf0d212bd995ec29)

running 9 tests
test fmt_missing_input_is_e7002_and_does_not_create_output ... ok
test fmt_repeated_operands_and_already_formatted_alias_are_noops ... ok
test fmt_changed_hardlink_replaces_only_requested_entry ... ok
test fmt_changed_symlink_replaces_entry_and_keeps_target_private_and_unchanged ... ok
test fmt_noop_preserves_inode_links_and_mode ... ok
SKIP mode 4750: this host did not retain the requested fixture bits
test fmt_preserves_modes_including_private_readonly_and_special_bits ... ok
test docs_write_failure_keeps_directory_and_removes_staging ... ok
test docs_new_output_obeys_umask_and_existing_output_keeps_mode ... ok
test docs_symlink_outputs_replace_entry_and_keep_targets ... ok

test result: ok. 9 passed; 0 failed; 0 ignored; 0 measured; 0 filtered out; finished in 0.27s

     Running tests/flat_expression_runtime.rs (compiler/target/debug/deps/flat_expression_runtime-abc8893a3f3824dc)

running 6 tests
test unsupported_binary_retains_skipped_operand_diagnostics ... ok
test enum_local_shadowing_keeps_resolved_slots_in_compiled_scenario ... ok
test long_binary_emission_preserves_order_overflow_grouping_and_lazy_rhs ... ok
test enum_claims_and_membership_execute_with_binding_and_order_controls ... ok
test long_logical_check_and_recovery_keep_valid_siblings ... ok
test flat_ladder_checks_compiles_and_executes_actual_artifacts ... ok

test result: ok. 6 passed; 0 failed; 0 ignored; 0 measured; 0 filtered out; finished in 12.06s

     Running tests/format.rs (compiler/target/debug/deps/format-bc0b0fb509c870cd)

running 20 tests
test empty_input_stays_empty ... ok
test crlf_becomes_lf_and_counts_as_changed ... ok
test already_formatted_files_report_unchanged ... ok
test descriptions_comments_and_i18n_survive ... ok
test invalid_sources_yield_diagnostics_and_no_output ... ok
test definition_heads_stay_loose ... ok
test arrows_and_example_rows_keep_order ... ok
test calls_suffixes_and_nested_commas_stay_tight ... ok
test intra_line_spacing_is_canonical ... ok
test missing_final_newline_is_added ... ok
test invocation_and_group_heads_format ... ok
test control_flow_suites_keep_their_newlines ... ok
test operation_parens_and_message_calls_stay_tight ... ok
test corpus_gallery_catalog_slot_and_edit_format ... ok
test sloppy_continuation_indent_is_repaired ... ok
test operators_bind_tightly_and_groups_keep_space ... ok
test judgment_items_format ... ok
test query_tails_routes_and_suffixes_format ... ok
test semicolons_and_do_shapes_are_preserved ... ok
corpus format table (55 files):
    ERROR  ../draft/CanShift.can (expected E1203,E1203)
    ERROR  ../draft/CanVolunteer.can (expected E1203,E1203)
  changed  ../draft/CanChat.can
  changed  ../draft/CanCreative.can
  changed  ../draft/CanDecide.can
  changed  ../draft/CanDiscover.can
  changed  ../draft/CanEnrich.can
  changed  ../draft/CanEvent.can
  changed  ../draft/CanInvoice.can
  changed  ../draft/CanLoyalty.can
  changed  ../draft/CanMail.can
  changed  ../draft/CanMember.can
  changed  ../draft/CanPurchase.can
  changed  ../draft/CanRent.can
  changed  ../draft/CanSync.can
  changed  ../draft/CanTime.can
  changed  ../draft/CanWorkbench.can
  changed  ../draft/shared/Locations.can
  changed  ../examples/ExpenseFlow.can
unchanged  ../draft/CanAffiliate.can
unchanged  ../draft/CanApprove.can
unchanged  ../draft/CanBoard.can
unchanged  ../draft/CanBook.can
unchanged  ../draft/CanCRM.can
unchanged  ../draft/CanCatch.can
unchanged  ../draft/CanCheck.can
unchanged  ../draft/CanContract.can
unchanged  ../draft/CanCustomer.can
unchanged  ../draft/CanDesk.can
unchanged  ../draft/CanDo.can
unchanged  ../draft/CanExpense.can
unchanged  ../draft/CanFeedback.can
unchanged  ../draft/CanField.can
unchanged  ../draft/CanGallery.can
unchanged  ../draft/CanGrant.can
unchanged  ../draft/CanHire.can
unchanged  ../draft/CanInbox.can
unchanged  ../draft/CanKnowledge.can
unchanged  ../draft/CanLearn.can
unchanged  ../draft/CanLeave.can
unchanged  ../draft/CanMaintain.can
unchanged  ../draft/CanOnboard.can
unchanged  ../draft/CanPropose.can
unchanged  ../draft/CanReception.can
unchanged  ../draft/CanRefer.can
unchanged  ../draft/CanReport.can
unchanged  ../draft/CanStats.can
unchanged  ../draft/CanStock.can
unchanged  ../draft/CanSuccess.can
unchanged  ../draft/CanTable.can
unchanged  ../draft/CanTrade.can
unchanged  ../draft/shared/Employees.can
unchanged  ../draft/shared/Suppliers.can
unchanged  ../examples/Generation.can
unchanged  ../examples/TeamTasks.can
test corpus_formats_cleanly_and_is_idempotent ... ok

test result: ok. 20 passed; 0 failed; 0 ignored; 0 measured; 0 filtered out; finished in 1.19s

     Running tests/foundation.rs (compiler/target/debug/deps/foundation-d90c00186a5f63dc)

running 8 tests
test line_index_handles_crlf_and_unicode ... ok
test source_hashes_are_stable_content_hashes ... ok
test diagnostic_empty_envelope_exact_bytes ... ok
test diagnostic_control_and_unicode_exact_bytes ... ok
test diagnostic_populated_envelope_exact_bytes_and_order ... ok
test diagnostic_envelope_round_trip_shape ... ok
test incomplete_analysis_says_so_in_text ... ok
test diagnostic_ties_have_insertion_independent_output ... ok

test result: ok. 8 passed; 0 failed; 0 ignored; 0 measured; 0 filtered out; finished in 0.00s

     Running tests/ide.rs (compiler/target/debug/deps/ide-a74d562d867072bf)

running 35 tests
test hover_description_shows_source_language_only ... ok
test document_symbols_outline ... ok
test completion_section_keywords ... ok
test completion_type_position ... ok
test completion_builtin_with_catalog ... ok
test definition_spans ... ok
test fixes_for_analysis_diagnostics_are_deliberately_empty ... ok
test completion_expression_scope ... ok
test hover_builtin_with_catalog ... ok
test clean_rename_applies_to_reads_and_mutations_then_rechecks ... ok
test hover_local_binding_shows_type ... ok
test hover_description_static_reference_resolves_wording ... ok
test hover_field_description_spellings ... ok
test hover_param_description_from_slot ... ok
test hover_shows_descriptions ... ok
test hover_predicate_and_unresolved_are_empty ... ok
test import_member_resolves_to_export ... ok
test offset_at_position_cases ... ok
test offset_at_position_roundtrips_addressable_scalar_boundaries ... ok
test hover_symbol_decl_and_use ... ok
test lint_fix_wrap_apply_and_stale ... ok
test references_spans ... ok
test rename_spans_and_hash ... ok
test semantic_tokens_tiny_exact ... ok
test lint_fix_preserves_analysis ... ok
test mutation_target_references_capture_statement_time_identity ... ok
test server_capability_negotiation ... ok
test mutation_target_head_excludes_field_selectors_and_unresolved_names ... ok
test semantic_tokens_classify_fixture ... ok
test server_publishes_analysis_and_lint ... ok
test server_stale_version_suppressed_with_real_backend ... ok
test server_rename_and_invalid_name ... ok
test server_completion_and_semantic_tokens ... ok
test server_hover_definition_references_roundtrip ... ok
test server_code_action_fix_application ... ok

test result: ok. 35 passed; 0 failed; 0 ignored; 0 measured; 0 filtered out; finished in 0.01s

     Running tests/js_binding_runtime.rs (compiler/target/debug/deps/js_binding_runtime-bd5e60be4ed68c92)

running 2 tests
OUT-R01: public emitter distinct imports, reserved lambdas, temp collisions, Unicode identities and loop scopes executed
test public_emitter_binding_and_import_seams_execute ... ok
OUT-R01: bindings, scopes/queries, Unicode payloads, cross-module callable/CRUD/derive-field paths and distinct capability imports executed
test legal_bindings_execute_through_artifact_callables ... ok

test result: ok. 2 passed; 0 failed; 0 ignored; 0 measured; 0 filtered out; finished in 0.10s

     Running tests/json_input_contract.rs (compiler/target/debug/deps/json_input_contract-59ec60039a38bba0)

running 6 tests
test framing_body_limit_remains_independent_of_json_depth ... ok
test heterogeneous_whitespace_unicode_and_number_looking_strings ... ok
test ordered_decoded_duplicates_and_marker_objects_are_ordinary_values ... ok
test malformed_grammar_and_strings_reject_with_byte_anchors ... ok
test number_lexemes_and_lexical_integer_accessor_stay_distinct ... ok
test depth_is_value_entry_depth_including_empty_deepest_containers ... ok

test result: ok. 6 passed; 0 failed; 0 ignored; 0 measured; 0 filtered out; finished in 0.00s

     Running tests/lint.rs (compiler/target/debug/deps/lint-aa1c794f11be4578)

running 32 tests
test default_config_is_recommended_without_fixes_or_catalog ... ok
test fix_flag_off_offers_nothing ... ok
test empty_description_invalid ... ok
test deprecated_ignores_shadowed_and_nonbuiltin ... ok
test duplicate_description_invalid ... ok
test comment_preserving_removal_uses_existing_atomic_fix_guards ... ok
test deprecated_warns_on_deprecated_call ... ok
test rule_codes_resolve_in_explain_catalog ... ok
test rule_table_is_consistent ... ok
test fix_narrows_redundant_safe_access ... ok
test fix_refuses_stale_and_invalid ... ok
test deprecated_silent_without_catalog_data ... ok
test redundant_null_invalid ... ok
test description_valid_cases ... ok
test fixes_apply_as_batch ... ok
test fix_removes_unreachable_statement ... ok
test unreachable_after_return_is_analysis_error_not_lint ... ok
test redundant_null_valid_nullable_receiver ... ok
test unreachable_require_false_semicolon_sequence_has_no_fix ... ok
test shadow_warns_with_opt_in_only ... ok
test unreachable_warns_after_require_false ... ok
test unused_alias_invalid ... ok
test unreachable_removal_refuses_descriptions_and_malformed_inline_comments ... ok
test unused_let_invalid ... ok
test unused_let_suppressed_by_shadowing ... ok
test unused_alias_collection_descendant_scope ... ok
test unreachable_valid_cases ... ok
test unused_alias_valid ... ok
test shadow_valid_cases ... ok
test unused_let_valid_reads ... ok
test unreachable_removal_preserves_comment_lines_and_siblings ... ok
corpus lint counts (informational; corpus need not be clean):
  draft/CanAffiliate.can: total=0 {}
  draft/CanApprove.can: total=0 {}
  draft/CanBoard.can: total=0 {}
  draft/CanBook.can: total=0 {}
  draft/CanCRM.can: total=0 {}
  draft/CanCatch.can: total=0 {}
  draft/CanChat.can: total=0 {}
  draft/CanCheck.can: total=0 {}
  draft/CanContract.can: total=0 {}
  draft/CanCreative.can: total=0 {}
  draft/CanCustomer.can: total=0 {}
  draft/CanDecide.can: total=0 {}
  draft/CanDesk.can: total=0 {}
  draft/CanDiscover.can: total=0 {}
  draft/CanDo.can: total=0 {}
  draft/CanEnrich.can: total=0 {}
  draft/CanEvent.can: total=0 {}
  draft/CanExpense.can: total=0 {}
  draft/CanFeedback.can: total=0 {}
  draft/CanField.can: total=0 {}
  draft/CanGallery.can: total=0 {}
  draft/CanGrant.can: total=0 {}
  draft/CanHire.can: total=0 {}
  draft/CanInbox.can: total=1 {"I1001": 1}
  draft/CanInvoice.can: total=2 {"I1001": 2}
  draft/CanKnowledge.can: total=0 {}
  draft/CanLearn.can: total=0 {}
  draft/CanLeave.can: total=0 {}
  draft/CanLoyalty.can: total=0 {}
  draft/CanMail.can: total=1 {"I1001": 1}
  draft/CanMaintain.can: total=0 {}
  draft/CanMember.can: total=1 {"I1001": 1}
  draft/CanOnboard.can: total=0 {}
  draft/CanPropose.can: total=0 {}
  draft/CanPurchase.can: total=0 {}
  draft/CanReception.can: total=0 {}
  draft/CanRefer.can: total=0 {}
  draft/CanRent.can: total=5 {"I1001": 5}
  draft/CanReport.can: total=0 {}
  draft/CanShift.can: total=0 {}
  draft/CanStats.can: total=0 {}
  draft/CanStock.can: total=0 {}
  draft/CanSuccess.can: total=0 {}
  draft/CanSync.can: total=0 {}
  draft/CanTable.can: total=0 {}
  draft/CanTime.can: total=0 {}
  draft/CanTrade.can: total=0 {}
  draft/CanVolunteer.can: total=0 {}
  draft/CanWorkbench.can: total=2 {"I1001": 2}
  examples/ExpenseFlow.can: total=0 {}
  examples/Generation.can: total=0 {}
  examples/TeamTasks.can: total=0 {}
test corpus_noise_assessment ... ok

test result: ok. 32 passed; 0 failed; 0 ignored; 0 measured; 0 filtered out; finished in 2.04s

     Running tests/lsp_admission.rs (compiler/target/debug/deps/lsp_admission-77cfc5af8bcd8d76)

running 32 tests
test exit_before_shutdown_has_exit_code_one ... ok
test framing_failure_after_shutdown_is_still_a_transport_failure ... ok
test framing_failure_before_initialize_is_a_silent_transport_failure ... ok
test exact_header_budget_is_accepted_by_the_shipped_process ... ok
test eof_keeps_the_existing_clean_disconnect_exit ... ok
test empty_complete_body_is_a_parse_error_then_the_connection_remains_usable ... ok
test initialize_admits_unknown_capabilities_and_extensions ... ok
test legal_headers_equal_lengths_and_unicode_keep_the_real_stdio_peer_compatible ... ok
test lifecycle_precedence_is_envelope_then_lifecycle_then_method_then_params ... ok
test invalid_shutdown_and_exit_params_do_not_change_lifecycle ... ok
test known_method_field_errors_reply_to_requests_and_leave_notifications_silent ... ok
test malformed_did_open_is_silent_and_does_not_create_a_document ... ok
test ignored_capabilities_keep_the_value_entry_depth_budget ... ok
test decoded_reserved_duplicate_keys_are_rejected_before_dispatch ... ok
test malformed_did_change_does_not_mutate_or_publish_a_new_version ... ok
test notifications_outside_ready_cannot_open_documents_or_publish ... ok
test framing_refusal_closes_stdio_before_eof_and_never_dispatches_following_bytes ... ok
test malformed_json_is_a_null_parse_error_and_consumes_the_frame ... ok
strict JSON process case: leading zero
test primitive_shutdown_and_exit_params_are_envelope_errors ... ok
test shutdown_then_exit_is_clean ... ok
strict JSON process case: missing integer
test valid_notification_envelopes_are_silent_without_initializing ... ok
strict JSON process case: missing fraction
test invalid_initialize_fields_do_not_initialize ... ok
test torn_headers_and_body_keep_the_existing_clean_disconnect_exit ... ok
test ordinary_private_marker_keys_remain_objects_in_initialize_params ... ok
test shutdown_and_exit_accept_absent_null_and_empty_object_params ... ok
test valid_required_contexts_and_maximum_position_are_admitted ... ok
strict JSON process case: missing exponent
test valid_unicode_string_id_keeps_its_semantic_value ... ok
test illegal_ids_are_null_correlated_and_never_initialize ... ok
test malformed_utf8_is_one_parse_error_and_does_not_initialize ... ok
strict JSON process case: leading plus
strict JSON process case: lone high surrogate value
test accepted_integral_ids_preserve_the_original_number_lexeme ... ok
strict JSON process case: lone low surrogate value
strict JSON process case: lone high surrogate key
strict JSON process case: lone low surrogate key
test malformed_envelopes_correlate_only_a_unique_legal_id ... ok
strict JSON process case: invalid Unicode escape
strict JSON process case: unescaped control value
strict JSON process case: unescaped control key
test strict_json_grammar_and_unknown_unicode_recover_through_shutdown_exit ... ok

test result: ok. 32 passed; 0 failed; 0 ignored; 0 measured; 0 filtered out; finished in 0.30s

     Running tests/lsp_frame_reader.rs (compiler/target/debug/deps/lsp_frame_reader-74f0e520c629f6c5)

running 11 tests
test clean_eof_and_torn_headers_and_bodies_remain_distinct ... ok
test declared_body_at_the_existing_cap_does_not_allocate_before_payload ... ok
test legal_extension_headers_unicode_and_partial_reads_keep_exact_boundaries ... ok
test duplicates_are_accepted_only_when_all_declared_byte_counts_agree ... ok
test partial_writes_emit_an_independently_expected_utf8_byte_count ... ok
test transient_interruptions_retry_header_and_body_acquisition ... ok
test refused_header_and_arrived_body_allocations_return_io_errors ... ok
test arrived_body_storage_grows_proportionally_and_stops_at_the_declared_boundary ... ok
test aggregate_header_budget_includes_the_separator_and_accepts_the_boundary ... ok
test unterminated_lines_and_many_short_headers_have_the_same_finite_budget ... ok
test one_byte_header_reads_do_not_allocate_for_every_byte ... ok

test result: ok. 11 passed; 0 failed; 0 ignored; 0 measured; 0 filtered out; finished in 0.02s

     Running tests/lsp_typed_output.rs (compiler/target/debug/deps/lsp_typed_output-ea71e66763901e8c)

running 8 tests
test public_queued_work_does_not_revive_after_close_or_shutdown ... ok
test real_all_output_families_crlf_and_supplementary_utf16 ... ok
test real_version_increment_requeries_current_source_and_edits ... ok
test real_close_clears_and_reopen_publishes_only_new_buffer ... ok
test real_diagnostics_keep_valid_siblings_after_a_parse_error ... ok
test real_clean_rename_includes_mutation_targets_and_rechecks ... ok
test real_opaque_uri_identities_keep_notifications_locations_and_edit_routing ... ok
test real_supported_reference_option_and_edit_capability_profiles ... ok

test result: ok. 8 passed; 0 failed; 0 ignored; 0 measured; 0 filtered out; finished in 0.04s

     Running tests/mcp_p1.rs (compiler/target/debug/deps/mcp_p1-cfbc3e4459487fea)

running 3 tests
test trusted_handlers_excluded_from_descriptors ... ok
test record_field_collision_omits_update_and_delete ... ok
test operations_descriptors_golden ... ok

test result: ok. 3 passed; 0 failed; 0 ignored; 0 measured; 0 filtered out; finished in 0.01s

     Running tests/mcp_p4.rs (compiler/target/debug/deps/mcp_p4-ff9f13c912e85945)

running 18 tests
test desc_marker_must_be_contiguous ... ok
test desc_non_literal_rejected ... ok
test desc_empty_rejected ... ok
test desc_unknown_key_rejected ... ok
test desc_parses_after_label ... ok
test desc_parses_on_param_and_field ... ok
test expose_bogus_parses_and_fails_checking ... ok
test expose_none_parses_on_user_scenario ... ok
test expose_none_duplicate_rejected ... ok
test expose_bogus_rejected ... ok
test expose_rejected_on_trusted_handler ... ok
test expose_none_checks_clean ... ok
test desc_checks_clean_on_param_and_field ... ok
test policy_emits_no_input_read_op ... ok
test crud_op_inherits_label_caption_for_description ... ok
test desc_verbatim_in_field_descriptors ... ok
test expose_none_skipped_from_operations ... ok
test crud_expose_allowlist_skips_unlisted_ops ... ok

test result: ok. 18 passed; 0 failed; 0 ignored; 0 measured; 0 filtered out; finished in 0.02s

     Running tests/message_slot_coverage.rs (compiler/target/debug/deps/message_slot_coverage-c4e41017975c3310)

running 6 tests
test raw_inline_slots_remain_structurally_valid ... ok
test parameterized_messages_keep_coverage_and_translation_subsets ... ok
test zero_parameter_source_slots_are_rejected_at_the_literal ... ok
test static_quoted_and_null_translations_need_no_parameters ... ok
test zero_parameter_translation_slots_are_rejected_at_the_literal ... ok
test static_named_and_inline_descriptors_accept_null_locale ... ok

test result: ok. 6 passed; 0 failed; 0 ignored; 0 measured; 0 filtered out; finished in 0.01s

     Running tests/process_boundaries.rs (compiler/target/debug/deps/process_boundaries-8f5e026a93ec6fdb)

running 3 tests
test internal_unwind_with_failed_stderr_still_exits_two ... ok
test broken_output_preserves_success_and_tool_failure_codes ... ok
test broken_stdout_preserves_diagnostics_code ... ok

test result: ok. 3 passed; 0 failed; 0 ignored; 0 measured; 0 filtered out; finished in 0.02s

     Running tests/selected_calls.rs (compiler/target/debug/deps/selected_calls-a1c0b73248fb7a6d)

running 2 tests
test missing_checked_binding_has_no_catalog_reconstruction_fallback ... ok
{"scope":"Actual public production compile, unmodified installed stdlib/UI imports, finite direct-callable execution; canonical scenario/localized serving gaps retained.","cases":16,"receipts":[{"id":"selected","exit":0,"diagnostics":[]},{"id":"alias","exit":0,"diagnostics":[]},{"id":"same-arity","exit":0,"diagnostics":[]},{"id":"await-purity","exit":10,"diagnostics":[{"code":"E3010","severity":"error","message":"derived function value must be pure; 'starts_with' is not allowed here","primary":{"file":0,"start":31,"end":65},"related":[],"tags":[]}]},{"id":"await-scenario","exit":0,"diagnostics":[]},{"id":"await-installed-guards","scope":"Actual facade exports load; direct generated handler allow/deny and awaited selected expression execute. This local context does not qualify canonical admission or read-serving."},{"id":"missing-named","exit":10,"diagnostics":[{"code":"E3005","severity":"error","message":"`format` placeholder '{a}' has no values entry","primary":{"file":0,"start":47,"end":55},"related":[],"tags":[]},{"code":"E3005","severity":"error","message":"`format` placeholder '{z}' has no values entry","primary":{"file":0,"start":47,"end":55},"related":[],"tags":[]}]},{"id":"missing-reversed","exit":10,"diagnostics":[{"code":"E3005","severity":"error","message":"`format` placeholder '{a}' has no values entry","primary":{"file":0,"start":57,"end":65},"related":[],"tags":[]},{"code":"E3005","severity":"error","message":"`format` placeholder '{z}' has no values entry","primary":{"file":0,"start":57,"end":65},"related":[],"tags":[]}]},{"id":"malformed","exit":10,"diagnostics":[{"code":"E3005","severity":"error","message":"malformed `format` template: unterminated placeholder","primary":{"file":0,"start":57,"end":60},"related":[],"tags":[]}]},{"id":"builtin-exact-arity","exit":10,"diagnostics":[{"code":"E3005","severity":"error","message":"'lower' takes 1 arguments, given 0","primary":{"file":0,"start":68,"end":75},"related":[],"tags":[]}]},{"id":"user-required-slot","exit":10,"diagnostics":[{"code":"E3005","severity":"error","message":"missing required argument 'b' to derived function 'take'","primary":{"file":0,"start":68,"end":77},"related":[],"tags":[]}]},{"id":"user-unknown-slot","exit":10,"diagnostics":[{"code":"E3005","severity":"error","message":"derived function 'take' has no parameter 'unknown'","primary":{"file":0,"start":79,"end":90},"related":[],"tags":[]}]},{"id":"unbound-source","exit":10,"diagnostics":[{"code":"E2001","severity":"error","message":"unresolved name 'missing'","primary":{"file":0,"start":43,"end":50},"related":[],"tags":[]}]},{"id":"localized","exit":0,"diagnostics":[]},{"id":"localized-named","exit":10,"diagnostics":[{"code":"E6008","severity":"error","message":"cannot lower format call: no descriptor argument","primary":{"file":0,"start":49,"end":82},"related":[],"tags":[]}]},{"id":"localized-seam","gap":"Existing emitted context/facade mismatch and named outer-format E6008 retained, not qualified as repaired."}]}

test production_selected_calls_execute_actual_facades ... ok

test result: ok. 2 passed; 0 failed; 0 ignored; 0 measured; 0 filtered out; finished in 0.18s

     Running tests/session_history.rs (compiler/target/debug/deps/session_history-43a345cc0ad61c22)

running 4 tests
test standalone_immutable_ids_and_exact_lint_selection_survive_history ... ok
test remapped_queued_work_keeps_current_fifo_and_cannot_revive_stale_ids ... ok
test real_stdio_distinct_edits_close_and_reopen_use_current_text ... ok
test live_documents_bound_history_and_keep_uri_aliases_distinct ... ok

test result: ok. 4 passed; 0 failed; 0 ignored; 0 measured; 0 filtered out; finished in 0.04s

     Running tests/sourcemap_contract.rs (compiler/target/debug/deps/sourcemap_contract-354f7960a36a2283)

running 1 test
{"sourcePins":{"sourcemap.ts":"565f9c8521b6eaed277a65bbb8b82c4edea0c4f67ddada9df071dd16d4199113","invoke.ts":"6b135086c8d0c904008f2100ed0930fd8ebfed60769e73efc8944bed45f50997","artifact.ts":"2e08d43be4fc5c4c51061dca9610f6a8d0b579e9d520c51e88fde663f912e5bc","context.ts":"497e1bbc7cbecd984e2ea7119cd1f4913688b2044158eaaaa0a74f3af0fbb98b","report.ts":"79cbbfce42ed673196b6f0d2b32d567a3d302e4b8104429119bfd52a6ae6bcd1"},"profile":"original Can byte columns; generated point column zero","node":"24.21.0","codec":"1.6.0","codecSha256":"2768e18f3bf937a0111c98872ff3e8ec8f5165d103a082b91f5127351beab7d0","consumer":"current source artifact parse/load, lookup, invokeCallable, formatFailureLocation","syntheticInvocation":"coordinate.can:1:7","freshCliModules":1,"freshCliPoints":24,"browserUTF16":"unqualified"}
test byte_point_maps_reach_independent_decoder_and_current_consumers ... ok

test result: ok. 1 passed; 0 failed; 0 ignored; 0 measured; 0 filtered out; finished in 0.14s

     Running tests/state_machines.rs (compiler/target/debug/deps/state_machines-4f775e89145b9a72)

running 4 tests
test formatter_preserves_transition_tokens_and_nested_target ... ok
test checked_machine_requires_stored_scalar_enum_and_constant_initial_case ... ok
test transition_checks_field_and_endpoints_and_rejects_plain_writes ... ok
compiled machine: graph, gated capability, canonical creation/ordered transitions/replay/conflict/rollback, projected state UI and one partial main verified
test compiled_lifecycle_runs_through_canonical_runtime_and_state_driven_ui ... ok

test result: ok. 4 passed; 0 failed; 0 ignored; 0 measured; 0 filtered out; finished in 0.12s

     Running tests/string_payload_runtime.rs (compiler/target/debug/deps/string_payload_runtime-1a7304a1cd59972b)

running 1 test
C01 witness 0: production CLI, runtime metadata, testkit closures passed
C01 witness 1: production CLI, runtime metadata, testkit closures passed
C01 witness 2: production CLI, runtime metadata, testkit closures passed
C01 witness 3: production CLI, runtime metadata, testkit closures passed
C01 witness 4: production CLI, runtime metadata, testkit closures passed
C01 witness 5: production CLI, runtime metadata, testkit closures passed
test c01_production_strings_execute_through_testkit ... ok

test result: ok. 1 passed; 0 failed; 0 ignored; 0 measured; 0 filtered out; finished in 1.02s

     Running tests/syntax.rs (compiler/target/debug/deps/syntax-2b6db2528939065b)

running 57 tests
test brackets_join_physical_lines ... ok
test at_suffix_and_route_slashes ... ok
test blank_and_comment_lines_emit_nothing ... ok
test bad_indentation ... ok
test cst_invariants ... ok
test app_uses_attribute_selects_composed ... ok
test crud_and_examples ... ok
test c01_invalid_string_payloads_keep_source_diagnostics ... ok
test desc_and_comment_markers ... ok
test description_attaches_at_same_column ... ok
test desc_inside_delimiter_runs_decodes_without_panic ... ok
test description_reference_and_suffix_attach ... ok
test description_codes ... ok
test corpus_given_leaf ... ok
test examples_sequence ... ok
test do_colon_recovery ... ok
test catalog_items_shape ... ok
test failed_attempts_emit_no_duplicate_diagnostics ... ok
test edit_group_and_bare_card ... ok
test file_structure ... ok
test invalid_numeric_units ... ok
test invalid_app_header_layout_wraps_identity_and_preserves_body ... ok
test expressions_and_queries ... ok
test gallery_collection ... ok
test json_strings_decode ... ok
test invocation_type_and_constructor ... ok
test lex_fragment_offsets ... ok
test lexer_error_codes_and_spans ... ok
test lexer_errors_preserve_bytes_as_bad_tokens ... ok
test longest_match_punctuation ... ok
test invalid_shapes_rejected ... ok
test given_declarations ... ok
test mapper_rejects_examples_line ... ok
test malformed_unicode_escapes_are_diagnostics ... ok
test misplaced_and_invalid_suffix ... ok
test numeric_kinds ... ok
test migration_directives ... ok
test multiple_errors_recover_per_declaration ... ok
test one_space_indent_nests ... ok
test public_lex_fragment_admits_fitting_byte_ranges ... ok
test oracle_deviations_parse_per_grammar ... ok
test public_lex_fragment_keeps_fitting_lexical_errors ... ok
test public_lex_fragment_refuses_the_whole_range_before_lexing ... ok
test judgment_compound ... ok
test semicolon_leaves ... ok
test single_char_punctuation ... ok
test strings_cannot_span_lines ... ok
test presentation ... ok
test suite_structure_failures_keep_partial_nodes ... ok
test unbalanced_delimiters ... ok
test trusted_handlers_reject_sequence_examples ... ok
test types_and_labels ... ok
test slot_and_preferences_panel ... ok
test when_execution ... ok
test parser_error_codes_and_spans ... ok
                                                file   bytes  result
                           ../draft/CanAffiliate.can   27784  ok
                             ../draft/CanApprove.can   32502  ok
                               ../draft/CanBoard.can   16674  ok
                                ../draft/CanBook.can   40059  ok
                                 ../draft/CanCRM.can   31176  ok
                               ../draft/CanCatch.can   23181  ok
                                ../draft/CanChat.can   21258  ok
                               ../draft/CanCheck.can   15492  ok
                            ../draft/CanContract.can   22537  ok
                            ../draft/CanCreative.can   23221  ok
                            ../draft/CanCustomer.can   25750  ok
                              ../draft/CanDecide.can   17405  ok
                                ../draft/CanDesk.can   23799  ok
                            ../draft/CanDiscover.can   32740  ok
                                  ../draft/CanDo.can   17396  ok
                              ../draft/CanEnrich.can   15204  ok
                               ../draft/CanEvent.can   66406  ok
                             ../draft/CanExpense.can   46344  ok
                            ../draft/CanFeedback.can   28608  ok
                               ../draft/CanField.can   24891  ok
                             ../draft/CanGallery.can   11450  ok
                               ../draft/CanGrant.can   46521  ok
                                ../draft/CanHire.can   34746  ok
                               ../draft/CanInbox.can   38046  ok
                             ../draft/CanInvoice.can  101821  ok
                           ../draft/CanKnowledge.can   29521  ok
                               ../draft/CanLearn.can   16759  ok
                               ../draft/CanLeave.can   27897  ok
                             ../draft/CanLoyalty.can   27015  ok
                                ../draft/CanMail.can   43682  ok
                            ../draft/CanMaintain.can   47834  ok
                              ../draft/CanMember.can   80482  ok
                             ../draft/CanOnboard.can   16615  ok
                             ../draft/CanPropose.can   47364  ok
                            ../draft/CanPurchase.can   46446  ok
                           ../draft/CanReception.can   44461  ok
                               ../draft/CanRefer.can   25527  ok
                                ../draft/CanRent.can  197946  ok
                              ../draft/CanReport.can   15864  ok
                               ../draft/CanShift.can   43934  known-defect codes=["E1203", "E1203"]
                               ../draft/CanStats.can   19810  ok
                               ../draft/CanStock.can   20148  ok
                             ../draft/CanSuccess.can   18215  ok
                                ../draft/CanSync.can   17774  ok
                               ../draft/CanTable.can   17213  ok
                                ../draft/CanTime.can   30186  ok
                               ../draft/CanTrade.can   12031  ok
                           ../draft/CanVolunteer.can   25126  known-defect codes=["E1203", "E1203"]
                           ../draft/CanWorkbench.can   15516  ok
                       ../draft/shared/Employees.can    3145  ok
                       ../draft/shared/Locations.can   11063  ok
                       ../draft/shared/Suppliers.can    1044  ok
                         ../examples/ExpenseFlow.can    8109  ok
                          ../examples/Generation.can    1410  ok
                           ../examples/TeamTasks.can    3301  ok
test golden_corpus_parses_clean ... ok
test nesting_budgets_diagnose_instead_of_crashing ... ok

test result: ok. 57 passed; 0 failed; 0 ignored; 0 measured; 0 filtered out; finished in 0.35s

     Running tests/temporal_message_types.rs (compiler/target/debug/deps/temporal_message_types-f10b261a47762231)

running 3 tests
test calendar_date_time_is_rejected_at_the_authored_literal ... ok
test temporal_formats_preserve_coverage_type_and_style_diagnostics ... ok
test calendar_dates_and_instants_have_distinct_message_formats ... ok

test result: ok. 3 passed; 0 failed; 0 ignored; 0 measured; 0 filtered out; finished in 0.01s

     Running tests/typed_artifact.rs (compiler/target/debug/deps/typed_artifact-bdd3a53d3b3f1049)

running 2 tests
test empty_artifact_has_fixed_fields_and_no_newline ... ok
test populated_artifact_preserves_order_omissions_and_embedded_json ... ok

test result: ok. 2 passed; 0 failed; 0 ignored; 0 measured; 0 filtered out; finished in 0.00s

     Running tests/typed_artifact_consumer.rs (compiler/target/debug/deps/typed_artifact_consumer-1b76d8e9cb9338d3)

running 1 test
{"consumer":"actual Cloudflare parseArtifactText + loadArtifactFile","models":1,"operations":4,"sourceHash":"14afa30baf8e05569f07c56bb8c9650d3e8b1d0e5ed7eace22e60cd8eb43817c","decimalType":"decimal","decimalScaleGate":"production decimal literal E6008; separate typed artifact fixture covers scale","maps":1}
test fresh_cli_artifact_loads_through_cloudflare ... ok

test result: ok. 1 passed; 0 failed; 0 ignored; 0 measured; 0 filtered out; finished in 0.10s

     Running tests/typed_bdd.rs (compiler/target/debug/deps/typed_bdd-56de347b75eb7960)

running 2 tests
test generated_fixture_shell_keeps_quoted_error_and_throwing_function ... ok
test generated_suite_keeps_strings_inside_executable_recipe ... ok

test result: ok. 2 passed; 0 failed; 0 ignored; 0 measured; 0 filtered out; finished in 0.00s

     Running tests/typed_descriptors.rs (compiler/target/debug/deps/typed_descriptors-1db4f47615a291e7)

running 6 tests
test unary_overflow_and_nonliteral_rejection_and_constructor_calls ... ok
test operation_order_omissions_and_present_empty_metadata ... ok
test nested_delivery_and_nominal_order ... ok
test model_order_optional_members_and_array_false ... ok
test exact_literal_scalars_nested_order_and_controls ... ok
test all_tags_and_defaults_are_closed ... ok

test result: ok. 6 passed; 0 failed; 0 ignored; 0 measured; 0 filtered out; finished in 0.00s

     Running tests/typed_diagnostics_cli.rs (compiler/target/debug/deps/typed_diagnostics_cli-d74278f2fcdd38a5)

running 1 test
test check_lint_and_fmt_diagnostics_keep_schema_order_and_one_newline ... ok

test result: ok. 1 passed; 0 failed; 0 ignored; 0 measured; 0 filtered out; finished in 0.01s

     Running tests/typed_explain.rs (compiler/target/debug/deps/typed_explain-c3e08809a9586445)

running 3 tests
test six_keys_keep_blank_values_controls_unicode_and_no_newline ... ok
test every_severity_uses_its_fixed_machine_spelling ... ok
test cli_known_code_matches_full_fixture_and_adds_one_newline ... ok

test result: ok. 3 passed; 0 failed; 0 ignored; 0 measured; 0 filtered out; finished in 0.01s

     Running tests/typed_fixes.rs (compiler/target/debug/deps/typed_fixes-5450b7a5619186ee)

running 4 tests
test every_rejection_variant_has_fixed_order_and_span_shape ... ok
test fixes_serialize_as_typed_envelope_members ... ok
test fix_field_order_controls_unicode_and_u32_bounds ... ok
test fix_list_is_ordered_and_empty_is_brackets ... ok

test result: ok. 4 passed; 0 failed; 0 ignored; 0 measured; 0 filtered out; finished in 0.00s

     Running tests/typed_fixes_cli.rs (compiler/target/debug/deps/typed_fixes_cli-ffeafcd41b01c124)

running 1 test
test lint_fix_flag_controls_presence_order_and_single_newline ... ok

test result: ok. 1 passed; 0 failed; 0 ignored; 0 measured; 0 filtered out; finished in 0.02s

     Running tests/typed_json.rs (compiler/target/debug/deps/typed_json-7cc2e1bf15318278)

running 4 tests
test typed_order_omission_null_and_exact_strings ... ok
test serialization_errors_are_reported_without_fallback_output ... ok
test raw_value_is_not_a_unicode_scalar_validator_and_input_parser_stays_strict ... ok
test qualified_raw_fragments_preserve_exact_scalar_spellings ... ok

test result: ok. 4 passed; 0 failed; 0 ignored; 0 measured; 0 filtered out; finished in 0.00s

     Running tests/typed_policy.rs (compiler/target/debug/deps/typed_policy-2e181dee377bda05)

running 4 tests
test empty_dump_has_one_serializer_newline ... ok
test multiple_records_empty_nested_arrays_and_omitted_options ... ok
test populated_dump_preserves_controls_blanks_and_inline_arrays ... ok
test real_cli_keeps_the_existing_second_trailing_newline ... ok

test result: ok. 4 passed; 0 failed; 0 ignored; 0 measured; 0 filtered out; finished in 0.01s

     Running tests/typed_reference_policy_consumers.rs (compiler/target/debug/deps/typed_reference_policy_consumers-9f73e960fedaa468)

running 2 tests
PASS typed policy: fresh CLI through actual policyDumpSections and policyPage escaping
test fresh_policy_cli_enters_actual_policy_sections_and_html_page ... ok
PASS typed reference: fresh docs CLI and extracted JSON through public Markdown renderer
test fresh_docs_cli_and_extracted_typed_json_enter_public_markdown_renderer ... ok

test result: ok. 2 passed; 0 failed; 0 ignored; 0 measured; 0 filtered out; finished in 0.70s

     Running tests/typed_references.rs (compiler/target/debug/deps/typed_references-153ed6709ab4ecc7)

running 3 tests
test empty_reference_preserves_explicit_null_and_empty_arrays ... ok
test optional_descriptions_are_omitted_only_when_none ... ok
test populated_reference_preserves_source_strings_order_and_presence ... ok

test result: ok. 3 passed; 0 failed; 0 ignored; 0 measured; 0 filtered out; finished in 0.00s

     Running tests/ui_adapter.rs (compiler/target/debug/deps/ui_adapter-fe16f8d43bfc14e7)

running 1 test
test literal_card_and_transient_tabs_reach_actual_factory ... ok

test result: ok. 1 passed; 0 failed; 0 ignored; 0 measured; 0 filtered out; finished in 0.09s

     Running tests/value_admission.rs (compiler/target/debug/deps/value_admission-fc5d376811381341)

running 1 test
{
  "node": "v24.21.0",
  "icu": "78.3",
  "entry": "file:///Users/vince/Projects/canlang/packages/values/dist/src/index.js",
  "entry_sha256": "51bbc15972a6836a4e1b4cebf6b2bd5b48e34405ff7f09062ad65b449dc1093c",
  "results": [
    {
      "id": "url_basic",
      "valid": true,
      "decoded": "https://example.com/path",
      "encoded": "https://example.com/path",
      "roundtrip": "https://example.com/path"
    },
    {
      "id": "url_unicode_panic",
      "valid": false,
      "decodeError": {
        "name": "SchemaError",
        "kind": "schema",
        "violations": [
          {
            "path": [],
            "code": "format",
            "message": "url is malformed",
            "expected": "an http(s) URL",
            "actual": "\"💥💥💥\""
          }
        ]
      },
      "encodeError": {
        "name": "ValueError",
        "kind": "value",
        "code": "invalid-construction"
      }
    },
    {
      "id": "url_bracketed_bad",
      "valid": false,
      "decodeError": {
        "name": "SchemaError",
        "kind": "schema",
        "violations": [
          {
            "path": [],
            "code": "format",
            "message": "url is malformed",
            "expected": "an http(s) URL",
            "actual": "\"https://[garbage]\""
          }
        ]
      },
      "encodeError": {
        "name": "ValueError",
        "kind": "value",
        "code": "invalid-construction"
      }
    },
    {
      "id": "url_port_high",
      "valid": false,
      "decodeError": {
        "name": "SchemaError",
        "kind": "schema",
        "violations": [
          {
            "path": [],
            "code": "format",
            "message": "url is malformed",
            "expected": "an http(s) URL",
            "actual": "\"https://host:999999\""
          }
        ]
      },
      "encodeError": {
        "name": "ValueError",
        "kind": "value",
        "code": "invalid-construction"
      }
    },
    {
      "id": "url_userinfo",
      "valid": true,
      "decoded": "https://user:pass@example.com",
      "encoded": "https://user:pass@example.com",
      "roundtrip": "https://user:pass@example.com"
    },
    {
      "id": "url_case",
      "valid": true,
      "decoded": "HTTPS://EXAMPLE.COM/a",
      "encoded": "HTTPS://EXAMPLE.COM/a",
      "roundtrip": "HTTPS://EXAMPLE.COM/a"
    },
    {
      "id": "url_unicode_host",
      "valid": true,
      "decoded": "https://é.example/a",
      "encoded": "https://é.example/a",
      "roundtrip": "https://é.example/a"
    },
    {
      "id": "url_backslash",
      "valid": true,
      "decoded": "https://example.com\\a",
      "encoded": "https://example.com\\a",
      "roundtrip": "https://example.com\\a"
    },
    {
      "id": "url_trimmed",
      "valid": true,
      "decoded": " https://example.com/a ",
      "encoded": " https://example.com/a ",
      "roundtrip": " https://example.com/a "
    },
    {
      "id": "url_space_path",
      "valid": true,
      "decoded": "https://example.com/a b",
      "encoded": "https://example.com/a b",
      "roundtrip": "https://example.com/a b"
    },
    {
      "id": "url_relative",
      "valid": false,
      "decodeError": {
        "name": "SchemaError",
        "kind": "schema",
        "violations": [
          {
            "path": [],
            "code": "format",
            "message": "url is malformed",
            "expected": "an http(s) URL",
            "actual": "\"/a\""
          }
        ]
      },
      "encodeError": {
        "name": "ValueError",
        "kind": "value",
        "code": "invalid-construction"
      }
    },
    {
      "id": "url_non_http",
      "valid": false,
      "decodeError": {
        "name": "SchemaError",
        "kind": "schema",
        "violations": [
          {
            "path": [],
            "code": "format",
            "message": "url is malformed",
            "expected": "an http(s) URL",
            "actual": "\"ftp://example.com/a\""
          }
        ]
      },
      "encodeError": {
        "name": "ValueError",
        "kind": "value",
        "code": "invalid-construction"
      }
    },
    {
      "id": "url_ipv6",
      "valid": true,
      "decoded": "https://[::1]:443/a",
      "encoded": "https://[::1]:443/a",
      "roundtrip": "https://[::1]:443/a"
    },
    {
      "id": "url_port_empty",
      "valid": true,
      "decoded": "https://example.com:/a",
      "encoded": "https://example.com:/a",
      "roundtrip": "https://example.com:/a"
    },
    {
      "id": "bracket_unclosed",
      "valid": false,
      "decodeError": {
        "name": "SchemaError",
        "kind": "schema",
        "violations": [
          {
            "path": [],
            "code": "format",
            "message": "url is malformed",
            "expected": "an http(s) URL",
            "actual": "\"https://[::1\""
          }
        ]
      },
      "encodeError": {
        "name": "ValueError",
        "kind": "value",
        "code": "invalid-construction"
      }
    },
    {
      "id": "bracket_suffix",
      "valid": false,
      "decodeError": {
        "name": "SchemaError",
        "kind": "schema",
        "violations": [
          {
            "path": [],
            "code": "format",
            "message": "url is malformed",
            "expected": "an http(s) URL",
            "actual": "\"https://[::1]junk\""
          }
        ]
      },
      "encodeError": {
        "name": "ValueError",
        "kind": "value",
        "code": "invalid-construction"
      }
    },
    {
      "id": "port_65535",
      "valid": true,
      "decoded": "https://example.com:65535",
      "encoded": "https://example.com:65535",
      "roundtrip": "https://example.com:65535"
    },
    {
      "id": "port_65536",
      "valid": false,
      "decodeError": {
        "name": "SchemaError",
        "kind": "schema",
        "violations": [
          {
            "path": [],
            "code": "format",
            "message": "url is malformed",
            "expected": "an http(s) URL",
            "actual": "\"https://example.com:65536\""
          }
        ]
      },
      "encodeError": {
        "name": "ValueError",
        "kind": "value",
        "code": "invalid-construction"
      }
    },
    {
      "id": "port_nondigit",
      "valid": false,
      "decodeError": {
        "name": "SchemaError",
        "kind": "schema",
        "violations": [
          {
            "path": [],
            "code": "format",
            "message": "url is malformed",
            "expected": "an http(s) URL",
            "actual": "\"https://example.com:abc\""
          }
        ]
      },
      "encodeError": {
        "name": "ValueError",
        "kind": "value",
        "code": "invalid-construction"
      }
    },
    {
      "id": "host_missing",
      "valid": false,
      "decodeError": {
        "name": "SchemaError",
        "kind": "schema",
        "violations": [
          {
            "path": [],
            "code": "format",
            "message": "url is malformed",
            "expected": "an http(s) URL",
            "actual": "\"https://\""
          }
        ]
      },
      "encodeError": {
        "name": "ValueError",
        "kind": "value",
        "code": "invalid-construction"
      }
    },
    {
      "id": "proto_relative",
      "valid": false,
      "decodeError": {
        "name": "SchemaError",
        "kind": "schema",
        "violations": [
          {
            "path": [],
            "code": "format",
            "message": "url is malformed",
            "expected": "an http(s) URL",
            "actual": "\"//example.com/a\""
          }
        ]
      },
      "encodeError": {
        "name": "ValueError",
        "kind": "value",
        "code": "invalid-construction"
      }
    },
    {
      "id": "http_no_slashes",
      "valid": true,
      "decoded": "http:example.com/a",
      "encoded": "http:example.com/a",
      "roundtrip": "http:example.com/a"
    },
    {
      "id": "ascii_tab",
      "valid": true,
      "decoded": "ht\ttp://example.com/a",
      "encoded": "ht\ttp://example.com/a",
      "roundtrip": "ht\ttp://example.com/a"
    },
    {
      "id": "unicode_idna",
      "valid": true,
      "decoded": "https://faß.de/a",
      "encoded": "https://faß.de/a",
      "roundtrip": "https://faß.de/a"
    },
    {
      "id": "unicode_joiner",
      "valid": false,
      "decodeError": {
        "name": "SchemaError",
        "kind": "schema",
        "violations": [
          {
            "path": [],
            "code": "format",
            "message": "url is malformed",
            "expected": "an http(s) URL",
            "actual": "\"https://a‍b.example/a\""
          }
        ]
      },
      "encodeError": {
        "name": "ValueError",
        "kind": "value",
        "code": "invalid-construction"
      }
    },
    {
      "id": "unicode_space",
      "valid": false,
      "decodeError": {
        "name": "SchemaError",
        "kind": "schema",
        "violations": [
          {
            "path": [],
            "code": "format",
            "message": "url is malformed",
            "expected": "an http(s) URL",
            "actual": "\"https://a b.example/a\""
          }
        ]
      },
      "encodeError": {
        "name": "ValueError",
        "kind": "value",
        "code": "invalid-construction"
      }
    },
    {
      "id": "ipv4_legacy",
      "valid": true,
      "decoded": "http://0x7f.1/a",
      "encoded": "http://0x7f.1/a",
      "roundtrip": "http://0x7f.1/a"
    },
    {
      "id": "host_bad_percent",
      "valid": false,
      "decodeError": {
        "name": "SchemaError",
        "kind": "schema",
        "violations": [
          {
            "path": [],
            "code": "format",
            "message": "url is malformed",
            "expected": "an http(s) URL",
            "actual": "\"https://%zz.example/a\""
          }
        ]
      },
      "encodeError": {
        "name": "ValueError",
        "kind": "value",
        "code": "invalid-construction"
      }
    },
    {
      "id": "path_bad_percent",
      "valid": true,
      "decoded": "https://example.com/%zz",
      "encoded": "https://example.com/%zz",
      "roundtrip": "https://example.com/%zz"
    }
  ],
  "trusted_origin_witnesses": 3
}
C03U: 29 actual-owner vectors and 15 production metadata defaults passed (Node v24.21.0, ICU 78.3); application execution not covered
test url_values_retain_authored_text_through_production_metadata ... ok

test result: ok. 1 passed; 0 failed; 0 ignored; 0 measured; 0 filtered out; finished in 0.15s

   Doc-tests canlang_compiler

running 0 tests

test result: ok. 0 passed; 0 failed; 0 ignored; 0 measured; 0 filtered out; finished in 0.00s

